Country name,Alpha-3,Year,Emissions excluding land use (Mt CO2),Emissions from land use (Mt CO2),RCP3PD,RCP4.5,RCP6,RCP8.5
Armenia,ARM,1850,0.0004,,,,,
Austria,AUT,1850,2.3266,,,,,
Azerbaijan,AZE,1850,0.0016,,,,,
Belarus,BLR,1850,0.0035,,,,,
Belgium,BEL,1850,9.3322,,,,,
Canada,CAN,1850,0.0586,,,,,
Denmark,DNK,1850,0.3408,,,,,
Estonia,EST,1850,0.0009,,,,,
France,FRA,1850,19.6171,,,,,
Georgia,GEO,1850,0.0008,,,,,
Germany,DEU,1850,15.1396,,,,,
Hungary,HUN,1850,0.0,,,,,
Ireland,IRL,1850,0.3957,,,,,
Kazakhstan,KAZ,1850,0.0082,,,,,
Kyrgyzstan,KGZ,1850,0.0005,,,,,
Latvia,LVA,1850,0.0005,,,,,
Lithuania,LTU,1850,0.0008,,,,,
Moldova,MDA,1850,0.0007,,,,,
Netherlands,NLD,1850,3.1364,,,,,
Norway,NOR,1850,0.1392,,,,,
Poland,POL,1850,3.2023,,,,,
Russian Federation,RUS,1850,0.0699,,,,,
Spain,ESP,1850,0.4946,,,,,
Sweden,SWE,1850,0.2015,,,,,
Tajikistan,TJK,1850,0.0003,,,,,
Turkmenistan,TKM,1850,0.0012,,,,,
Ukraine,UKR,1850,0.02,,,,,
United Kingdom,GBR,1850,122.6048,,,,,
United States of America,USA,1850,19.7929,,,,,
Uzbekistan,UZB,1850,0.0042,,,,,
World,WLD,1850,197.856,1835.5333333333335,,,,
Australia,AUS,1851,-0.0623,,,,,
Austria,AUT,1851,2.334,,,,,
Belgium,BEL,1851,10.1676,,,,,
Canada,CAN,1851,0.0696,,,,,
Denmark,DNK,1851,0.3114,,,,,
France,FRA,1851,20.0384,,,,,
Germany,DEU,1851,16.8691,,,,,
Hungary,HUN,1851,0.2748,,,,,
Netherlands,NLD,1851,3.1181,,,,,
Norway,NOR,1851,0.1502,,,,,
Poland,POL,1851,3.4588,,,,,
Spain,ESP,1851,0.5093,,,,,
Sweden,SWE,1851,0.2162,,,,,
United Kingdom,GBR,1851,116.6544,,,,,
United States of America,USA,1851,24.6331,,,,,
World,WLD,1851,197.856,1806.5666666666666,,,,
Australia,AUS,1852,-0.055,,,,,
Austria,AUT,1852,2.8103,,,,,
Belgium,BEL,1852,11.4097,,,,,
Canada,CAN,1852,0.0843,,,,,
Denmark,DNK,1852,0.3334,,,,,
France,FRA,1852,21.57,,,,,
Germany,DEU,1852,19.1737,,,,,
Hungary,HUN,1852,0.3444,,,,,
Netherlands,NLD,1852,3.7629,,,,,
Norway,NOR,1852,0.1502,,,,,
Poland,POL,1852,4.1293,,,,,
Spain,ESP,1852,0.5349,,,,,
Sweden,SWE,1852,0.2162,,,,,
United Kingdom,GBR,1852,116.2404,,,,,
United States of America,USA,1852,26.7912,,,,,
World,WLD,1852,208.848,2011.1666666666667,,,,
Australia,AUS,1853,-0.1099,,,,,
Austria,AUT,1853,3.2243,,,,,
Belgium,BEL,1853,11.7871,,,,,
Canada,CAN,1853,0.1026,,,,,
Denmark,DNK,1853,0.3591,,,,,
France,FRA,1853,25.3402,,,,,
Germany,DEU,1853,20.7602,,,,,
Hungary,HUN,1853,0.3444,,,,,
Netherlands,NLD,1853,4.1696,,,,,
Norway,NOR,1853,0.1649,,,,,
Poland,POL,1853,4.3162,,,,,
Spain,ESP,1853,0.6522,,,,,
Sweden,SWE,1853,0.2272,,,,,
United Kingdom,GBR,1853,115.5992,,,,,
United States of America,USA,1853,30.162,,,,,
World,WLD,1853,216.176,2004.9333333333332,,,,
Australia,AUS,1854,-0.1282,,,,,
Austria,AUT,1854,3.1767,,,,,
Belgium,BEL,1854,13.0585,,,,,
Canada,CAN,1854,0.1246,,,,,
Denmark,DNK,1854,0.458,,,,,
France,FRA,1854,29.2131,,,,,
Germany,DEU,1854,24.3656,,,,,
Hungary,HUN,1854,0.436,,,,,
Netherlands,NLD,1854,5.9467,,,,,
Norway,NOR,1854,0.2345,,,,,
Poland,POL,1854,4.7779,,,,,
Spain,ESP,1854,0.5496,,,,,
Sweden,SWE,1854,0.3371,,,,,
United Kingdom,GBR,1854,139.3016,,,,,
United States of America,USA,1854,33.1592,,,,,
World,WLD,1854,252.816,1997.5999999999997,,,,
Armenia,ARM,1855,0.0013,,,,,
Australia,AUS,1855,-0.1319,,,,,
Austria,AUT,1855,3.7006,,,,,
Azerbaijan,AZE,1855,0.005,,,,,
Belarus,BLR,1855,0.0107,,,,,
Belgium,BEL,1855,13.3773,,,,,
Canada,CAN,1855,0.1502,,,,,
Denmark,DNK,1855,0.4543,,,,,
Estonia,EST,1855,0.0028,,,,,
France,FRA,1855,33.0713,,,,,
Georgia,GEO,1855,0.0023,,,,,
Germany,DEU,1855,28.6158,,,,,
Hungary,HUN,1855,0.4543,,,,,
Kazakhstan,KAZ,1855,0.0248,,,,,
Kyrgyzstan,KGZ,1855,0.0016,,,,,
Latvia,LVA,1855,0.0015,,,,,
Lithuania,LTU,1855,0.0026,,,,,
Moldova,MDA,1855,0.0023,,,,,
Netherlands,NLD,1855,4.6496,,,,,
Norway,NOR,1855,0.2565,,,,,
Poland,POL,1855,5.6206,,,,,
Russian Federation,RUS,1855,0.2119,,,,,
Spain,ESP,1855,0.5533,,,,,
Sweden,SWE,1855,0.3151,,,,,
Tajikistan,TJK,1855,0.0008,,,,,
Turkmenistan,TKM,1855,0.0037,,,,,
Ukraine,UKR,1855,0.0606,,,,,
United Kingdom,GBR,1855,130.4421,,,,,
United States of America,USA,1855,38.1606,,,,,
Uzbekistan,UZB,1855,0.0127,,,,,
World,WLD,1855,260.144,1987.7,,,,
Australia,AUS,1856,-0.1832,,,,,
Austria,AUT,1856,4.2319,,,,,
Belgium,BEL,1856,13.2124,,,,,
Canada,CAN,1856,0.1795,,,,,
Denmark,DNK,1856,0.6485,,,,,
France,FRA,1856,34.6321,,,,,
Germany,DEU,1856,30.9242,,,,,
Hungary,HUN,1856,0.4763,,,,,
Netherlands,NLD,1856,4.7229,,,,,
Norway,NOR,1856,0.3041,,,,,
Poland,POL,1856,6.3167,,,,,
Spain,ESP,1856,0.7548,,,,,
Sweden,SWE,1856,0.4763,,,,,
United Kingdom,GBR,1856,140.3752,,,,,
United States of America,USA,1856,40.0365,,,,,
World,WLD,1856,278.464,2008.2333333333336,,,,
Australia,AUS,1857,-0.2088,,,,,
Austria,AUT,1857,4.8731,,,,,
Belgium,BEL,1857,13.7547,,,,,
Canada,CAN,1857,0.2162,,,,,
Denmark,DNK,1857,0.6632,,,,,
France,FRA,1857,35.2807,,,,,
Germany,DEU,1857,32.9394,,,,,
Hungary,HUN,1857,0.5459,,,,,
Netherlands,NLD,1857,4.2173,,,,,
Norway,NOR,1857,0.3041,,,,,
Poland,POL,1857,6.7161,,,,,
Romania,ROU,1857,0.0,,,,,
Spain,ESP,1857,0.85,,,,,
Sweden,SWE,1857,0.6119,,,,,
United Kingdom,GBR,1857,137.8617,,,,,
United States of America,USA,1857,41.0551,,,,,
World,WLD,1857,282.128,2028.7666666666664,,,,
Armenia,ARM,1858,0.0018,,,,,
Australia,AUS,1858,-0.2455,,,,,
Austria,AUT,1858,7.2437,,,,,
Azerbaijan,AZE,1858,0.007,,,,,
Belarus,BLR,1858,0.0151,,,,,
Belgium,BEL,1858,14.4508,,,,,
Canada,CAN,1858,0.2638,,,,,
Denmark,DNK,1858,0.491,,,,,
Estonia,EST,1858,0.0039,,,,,
France,FRA,1858,34.5955,,,,,
Georgia,GEO,1858,0.0032,,,,,
Germany,DEU,1858,35.6104,,,,,
Hungary,HUN,1858,0.3811,,,,,
India,IND,1858,0.436,,,,,
Kazakhstan,KAZ,1858,0.0348,,,,,
Kyrgyzstan,KGZ,1858,0.0022,,,,,
Latvia,LVA,1858,0.0022,,,,,
Lithuania,LTU,1858,0.0036,,,,,
Moldova,MDA,1858,0.0032,,,,,
Netherlands,NLD,1858,3.708,,,,,
Norway,NOR,1858,0.2675,,,,,
Poland,POL,1858,7.7054,,,,,
Romania,ROU,1858,0.0037,,,,,
Russian Federation,RUS,1858,0.2976,,,,,
Spain,ESP,1858,1.1505,,,,,
Sweden,SWE,1858,0.513,,,,,
Switzerland,CHE,1858,0.1466,,,,,
Tajikistan,TJK,1858,0.0011,,,,,
Turkmenistan,TKM,1858,0.0051,,,,,
Ukraine,UKR,1858,0.0851,,,,,
United Kingdom,GBR,1858,135.1137,,,,,
United States of America,USA,1858,41.6487,,,,,
Uzbekistan,UZB,1858,0.0178,,,,,
World,WLD,1858,285.792,2048.2000000000003,,,,
Armenia,ARM,1859,0.0019,,,,,
Australia,AUS,1859,-0.3774,,,,,
Austria,AUT,1859,5.8661,,,,,
Azerbaijan,AZE,1859,0.0074,,,,,
Belarus,BLR,1859,0.016,,,,,
Belgium,BEL,1859,14.8978,,,,,
Canada,CAN,1859,0.3151,,,,,
Denmark,DNK,1859,0.6265,,,,,
Estonia,EST,1859,0.0041,,,,,
France,FRA,1859,34.9949,,,,,
Georgia,GEO,1859,0.0034,,,,,
Germany,DEU,1859,33.8077,,,,,
Hungary,HUN,1859,0.7694,,,,,
India,IND,1859,0.7035,,,,,
Kazakhstan,KAZ,1859,0.0369,,,,,
Kyrgyzstan,KGZ,1859,0.0023,,,,,
Latvia,LVA,1859,0.0023,,,,,
Lithuania,LTU,1859,0.0038,,,,,
Moldova,MDA,1859,0.0034,,,,,
Netherlands,NLD,1859,3.5248,,,,,
Norway,NOR,1859,0.3261,,,,,
Poland,POL,1859,7.1118,,,,,
Romania,ROU,1859,0.0037,,,,,
Russian Federation,RUS,1859,0.3156,,,,,
Spain,ESP,1859,1.6305,,,,,
Sweden,SWE,1859,0.7548,,,,,
Switzerland,CHE,1859,0.2052,,,,,
Tajikistan,TJK,1859,0.0012,,,,,
Turkmenistan,TKM,1859,0.0054,,,,,
Ukraine,UKR,1859,0.0902,,,,,
United Kingdom,GBR,1859,150.0152,,,,,
United States of America,USA,1859,45.32,,,,,
Uzbekistan,UZB,1859,0.0189,,,,,
World,WLD,1859,304.112,2068.0,,,,
Armenia,ARM,1860,0.0026,,,,,
Australia,AUS,1860,0.2785,,,,,
Austria,AUT,1860,6.1482,,,,,
Azerbaijan,AZE,1860,0.0098,,,,,
Belarus,BLR,1860,0.0212,,,,,
Belgium,BEL,1860,15.2129,,,,,
Canada,CAN,1860,0.3811,,,,,
Czech Republic,CZE,1860,0.2096,,,,,
Denmark,DNK,1860,0.5423,,,,,
Estonia,EST,1860,0.0054,,,,,
Finland,FIN,1860,0.0366,,,,,
France,FRA,1860,38.1349,,,,,
Georgia,GEO,1860,0.0045,,,,,
Germany,DEU,1860,36.3945,,,,,
Hungary,HUN,1860,0.905,,,,,
India,IND,1860,0.7108,,,,,
Italy,ITA,1860,0.0293,,,,,
Kazakhstan,KAZ,1860,0.0488,,,,,
Kyrgyzstan,KGZ,1860,0.0031,,,,,
Latvia,LVA,1860,0.003,,,,,
Lithuania,LTU,1860,0.0051,,,,,
Moldova,MDA,1860,0.0045,,,,,
Netherlands,NLD,1860,4.7962,,,,,
Norway,NOR,1860,0.3334,,,,,
Poland,POL,1860,7.4856,,,,,
Romania,ROU,1860,0.0037,,,,,
Russian Federation,RUS,1860,0.4171,,,,,
Slovakia,SVK,1860,0.0579,,,,,
Spain,ESP,1860,1.9309,,,,,
Sweden,SWE,1860,0.7511,,,,,
Switzerland,CHE,1860,0.3041,,,,,
Tajikistan,TJK,1860,0.0015,,,,,
Turkmenistan,TKM,1860,0.0072,,,,,
Ukraine,UKR,1860,0.1192,,,,,
United Kingdom,GBR,1860,167.9504,,,,,
United States of America,USA,1860,47.4341,,,,,
Uzbekistan,UZB,1860,0.0249,,,,,
World,WLD,1860,333.424,2086.3333333333335,,,,
Armenia,ARM,1861,0.0033,,,,,
Australia,AUS,1861,0.5093,,,,,
Austria,AUT,1861,6.379,,,,,
Azerbaijan,AZE,1861,0.0125,,,,,
Belarus,BLR,1861,0.027,,,,,
Belgium,BEL,1861,16.4587,,,,,
Canada,CAN,1861,0.458,,,,,
Czech Republic,CZE,1861,0.689,,,,,
Denmark,DNK,1861,0.7841,,,,,
Estonia,EST,1861,0.0069,,,,,
Finland,FIN,1861,0.0733,,,,,
France,FRA,1861,41.242,,,,,
Georgia,GEO,1861,0.0057,,,,,
Germany,DEU,1861,41.3299,,,,,
Hungary,HUN,1861,0.96,,,,,
India,IND,1861,0.5496,,,,,
Italy,ITA,1861,0.6705,,,,,
Kazakhstan,KAZ,1861,0.0623,,,,,
Kyrgyzstan,KGZ,1861,0.0039,,,,,
Latvia,LVA,1861,0.0039,,,,,
Lithuania,LTU,1861,0.0065,,,,,
Moldova,MDA,1861,0.0057,,,,,
Netherlands,NLD,1861,4.4041,,,,,
Norway,NOR,1861,0.4287,,,,,
Poland,POL,1861,7.6688,,,,,
Romania,ROU,1861,0.0073,,,,,
Russian Federation,RUS,1861,0.5321,,,,,
Slovakia,SVK,1861,0.1904,,,,,
Spain,ESP,1861,2.0042,,,,,
Sweden,SWE,1861,0.9673,,,,,
Switzerland,CHE,1861,0.425,,,,,
Tajikistan,TJK,1861,0.002,,,,,
Turkmenistan,TKM,1861,0.0092,,,,,
Ukraine,UKR,1861,0.1521,,,,,
United Kingdom,GBR,1861,175.0439,,,,,
United States of America,USA,1861,45.6791,,,,,
Uzbekistan,UZB,1861,0.0318,,,,,
World,WLD,1861,348.08,2125.2000000000003,,,,
Armenia,ARM,1862,0.0029,,,,,
Australia,AUS,1862,0.3554,,,,,
Austria,AUT,1862,6.3534,,,,,
Azerbaijan,AZE,1862,0.0112,,,,,
Belarus,BLR,1862,0.0242,,,,,
Belgium,BEL,1862,16.3451,,,,,
Canada,CAN,1862,0.5606,,,,,
Czech Republic,CZE,1862,1.1712,,,,,
Denmark,DNK,1862,0.6778,,,,,
Estonia,EST,1862,0.0062,,,,,
Finland,FIN,1862,0.0733,,,,,
France,FRA,1862,43.5247,,,,,
Georgia,GEO,1862,0.0051,,,,,
Germany,DEU,1862,45.5399,,,,,
Hungary,HUN,1862,1.1578,,,,,
India,IND,1862,0.6082,,,,,
Italy,ITA,1862,1.2274,,,,,
Kazakhstan,KAZ,1862,0.0559,,,,,
Kyrgyzstan,KGZ,1862,0.0035,,,,,
Latvia,LVA,1862,0.0035,,,,,
Lithuania,LTU,1862,0.0058,,,,,
Moldova,MDA,1862,0.0051,,,,,
Netherlands,NLD,1862,5.6719,,,,,
Norway,NOR,1862,0.3701,,,,,
Poland,POL,1862,8.8046,,,,,
Romania,ROU,1862,0.011,,,,,
Russian Federation,RUS,1862,0.478,,,,,
Slovakia,SVK,1862,0.3237,,,,,
Spain,ESP,1862,2.1874,,,,,
Sweden,SWE,1862,0.9856,,,,,
Switzerland,CHE,1862,0.469,,,,,
Tajikistan,TJK,1862,0.0018,,,,,
Turkmenistan,TKM,1862,0.0082,,,,,
Ukraine,UKR,1862,0.1366,,,,,
United Kingdom,GBR,1862,169.471,,,,,
United States of America,USA,1862,47.4525,,,,,
Uzbekistan,UZB,1862,0.0285,,,,,
World,WLD,1862,351.744,1909.9666666666665,,,,
Armenia,ARM,1863,0.0031,,,,,
Australia,AUS,1863,0.3994,,,,,
Austria,AUT,1863,5.8771,,,,,
Azerbaijan,AZE,1863,0.0118,,,,,
Belarus,BLR,1863,0.0254,,,,,
Belgium,BEL,1863,17.2281,,,,,
Canada,CAN,1863,0.6998,,,,,
Czech Republic,CZE,1863,1.6535,,,,,
Denmark,DNK,1863,0.7548,,,,,
Estonia,EST,1863,0.0065,,,,,
Finland,FIN,1863,0.0769,,,,,
France,FRA,1863,44.1878,,,,,
Georgia,GEO,1863,0.0054,,,,,
Germany,DEU,1863,49.3834,,,,,
Hungary,HUN,1863,1.2091,,,,,
India,IND,1863,0.6742,,,,,
Italy,ITA,1863,1.0699,,,,,
Kazakhstan,KAZ,1863,0.0586,,,,,
Kyrgyzstan,KGZ,1863,0.0037,,,,,
Latvia,LVA,1863,0.0036,,,,,
Lithuania,LTU,1863,0.0061,,,,,
Moldova,MDA,1863,0.0054,,,,,
Netherlands,NLD,1863,4.0854,,,,,
Norway,NOR,1863,0.3627,,,,,
Poland,POL,1863,10.054,,,,,
Romania,ROU,1863,0.011,,,,,
Russian Federation,RUS,1863,0.5005,,,,,
Slovakia,SVK,1863,0.457,,,,,
Spain,ESP,1863,2.4329,,,,,
Sweden,SWE,1863,0.9856,,,,,
Switzerland,CHE,1863,0.469,,,,,
Tajikistan,TJK,1863,0.0019,,,,,
Turkmenistan,TKM,1863,0.0086,,,,,
Ukraine,UKR,1863,0.1431,,,,,
United Kingdom,GBR,1863,180.2248,,,,,
United States of America,USA,1863,54.8098,,,,,
Uzbekistan,UZB,1863,0.0299,,,,,
World,WLD,1863,377.392,1910.7,,,,
Armenia,ARM,1864,0.0035,,,,,
Australia,AUS,1864,0.2675,,,,,
Austria,AUT,1864,5.0783,,,,,
Azerbaijan,AZE,1864,0.0132,,,,,
Belarus,BLR,1864,0.0285,,,,,
Belgium,BEL,1864,18.0818,,,,,
Canada,CAN,1864,0.8427,,,,,
Czech Republic,CZE,1864,2.1358,,,,,
Denmark,DNK,1864,0.6485,,,,,
Estonia,EST,1864,0.0073,,,,,
Finland,FIN,1864,0.0476,,,,,
France,FRA,1864,46.8296,,,,,
Georgia,GEO,1864,0.006,,,,,
Germany,DEU,1864,56.6418,,,,,
Hungary,HUN,1864,1.2091,,,,,
India,IND,1864,0.6375,,,,,
Italy,ITA,1864,1.6048,,,,,
Kazakhstan,KAZ,1864,0.0657,,,,,
Kyrgyzstan,KGZ,1864,0.0041,,,,,
Latvia,LVA,1864,0.0041,,,,,
Lithuania,LTU,1864,0.0068,,,,,
Moldova,MDA,1864,0.006,,,,,
Netherlands,NLD,1864,3.4039,,,,,
Norway,NOR,1864,0.4763,,,,,
Poland,POL,1864,11.2192,,,,,
Romania,ROU,1864,0.0147,,,,,
Russian Federation,RUS,1864,0.5614,,,,,
Slovakia,SVK,1864,0.5902,,,,,
Spain,ESP,1864,2.334,,,,,
Sweden,SWE,1864,1.0369,,,,,
Switzerland,CHE,1864,0.5716,,,,,
Tajikistan,TJK,1864,0.0021,,,,,
Turkmenistan,TKM,1864,0.0097,,,,,
Ukraine,UKR,1864,0.1605,,,,,
United Kingdom,GBR,1864,193.9062,,,,,
United States of America,USA,1864,58.657,,,,,
Uzbekistan,UZB,1864,0.0335,,,,,
World,WLD,1864,410.368,1912.5333333333335,,,,
Armenia,ARM,1865,0.0033,,,,,
Australia,AUS,1865,0.4214,,,,,
Austria,AUT,1865,5.3531,,,,,
Azerbaijan,AZE,1865,0.0126,,,,,
Belarus,BLR,1865,0.0272,,,,,
Belgium,BEL,1865,19.0601,,,,,
Canada,CAN,1865,1.0186,,,,,
Czech Republic,CZE,1865,2.6181,,,,,
Denmark,DNK,1865,1.0149,,,,,
Estonia,EST,1865,0.007,,,,,
Finland,FIN,1865,0.0623,,,,,
France,FRA,1865,49.3028,,,,,
Georgia,GEO,1865,0.0058,,,,,
Germany,DEU,1865,63.4678,,,,,
Hungary,HUN,1865,1.2568,,,,,
India,IND,1865,0.6265,,,,,
Italy,ITA,1865,1.2714,,,,,
Kazakhstan,KAZ,1865,0.0628,,,,,
Kyrgyzstan,KGZ,1865,0.0039,,,,,
Latvia,LVA,1865,0.0039,,,,,
Lithuania,LTU,1865,0.0065,,,,,
Moldova,MDA,1865,0.0057,,,,,
Netherlands,NLD,1865,3.8472,,,,,
Norway,NOR,1865,0.4727,,,,,
Poland,POL,1865,12.421,,,,,
Romania,ROU,1865,0.0147,,,,,
Russian Federation,RUS,1865,0.5366,,,,,
Slovakia,SVK,1865,0.7235,,,,,
Spain,ESP,1865,2.3047,,,,,
Sweden,SWE,1865,1.0809,,,,,
Switzerland,CHE,1865,0.6962,,,,,
Tajikistan,TJK,1865,0.002,,,,,
Turkey,TUR,1865,0.1502,,,,,
Turkmenistan,TKM,1865,0.0092,,,,,
Ukraine,UKR,1865,0.1534,,,,,
United Kingdom,GBR,1865,205.4881,,,,,
United States of America,USA,1865,58.8219,,,,,
Uzbekistan,UZB,1865,0.032,,,,,
World,WLD,1865,436.016,1915.4666666666665,,,,
Armenia,ARM,1866,0.0105,,,,,
Australia,AUS,1866,0.6962,,,,,
Austria,AUT,1866,3.5944,,,,,
Azerbaijan,AZE,1866,0.0398,,,,,
Belarus,BLR,1866,0.086,,,,,
Belgium,BEL,1866,20.5294,,,,,
Canada,CAN,1866,1.2421,,,,,
Czech Republic,CZE,1866,3.1003,,,,,
Denmark,DNK,1866,0.938,,,,,
Estonia,EST,1866,0.0221,,,,,
Finland,FIN,1866,0.0696,,,,,
France,FRA,1866,53.5604,,,,,
Georgia,GEO,1866,0.0182,,,,,
Germany,DEU,1866,62.9072,,,,,
Hungary,HUN,1866,1.429,,,,,
India,IND,1866,0.7072,,,,,
Italy,ITA,1866,1.4766,,,,,
Kazakhstan,KAZ,1866,0.1984,,,,,
Kyrgyzstan,KGZ,1866,0.0124,,,,,
Latvia,LVA,1866,0.0123,,,,,
Lithuania,LTU,1866,0.0206,,,,,
Moldova,MDA,1866,0.0182,,,,,
Netherlands,NLD,1866,4.2173,,,,,
Norway,NOR,1866,0.5203,,,,,
Poland,POL,1866,12.1535,,,,,
Romania,ROU,1866,0.0183,,,,,
Russian Federation,RUS,1866,1.6954,,,,,
Slovakia,SVK,1866,0.8568,,,,,
Spain,ESP,1866,2.29,,,,,
Sweden,SWE,1866,1.1102,,,,,
Switzerland,CHE,1866,0.6888,,,,,
Tajikistan,TJK,1866,0.0063,,,,,
Turkey,TUR,1866,0.2088,,,,,
Turkmenistan,TKM,1866,0.0292,,,,,
Ukraine,UKR,1866,0.4847,,,,,
United Kingdom,GBR,1866,211.7316,,,,,
United States of America,USA,1866,59.2322,,,,,
Uzbekistan,UZB,1866,0.1013,,,,,
World,WLD,1866,447.008,1915.8333333333333,,,,
Armenia,ARM,1867,0.012,,,,,
Australia,AUS,1867,0.894,,,,,
Austria,AUT,1867,4.9134,,,,,
Azerbaijan,AZE,1867,0.0457,,,,,
Belarus,BLR,1867,0.0986,,,,,
Belgium,BEL,1867,22.2332,,,,,
Canada,CAN,1867,1.5938,,,,,
Czech Republic,CZE,1867,3.5797,,,,,
Denmark,DNK,1867,0.916,,,,,
Estonia,EST,1867,0.0253,,,,,
Finland,FIN,1867,0.0623,,,,,
France,FRA,1867,54.2785,,,,,
Georgia,GEO,1867,0.0209,,,,,
Germany,DEU,1867,69.1543,,,,,
Greece,GRC,1867,0.1685,,,,,
Hungary,HUN,1867,1.6891,,,,,
Italy,ITA,1867,1.4693,,,,,
Kazakhstan,KAZ,1867,0.2274,,,,,
Kyrgyzstan,KGZ,1867,0.0143,,,,,
Latvia,LVA,1867,0.0141,,,,,
Lithuania,LTU,1867,0.0236,,,,,
Moldova,MDA,1867,0.0208,,,,,
Netherlands,NLD,1867,4.0414,,,,,
Norway,NOR,1867,0.6229,,,,,
Poland,POL,1867,13.293,,,,,
Romania,ROU,1867,0.022,,,,,
Russian Federation,RUS,1867,1.9434,,,,,
Slovakia,SVK,1867,0.9893,,,,,
Spain,ESP,1867,2.5575,,,,,
Sweden,SWE,1867,1.0332,,,,,
Switzerland,CHE,1867,0.6742,,,,,
Tajikistan,TJK,1867,0.0072,,,,,
Turkey,TUR,1867,0.2272,,,,,
Turkmenistan,TKM,1867,0.0335,,,,,
Ukraine,UKR,1867,0.5556,,,,,
United Kingdom,GBR,1867,217.3741,,,,,
United States of America,USA,1867,72.8623,,,,,
Uzbekistan,UZB,1867,0.1161,,,,,
World,WLD,1867,476.32,1909.5999999999997,,,,
Armenia,ARM,1868,0.01,,,,,
Australia,AUS,1868,0.7328,,,,,
Austria,AUT,1868,6.0749,,,,,
Azerbaijan,AZE,1868,0.038,,,,,
Belarus,BLR,1868,0.0821,,,,,
Belgium,BEL,1868,20.1007,,,,,
Canada,CAN,1868,0.9453,,,,,
Czech Republic,CZE,1868,4.062,,,,,
Denmark,DNK,1868,1.0845,,,,,
Estonia,EST,1868,0.0211,,,,,
Finland,FIN,1868,0.0879,,,,,
France,FRA,1868,55.5279,,,,,
Georgia,GEO,1868,0.0174,,,,,
Germany,DEU,1868,74.3682,,,,,
Greece,GRC,1868,0.0843,,,,,
Hungary,HUN,1868,1.8064,,,,,
Italy,ITA,1868,1.6964,,,,,
Kazakhstan,KAZ,1868,0.1894,,,,,
Kyrgyzstan,KGZ,1868,0.0119,,,,,
Latvia,LVA,1868,0.0118,,,,,
Lithuania,LTU,1868,0.0197,,,,,
Moldova,MDA,1868,0.0173,,,,,
Netherlands,NLD,1868,4.2392,,,,,
Norway,NOR,1868,0.6339,,,,,
Poland,POL,1868,15.1177,,,,,
Romania,ROU,1868,0.0256,,,,,
Russian Federation,RUS,1868,1.6188,,,,,
Slovakia,SVK,1868,1.1226,,,,,
Spain,ESP,1868,2.6601,,,,,
Sweden,SWE,1868,1.2238,,,,,
Switzerland,CHE,1868,0.7694,,,,,
Tajikistan,TJK,1868,0.006,,,,,
Turkey,TUR,1868,0.1759,,,,,
Turkmenistan,TKM,1868,0.0279,,,,,
Ukraine,UKR,1868,0.4627,,,,,
United Kingdom,GBR,1868,213.2192,,,,,
United States of America,USA,1868,82.3521,,,,,
Uzbekistan,UZB,1868,0.0967,,,,,
World,WLD,1868,490.976,1903.7333333333336,,,,
Armenia,ARM,1869,0.0135,,,,,
Australia,AUS,1869,0.6412,,,,,
Austria,AUT,1869,6.4853,,,,,
Azerbaijan,AZE,1869,0.0516,,,,,
Belarus,BLR,1869,0.1114,,,,,
Belgium,BEL,1869,21.6506,,,,,
Canada,CAN,1869,0.6852,,,,,
Czech Republic,CZE,1869,4.5443,,,,,
Denmark,DNK,1869,0.9453,,,,,
Estonia,EST,1869,0.0286,,,,,
Finland,FIN,1869,0.0696,,,,,
France,FRA,1869,56.9422,,,,,
Georgia,GEO,1869,0.0236,,,,,
Germany,DEU,1869,77.5925,,,,,
Greece,GRC,1869,0.1942,,,,,
Hungary,HUN,1869,1.9639,,,,,
Italy,ITA,1869,1.8723,,,,,
Kazakhstan,KAZ,1869,0.2569,,,,,
Kyrgyzstan,KGZ,1869,0.0161,,,,,
Latvia,LVA,1869,0.016,,,,,
Lithuania,LTU,1869,0.0267,,,,,
Moldova,MDA,1869,0.0235,,,,,
Netherlands,NLD,1869,4.3712,,,,,
Norway,NOR,1869,0.5533,,,,,
Poland,POL,1869,15.6123,,,,,
Romania,ROU,1869,0.0256,,,,,
Russian Federation,RUS,1869,2.196,,,,,
Slovakia,SVK,1869,1.2558,,,,,
Spain,ESP,1869,2.6381,,,,,
Sweden,SWE,1869,1.0882,,,,,
Switzerland,CHE,1869,0.7438,,,,,
Tajikistan,TJK,1869,0.0081,,,,,
Turkey,TUR,1869,0.2675,,,,,
Turkmenistan,TKM,1869,0.0378,,,,,
Ukraine,UKR,1869,0.6277,,,,,
United Kingdom,GBR,1869,223.7055,,,,,
United States of America,USA,1869,93.6958,,,,,
Uzbekistan,UZB,1869,0.1311,,,,,
World,WLD,1869,520.288,1897.5,,,,
Armenia,ARM,1870,0.0147,,,,,
Australia,AUS,1870,0.6009,,,,,
Austria,AUT,1870,7.3646,,,,,
Azerbaijan,AZE,1870,0.056,,,,,
Belarus,BLR,1870,0.1208,,,,,
Belgium,BEL,1870,24.7467,,,,,
Canada,CAN,1870,1.2238,,,,,
Czech Republic,CZE,1870,5.0266,,,,,
Denmark,DNK,1870,1.1432,,,,,
Estonia,EST,1870,0.0311,,,,,
Finland,FIN,1870,0.0916,,,,,
France,FRA,1870,50.5376,,,,,
Georgia,GEO,1870,0.0256,,,,,
Germany,DEU,1870,76.6362,,,,,
Greece,GRC,1870,0.2015,,,,,
Hungary,HUN,1870,2.1215,,,,,
Italy,ITA,1870,2.6784,,,,,
Kazakhstan,KAZ,1870,0.2788,,,,,
Kyrgyzstan,KGZ,1870,0.0175,,,,,
Latvia,LVA,1870,0.0173,,,,,
Lithuania,LTU,1870,0.0289,,,,,
Moldova,MDA,1870,0.0255,,,,,
Netherlands,NLD,1870,4.9427,,,,,
Norway,NOR,1870,0.6302,,,,,
Poland,POL,1870,16.6639,,,,,
Portugal,PRT,1870,0.022,,,,,
Romania,ROU,1870,0.0366,,,,,
Russian Federation,RUS,1870,2.3831,,,,,
Slovakia,SVK,1870,1.3891,,,,,
Spain,ESP,1870,3.0741,,,,,
Sweden,SWE,1870,1.341,,,,,
Switzerland,CHE,1870,0.8977,,,,,
Tajikistan,TJK,1870,0.0088,,,,,
Turkey,TUR,1870,0.1576,,,,,
Turkmenistan,TKM,1870,0.0411,,,,,
Ukraine,UKR,1870,0.6812,,,,,
United Kingdom,GBR,1870,228.498,,,,,
United States of America,USA,1870,98.6202,,,,,
Uzbekistan,UZB,1870,0.1423,,,,,
World,WLD,1870,538.608,1893.0999999999997,,,,
Armenia,ARM,1871,0.0198,,,,,
Australia,AUS,1871,0.6925,,,,,
Austria,AUT,1871,10.1383,,,,,
Azerbaijan,AZE,1871,0.0756,,,,,
Belarus,BLR,1871,0.1632,,,,,
Belgium,BEL,1871,23.7171,,,,,
Canada,CAN,1871,1.777,,,,,
Czech Republic,CZE,1871,5.5088,,,,,
Denmark,DNK,1871,1.1871,,,,,
Estonia,EST,1871,0.0419,,,,,
Finland,FIN,1871,0.1136,,,,,
France,FRA,1871,50.2628,,,,,
Georgia,GEO,1871,0.0346,,,,,
Germany,DEU,1871,85.3492,,,,,
Greece,GRC,1871,0.2968,,,,,
Hungary,HUN,1871,2.6308,,,,,
Italy,ITA,1871,2.3083,,,,,
Kazakhstan,KAZ,1871,0.3764,,,,,
Kyrgyzstan,KGZ,1871,0.0236,,,,,
Latvia,LVA,1871,0.0234,,,,,
Lithuania,LTU,1871,0.0391,,,,,
Moldova,MDA,1871,0.0344,,,,,
Netherlands,NLD,1871,4.9794,,,,,
Norway,NOR,1871,0.6119,,,,,
Poland,POL,1871,18.9722,,,,,
Portugal,PRT,1871,0.0366,,,,,
Romania,ROU,1871,0.0403,,,,,
Russian Federation,RUS,1871,3.2173,,,,,
Slovakia,SVK,1871,1.5224,,,,,
Spain,ESP,1871,2.9385,,,,,
Sweden,SWE,1871,1.4363,,,,,
Switzerland,CHE,1871,1.1102,,,,,
Tajikistan,TJK,1871,0.0119,,,,,
Turkey,TUR,1871,0.1979,,,,,
Turkmenistan,TKM,1871,0.0554,,,,,
Ukraine,UKR,1871,0.9197,,,,,
United Kingdom,GBR,1871,242.0365,,,,,
United States of America,USA,1871,103.0207,,,,,
Uzbekistan,UZB,1871,0.1921,,,,,
World,WLD,1871,575.248,1967.9000000000003,,,,
Armenia,ARM,1872,0.0204,,,,,
Australia,AUS,1872,0.7072,,,,,
Austria,AUT,1872,10.0064,,,,,
Azerbaijan,AZE,1872,0.0776,,,,,
Belarus,BLR,1872,0.1675,,,,,
Belgium,BEL,1872,25.5894,,,,,
Canada,CAN,1872,1.843,,,,,
Czech Republic,CZE,1872,5.9882,,,,,
Denmark,DNK,1872,1.1395,,,,,
Estonia,EST,1872,0.0431,,,,,
Finland,FIN,1872,0.0916,,,,,
France,FRA,1872,60.925,,,,,
Georgia,GEO,1872,0.0355,,,,,
Germany,DEU,1872,92.113,,,,,
Greece,GRC,1872,0.1759,,,,,
Hungary,HUN,1872,2.7956,,,,,
Italy,ITA,1872,2.9715,,,,,
Kazakhstan,KAZ,1872,0.3865,,,,,
Kyrgyzstan,KGZ,1872,0.0242,,,,,
Latvia,LVA,1872,0.024,,,,,
Lithuania,LTU,1872,0.0401,,,,,
Moldova,MDA,1872,0.0354,,,,,
Netherlands,NLD,1872,5.3311,,,,,
Norway,NOR,1872,0.6559,,,,,
Poland,POL,1872,20.632,,,,,
Portugal,PRT,1872,0.5203,,,,,
Romania,ROU,1872,0.0403,,,,,
Russian Federation,RUS,1872,3.303,,,,,
Slovakia,SVK,1872,1.6549,,,,,
Spain,ESP,1872,3.261,,,,,
Sweden,SWE,1872,1.7111,,,,,
Switzerland,CHE,1872,1.2751,,,,,
Tajikistan,TJK,1872,0.0123,,,,,
Turkey,TUR,1872,0.2455,,,,,
Turkmenistan,TKM,1872,0.0569,,,,,
Ukraine,UKR,1872,0.9442,,,,,
United Kingdom,GBR,1872,254.9888,,,,,
United States of America,USA,1872,126.3054,,,,,
Uzbekistan,UZB,1872,0.1973,,,,,
World,WLD,1872,637.536,2285.066666666667,,,,
Armenia,ARM,1873,0.0191,,,,,
Australia,AUS,1873,0.8684,,,,,
Austria,AUT,1873,10.7282,,,,,
Azerbaijan,AZE,1873,0.0728,,,,,
Belarus,BLR,1873,0.1572,,,,,
Belgium,BEL,1873,28.1065,,,,,
Canada,CAN,1873,1.6085,,,,,
Czech Republic,CZE,1873,6.4705,,,,,
Denmark,DNK,1873,1.1505,,,,,
Estonia,EST,1873,0.0404,,,,,
Finland,FIN,1873,0.0879,,,,,
France,FRA,1873,65.8494,,,,,
Georgia,GEO,1873,0.0333,,,,,
Germany,DEU,1873,98.3674,,,,,
Greece,GRC,1873,0.1942,,,,,
Hungary,HUN,1873,2.9165,,,,,
Italy,ITA,1873,2.77,,,,,
Kazakhstan,KAZ,1873,0.3627,,,,,
Kyrgyzstan,KGZ,1873,0.0227,,,,,
Latvia,LVA,1873,0.0226,,,,,
Lithuania,LTU,1873,0.0376,,,,,
Moldova,MDA,1873,0.0332,,,,,
Netherlands,NLD,1873,5.1369,,,,,
Norway,NOR,1873,0.6559,,,,,
Poland,POL,1873,22.3504,,,,,
Portugal,PRT,1873,0.7255,,,,,
Romania,ROU,1873,0.044,,,,,
Russian Federation,RUS,1873,3.1,,,,,
Slovakia,SVK,1873,1.7882,,,,,
Spain,ESP,1873,3.1364,,,,,
Sweden,SWE,1873,1.7367,,,,,
Switzerland,CHE,1873,1.2421,,,,,
Tajikistan,TJK,1873,0.0115,,,,,
Turkey,TUR,1873,0.2382,,,,,
Turkmenistan,TKM,1873,0.0534,,,,,
Ukraine,UKR,1873,0.8862,,,,,
United Kingdom,GBR,1873,264.658,,,,,
United States of America,USA,1873,139.5068,,,,,
Uzbekistan,UZB,1873,0.1851,,,,,
World,WLD,1873,674.176,2325.0333333333333,,,,
Armenia,ARM,1874,0.0232,,,,,
Australia,AUS,1874,0.8904,,,,,
Austria,AUT,1874,9.1527,,,,,
Azerbaijan,AZE,1874,0.0885,,,,,
Belarus,BLR,1874,0.1909,,,,,
Belgium,BEL,1874,25.9155,,,,,
Canada,CAN,1874,1.6195,,,,,
Czech Republic,CZE,1874,6.9528,,,,,
Denmark,DNK,1874,1.2421,,,,,
Estonia,EST,1874,0.0491,,,,,
Finland,FIN,1874,0.1282,,,,,
France,FRA,1874,62.6434,,,,,
Georgia,GEO,1874,0.0404,,,,,
Germany,DEU,1874,71.5946,,,,,
Greece,GRC,1874,0.1502,,,,,
Hungary,HUN,1874,2.5575,,,,,
Italy,ITA,1874,2.9972,,,,,
Kazakhstan,KAZ,1874,0.4405,,,,,
Kyrgyzstan,KGZ,1874,0.0276,,,,,
Latvia,LVA,1874,0.0274,,,,,
Lithuania,LTU,1874,0.0457,,,,,
Moldova,MDA,1874,0.0403,,,,,
Netherlands,NLD,1874,4.7376,,,,,
Norway,NOR,1874,0.8171,,,,,
Poland,POL,1874,24.5012,,,,,
Portugal,PRT,1874,0.5313,,,,,
Romania,ROU,1874,0.044,,,,,
Russian Federation,RUS,1874,3.7651,,,,,
Slovakia,SVK,1874,1.9214,,,,,
Spain,ESP,1874,3.1181,,,,,
Sweden,SWE,1874,1.876,,,,,
Switzerland,CHE,1874,1.1688,,,,,
Tajikistan,TJK,1874,0.014,,,,,
Turkey,TUR,1874,0.2565,,,,,
Turkmenistan,TKM,1874,0.0649,,,,,
Ukraine,UKR,1874,1.0763,,,,,
United Kingdom,GBR,1874,257.1872,,,,,
United States of America,USA,1874,134.2966,,,,,
Uzbekistan,UZB,1874,0.2249,,,,,
World,WLD,1874,637.536,2350.7000000000003,,,,
Armenia,ARM,1875,0.0267,,,,,
Australia,AUS,1875,0.8281,,,,,
Austria,AUT,1875,7.8556,,,,,
Azerbaijan,AZE,1875,0.1018,,,,,
Belarus,BLR,1875,0.2196,,,,,
Belgium,BEL,1875,26.9304,,,,,
Canada,CAN,1875,1.8723,,,,,
Czech Republic,CZE,1875,7.4351,,,,,
Denmark,DNK,1875,1.4583,,,,,
Estonia,EST,1875,0.0565,,,,,
Finland,FIN,1875,0.0843,,,,,
France,FRA,1875,65.2595,,,,,
Georgia,GEO,1875,0.0465,,,,,
Germany,DEU,1875,101.5184,,,,,
Greece,GRC,1875,0.1649,,,,,
Hungary,HUN,1875,2.6344,,,,,
Italy,ITA,1875,3.0668,,,,,
Kazakhstan,KAZ,1875,0.5068,,,,,
Kyrgyzstan,KGZ,1875,0.0318,,,,,
Latvia,LVA,1875,0.0315,,,,,
Lithuania,LTU,1875,0.0526,,,,,
Moldova,MDA,1875,0.0464,,,,,
Netherlands,NLD,1875,5.4154,,,,,
Norway,NOR,1875,1.0223,,,,,
Poland,POL,1875,24.0578,,,,,
Portugal,PRT,1875,1.1688,,,,,
Romania,ROU,1875,0.0476,,,,,
Russian Federation,RUS,1875,4.331,,,,,
Slovakia,SVK,1875,2.0547,,,,,
Spain,ESP,1875,3.2903,,,,,
Sweden,SWE,1875,2.279,,,,,
Switzerland,CHE,1875,1.2824,,,,,
Tajikistan,TJK,1875,0.0161,,,,,
Turkey,TUR,1875,0.3517,,,,,
Turkmenistan,TKM,1875,0.0746,,,,,
Ukraine,UKR,1875,1.2381,,,,,
United Kingdom,GBR,1875,271.4914,,,,,
United States of America,USA,1875,135.7475,,,,,
Uzbekistan,UZB,1875,0.2587,,,,,
World,WLD,1875,688.832,2377.4666666666667,,,,
Armenia,ARM,1876,0.0332,,,,,
Australia,AUS,1876,0.9307,,,,,
Austria,AUT,1876,8.0901,,,,,
Azerbaijan,AZE,1876,0.1263,,,,,
Belarus,BLR,1876,0.2727,,,,,
Belgium,BEL,1876,26.3185,,,,,
Canada,CAN,1876,1.854,,,,,
Czech Republic,CZE,1876,12.852,,,,,
Denmark,DNK,1876,1.5425,,,,,
Estonia,EST,1876,0.0701,,,,,
Finland,FIN,1876,0.0953,,,,,
France,FRA,1876,65.3548,,,,,
Georgia,GEO,1876,0.0578,,,,,
Germany,DEU,1876,103.4347,,,,,
Hungary,HUN,1876,2.7627,,,,,
Italy,ITA,1876,4.1073,,,,,
Kazakhstan,KAZ,1876,0.6292,,,,,
Kyrgyzstan,KGZ,1876,0.0394,,,,,
Latvia,LVA,1876,0.0391,,,,,
Lithuania,LTU,1876,0.0653,,,,,
Moldova,MDA,1876,0.0576,,,,,
Netherlands,NLD,1876,6.2105,,,,,
Norway,NOR,1876,0.905,,,,,
Poland,POL,1876,24.5891,,,,,
Portugal,PRT,1876,1.1468,,,,,
Romania,ROU,1876,0.0476,,,,,
Russian Federation,RUS,1876,5.3772,,,,,
Slovakia,SVK,1876,3.5517,,,,,
Spain,ESP,1876,3.5724,,,,,
Sweden,SWE,1876,2.4256,,,,,
Switzerland,CHE,1876,1.4912,,,,,
Tajikistan,TJK,1876,0.02,,,,,
Turkey,TUR,1876,0.2748,,,,,
Turkmenistan,TKM,1876,0.0927,,,,,
Ukraine,UKR,1876,1.5371,,,,,
United Kingdom,GBR,1876,271.0188,,,,,
United States of America,USA,1876,132.8237,,,,,
Uzbekistan,UZB,1876,0.3211,,,,,
World,WLD,1876,699.824,2403.5,,,,
Armenia,ARM,1877,0.0338,,,,,
Australia,AUS,1877,1.0662,,,,,
Austria,AUT,1877,7.284,,,,,
Azerbaijan,AZE,1877,0.1289,,,,,
Belarus,BLR,1877,0.2782,,,,,
Belgium,BEL,1877,25.0508,,,,,
Canada,CAN,1877,2.0225,,,,,
Czech Republic,CZE,1877,13.5037,,,,,
Denmark,DNK,1877,1.5242,,,,,
Estonia,EST,1877,0.0715,,,,,
Finland,FIN,1877,0.1172,,,,,
France,FRA,1877,63.9221,,,,,
Georgia,GEO,1877,0.0589,,,,,
Germany,DEU,1877,101.3023,,,,,
Hungary,HUN,1877,2.8872,,,,,
Italy,ITA,1877,3.8032,,,,,
Kazakhstan,KAZ,1877,0.6418,,,,,
Kyrgyzstan,KGZ,1877,0.0402,,,,,
Latvia,LVA,1877,0.0399,,,,,
Lithuania,LTU,1877,0.0666,,,,,
Moldova,MDA,1877,0.0587,,,,,
Netherlands,NLD,1877,6.3094,,,,,
Norway,NOR,1877,1.2201,,,,,
Poland,POL,1877,23.1345,,,,,
Portugal,PRT,1877,0.6705,,,,,
Romania,ROU,1877,0.0476,,,,,
Russian Federation,RUS,1877,5.4854,,,,,
Slovakia,SVK,1877,3.7318,,,,,
Spain,ESP,1877,3.7812,,,,,
Sweden,SWE,1877,2.5721,,,,,
Switzerland,CHE,1877,1.418,,,,,
Tajikistan,TJK,1877,0.0204,,,,,
Turkey,TUR,1877,0.447,,,,,
Turkmenistan,TKM,1877,0.0945,,,,,
Ukraine,UKR,1877,1.5681,,,,,
United Kingdom,GBR,1877,275.8992,,,,,
United States of America,USA,1877,147.1792,,,,,
Uzbekistan,UZB,1877,0.3276,,,,,
World,WLD,1877,710.816,2428.7999999999997,,,,
Armenia,ARM,1878,0.0442,,,,,
Australia,AUS,1878,0.9673,,,,,
Austria,AUT,1878,7.2401,,,,,
Azerbaijan,AZE,1878,0.1685,,,,,
Belarus,BLR,1878,0.3637,,,,,
Belgium,BEL,1878,27.2382,,,,,
Canada,CAN,1878,1.9346,,,,,
Czech Republic,CZE,1878,14.1553,,,,,
Denmark,DNK,1878,1.4473,,,,,
Estonia,EST,1878,0.0935,,,,,
Finland,FIN,1878,0.1282,,,,,
France,FRA,1878,65.2265,,,,,
Georgia,GEO,1878,0.077,,,,,
Germany,DEU,1878,104.5449,,,,,
Hungary,HUN,1878,2.8762,,,,,
India,IND,1878,1.9529,,,,,
Italy,ITA,1878,3.7849,,,,,
Kazakhstan,KAZ,1878,0.8392,,,,,
Kyrgyzstan,KGZ,1878,0.0526,,,,,
Latvia,LVA,1878,0.0522,,,,,
Lithuania,LTU,1878,0.0871,,,,,
Moldova,MDA,1878,0.0768,,,,,
Netherlands,NLD,1878,6.6868,,,,,
New Zealand,NZL,1878,0.3554,,,,,
Norway,NOR,1878,1.0919,,,,,
Poland,POL,1878,24.3326,,,,,
Portugal,PRT,1878,0.6412,,,,,
Romania,ROU,1878,0.0476,,,,,
Russian Federation,RUS,1878,7.1718,,,,,
Slovakia,SVK,1878,3.9119,,,,,
Spain,ESP,1878,3.7593,,,,,
Sweden,SWE,1878,2.1801,,,,,
Switzerland,CHE,1878,1.3593,,,,,
Tajikistan,TJK,1878,0.0266,,,,,
Turkey,TUR,1878,0.3261,,,,,
Turkmenistan,TKM,1878,0.1236,,,,,
Ukraine,UKR,1878,2.0501,,,,,
United Kingdom,GBR,1878,270.9748,,,,,
United States of America,USA,1878,143.9036,,,,,
Uzbekistan,UZB,1878,0.4283,,,,,
World,WLD,1878,718.144,2454.8333333333335,,,,
Armenia,ARM,1879,0.0454,,,,,
Australia,AUS,1879,1.4546,,,,,
Austria,AUT,1879,8.8669,,,,,
Azerbaijan,AZE,1879,0.1729,,,,,
Belarus,BLR,1879,0.3732,,,,,
Belgium,BEL,1879,27.7328,,,,,
Bulgaria,BGR,1879,0.0,,,,,
Canada,CAN,1879,2.1801,,,,,
Czech Republic,CZE,1879,15.2117,,,,,
Denmark,DNK,1879,1.6341,,,,,
Estonia,EST,1879,0.0959,,,,,
Finland,FIN,1879,0.0806,,,,,
France,FRA,1879,67.4982,,,,,
Georgia,GEO,1879,0.0791,,,,,
Germany,DEU,1879,110.847,,,,,
Greece,GRC,1879,0.0037,,,,,
Hungary,HUN,1879,2.8689,,,,,
India,IND,1879,1.854,,,,,
Italy,ITA,1879,4.3528,,,,,
Kazakhstan,KAZ,1879,0.861,,,,,
Kyrgyzstan,KGZ,1879,0.054,,,,,
Latvia,LVA,1879,0.0535,,,,,
Lithuania,LTU,1879,0.0894,,,,,
Moldova,MDA,1879,0.0788,,,,,
Netherlands,NLD,1879,7.2108,,,,,
New Zealand,NZL,1879,0.5056,,,,,
Norway,NOR,1879,1.1432,,,,,
Poland,POL,1879,26.4871,,,,,
Portugal,PRT,1879,0.7072,,,,,
Romania,ROU,1879,0.0476,,,,,
Russian Federation,RUS,1879,7.3589,,,,,
Slovakia,SVK,1879,4.2038,,,,,
Spain,ESP,1879,3.9718,,,,,
Sweden,SWE,1879,2.2131,,,,,
Switzerland,CHE,1879,1.4473,,,,,
Tajikistan,TJK,1879,0.0273,,,,,
Turkey,TUR,1879,0.1246,,,,,
Turkmenistan,TKM,1879,0.1268,,,,,
Ukraine,UKR,1879,2.1036,,,,,
United Kingdom,GBR,1879,272.6456,,,,,
United States of America,USA,1879,175.469,,,,,
Uzbekistan,UZB,1879,0.4395,,,,,
World,WLD,1879,769.44,2480.133333333333,,,,
Armenia,ARM,1880,0.0533,,,,,
Australia,AUS,1880,2.2057,,,,,
Austria,AUT,1880,23.6475,,,,,
Azerbaijan,AZE,1880,0.2028,,,,,
Belarus,BLR,1880,0.4378,,,,,
Belgium,BEL,1880,30.4259,,,,,
Bulgaria,BGR,1880,0.0,,,,,
Canada,CAN,1880,5.2322,,,,,
Czech Republic,CZE,1880,16.116,,,,,
Denmark,DNK,1880,1.8613,,,,,
Estonia,EST,1880,0.1125,,,,,
Finland,FIN,1880,0.1026,,,,,
France,FRA,1880,76.1489,,,,,
Georgia,GEO,1880,0.0927,,,,,
Germany,DEU,1880,124.5027,,,,,
Hungary,HUN,1880,3.3123,,,,,
India,IND,1880,2.0738,,,,,
Ireland,IRL,1880,0.3517,,,,,
Italy,ITA,1880,5.0673,,,,,
Kazakhstan,KAZ,1880,1.0101,,,,,
Kyrgyzstan,KGZ,1880,0.0633,,,,,
Latvia,LVA,1880,0.0628,,,,,
Lithuania,LTU,1880,0.1048,,,,,
Moldova,MDA,1880,0.0924,,,,,
Netherlands,NLD,1880,7.9729,,,,,
New Zealand,NZL,1880,0.6559,,,,,
Norway,NOR,1880,1.2494,,,,,
Poland,POL,1880,26.3478,,,,,
Portugal,PRT,1880,0.8794,,,,,
Romania,ROU,1880,0.0476,,,,,
Russian Federation,RUS,1880,8.6328,,,,,
Slovakia,SVK,1880,4.4537,,,,,
Spain,ESP,1880,4.4151,,,,,
Sweden,SWE,1880,2.8286,,,,,
Switzerland,CHE,1880,1.6708,,,,,
Tajikistan,TJK,1880,0.032,,,,,
Turkey,TUR,1880,0.1392,,,,,
Turkmenistan,TKM,1880,0.1487,,,,,
Ukraine,UKR,1880,2.4678,,,,,
United Kingdom,GBR,1880,297.1248,,,,,
United States of America,USA,1880,198.6841,,,,,
Uzbekistan,UZB,1880,0.5156,,,,,
World,WLD,1880,864.704,2503.9666666666667,,,,
Armenia,ARM,1881,0.0561,,,,,
Australia,AUS,1881,1.766,,,,,
Austria,AUT,1881,10.3142,,,,,
Azerbaijan,AZE,1881,0.2137,,,,,
Belarus,BLR,1881,0.4612,,,,,
Belgium,BEL,1881,30.631,,,,,
Bulgaria,BGR,1881,0.0037,,,,,
Canada,CAN,1881,5.5913,,,,,
Czech Republic,CZE,1881,17.0202,,,,,
Denmark,DNK,1881,1.9712,,,,,
Estonia,EST,1881,0.1185,,,,,
Finland,FIN,1881,0.0989,,,,,
France,FRA,1881,77.9846,,,,,
Georgia,GEO,1881,0.0977,,,,,
Germany,DEU,1881,134.2636,,,,,
Hungary,HUN,1881,3.5504,,,,,
India,IND,1881,2.0189,,,,,
Ireland,IRL,1881,0.3517,,,,,
Italy,ITA,1881,5.954,,,,,
Kazakhstan,KAZ,1881,1.0642,,,,,
Kyrgyzstan,KGZ,1881,0.0667,,,,,
Latvia,LVA,1881,0.0662,,,,,
Lithuania,LTU,1881,0.1104,,,,,
Moldova,MDA,1881,0.0974,,,,,
Netherlands,NLD,1881,8.0278,,,,,
New Zealand,NZL,1881,0.7365,,,,,
Norway,NOR,1881,1.2934,,,,,
Poland,POL,1881,26.2306,,,,,
Portugal,PRT,1881,0.8904,,,,,
Romania,ROU,1881,0.0513,,,,,
Russian Federation,RUS,1881,9.095,,,,,
Slovakia,SVK,1881,4.7036,,,,,
Spain,ESP,1881,4.9317,,,,,
Sweden,SWE,1881,2.7517,,,,,
Switzerland,CHE,1881,1.5645,,,,,
Tajikistan,TJK,1881,0.0338,,,,,
Turkey,TUR,1881,0.1832,,,,,
Turkmenistan,TKM,1881,0.1567,,,,,
Ukraine,UKR,1881,2.5999,,,,,
United Kingdom,GBR,1881,312.312,,,,,
United States of America,USA,1881,210.1927,,,,,
Uzbekistan,UZB,1881,0.5432,,,,,
World,WLD,1881,890.352,2635.9666666666667,,,,
Armenia,ARM,1882,0.0591,,,,,
Australia,AUS,1882,2.0115,,,,,
Austria,AUT,1882,10.6,,,,,
Azerbaijan,AZE,1882,0.225,,,,,
Belarus,BLR,1882,0.4857,,,,,
Belgium,BEL,1882,32.4374,,,,,
Bulgaria,BGR,1882,0.0037,,,,,
Canada,CAN,1882,6.6172,,,,,
Czech Republic,CZE,1882,17.4049,,,,,
Denmark,DNK,1882,2.1141,,,,,
Estonia,EST,1882,0.1248,,,,,
Finland,FIN,1882,0.1209,,,,,
France,FRA,1882,82.3081,,,,,
Georgia,GEO,1882,0.1029,,,,,
Germany,DEU,1882,143.6654,,,,,
Hungary,HUN,1882,3.5834,,,,,
India,IND,1882,2.4036,,,,,
Italy,ITA,1882,6.2728,,,,,
Kazakhstan,KAZ,1882,1.1206,,,,,
Kyrgyzstan,KGZ,1882,0.0702,,,,,
Latvia,LVA,1882,0.0697,,,,,
Lithuania,LTU,1882,0.1163,,,,,
Moldova,MDA,1882,0.1025,,,,,
Netherlands,NLD,1882,8.1304,,,,,
New Zealand,NZL,1882,0.8281,,,,,
Norway,NOR,1882,1.4106,,,,,
Poland,POL,1882,27.2455,,,,,
Portugal,PRT,1882,1.0882,,,,,
Romania,ROU,1882,0.2235,,,,,
Russian Federation,RUS,1882,9.5774,,,,,
Slovakia,SVK,1882,4.8099,,,,,
Spain,ESP,1882,5.3824,,,,,
Sweden,SWE,1882,3.1474,,,,,
Switzerland,CHE,1882,1.7257,,,,,
Tajikistan,TJK,1882,0.0355,,,,,
Turkey,TUR,1882,0.1539,,,,,
Turkmenistan,TKM,1882,0.165,,,,,
Ukraine,UKR,1882,2.7378,,,,,
United Kingdom,GBR,1882,314.9648,,,,,
United States of America,USA,1882,235.3937,,,,,
Uzbekistan,UZB,1882,0.572,,,,,
World,WLD,1882,937.984,2466.566666666667,,,,
Armenia,ARM,1883,0.0673,,,,,
Australia,AUS,1883,2.4256,,,,,
Austria,AUT,1883,11.7614,,,,,
Azerbaijan,AZE,1883,0.2561,,,,,
Belarus,BLR,1883,0.5528,,,,,
Belgium,BEL,1883,34.383,,,,,
Bulgaria,BGR,1883,0.0073,,,,,
Canada,CAN,1883,7.4306,,,,,
Czech Republic,CZE,1883,18.5905,,,,,
Denmark,DNK,1883,2.4292,,,,,
Estonia,EST,1883,0.1421,,,,,
Finland,FIN,1883,0.1172,,,,,
France,FRA,1883,86.3202,,,,,
Georgia,GEO,1883,0.1171,,,,,
Germany,DEU,1883,153.0929,,,,,
Greece,GRC,1883,0.0037,,,,,
Hungary,HUN,1883,4.078,,,,,
India,IND,1883,2.682,,,,,
Italy,ITA,1883,6.6465,,,,,
Kazakhstan,KAZ,1883,1.2755,,,,,
Kyrgyzstan,KGZ,1883,0.0799,,,,,
Latvia,LVA,1883,0.0793,,,,,
Lithuania,LTU,1883,0.1324,,,,,
Moldova,MDA,1883,0.1167,,,,,
Netherlands,NLD,1883,9.0098,,,,,
New Zealand,NZL,1883,0.927,,,,,
Norway,NOR,1883,1.5242,,,,,
Poland,POL,1883,29.9276,,,,,
Portugal,PRT,1883,1.1395,,,,,
Romania,ROU,1883,0.4067,,,,,
Russian Federation,RUS,1883,10.9009,,,,,
Slovakia,SVK,1883,5.1376,,,,,
Spain,ESP,1883,5.9027,,,,,
Sweden,SWE,1883,3.2207,,,,,
Switzerland,CHE,1883,1.9163,,,,,
Tajikistan,TJK,1883,0.0405,,,,,
Turkey,TUR,1883,0.1612,,,,,
Turkmenistan,TKM,1883,0.1878,,,,,
Ukraine,UKR,1883,3.1161,,,,,
United Kingdom,GBR,1883,327.7301,,,,,
United States of America,USA,1883,253.8859,,,,,
Uzbekistan,UZB,1883,0.651,,,,,
World,WLD,1883,996.608,2487.1,,,,
Armenia,ARM,1884,0.0683,,,,,
Australia,AUS,1884,2.5721,,,,,
Austria,AUT,1884,11.461,,,,,
Azerbaijan,AZE,1884,0.26,,,,,
Belarus,BLR,1884,0.5613,,,,,
Belgium,BEL,1884,33.87,,,,,
Bulgaria,BGR,1884,0.011,,,,,
Canada,CAN,1884,8.5994,,,,,
Czech Republic,CZE,1884,19.202,,,,,
Denmark,DNK,1884,2.4182,,,,,
Estonia,EST,1884,0.1443,,,,,
Finland,FIN,1884,0.1392,,,,,
France,FRA,1884,82.909,,,,,
Georgia,GEO,1884,0.1189,,,,,
Germany,DEU,1884,157.5264,,,,,
Hungary,HUN,1884,4.3308,,,,,
India,IND,1884,2.9862,,,,,
Italy,ITA,1884,7.361,,,,,
Kazakhstan,KAZ,1884,1.295,,,,,
Kyrgyzstan,KGZ,1884,0.0812,,,,,
Latvia,LVA,1884,0.0805,,,,,
Lithuania,LTU,1884,0.1344,,,,,
Moldova,MDA,1884,0.1185,,,,,
Netherlands,NLD,1884,9.0171,,,,,
New Zealand,NZL,1884,1.0589,,,,,
Norway,NOR,1884,1.5572,,,,,
Peru,PER,1884,0.0037,,,,,
Poland,POL,1884,31.2026,,,,,
Portugal,PRT,1884,1.2018,,,,,
Romania,ROU,1884,0.469,,,,,
Russian Federation,RUS,1884,11.0677,,,,,
Slovakia,SVK,1884,5.3065,,,,,
South Africa,ZAF,1884,0.022,,,,,
Spain,ESP,1884,5.8697,,,,,
Sweden,SWE,1884,3.5504,,,,,
Switzerland,CHE,1884,1.9639,,,,,
Tajikistan,TJK,1884,0.0411,,,,,
Turkey,TUR,1884,0.1759,,,,,
Turkmenistan,TKM,1884,0.1907,,,,,
Ukraine,UKR,1884,3.1638,,,,,
United Kingdom,GBR,1884,319.0941,,,,,
United States of America,USA,1884,267.5892,,,,,
Uzbekistan,UZB,1884,0.661,,,,,
World,WLD,1884,1007.6,2505.7999999999997,,,,
Armenia,ARM,1885,0.0744,,,,,
Australia,AUS,1885,2.9056,,,,,
Austria,AUT,1885,12.0472,,,,,
Azerbaijan,AZE,1885,0.2832,,,,,
Belarus,BLR,1885,0.6113,,,,,
Belgium,BEL,1885,33.0823,,,,,
Bulgaria,BGR,1885,0.0073,,,,,
Canada,CAN,1885,8.244,,,,,
Czech Republic,CZE,1885,20.1608,,,,,
Denmark,DNK,1885,2.5355,,,,,
Estonia,EST,1885,0.1571,,,,,
Finland,FIN,1885,0.2198,,,,,
France,FRA,1885,79.714,,,,,
Georgia,GEO,1885,0.1295,,,,,
Germany,DEU,1885,161.1867,,,,,
Hungary,HUN,1885,4.3785,,,,,
India,IND,1885,2.6967,,,,,
Italy,ITA,1885,8.3759,,,,,
Kazakhstan,KAZ,1885,1.4105,,,,,
Kyrgyzstan,KGZ,1885,0.0884,,,,,
Latvia,LVA,1885,0.0877,,,,,
Lithuania,LTU,1885,0.1464,,,,,
Moldova,MDA,1885,0.1291,,,,,
Netherlands,NLD,1885,9.4201,,,,,
New Zealand,NZL,1885,1.1285,,,,,
Norway,NOR,1885,1.7844,,,,,
Peru,PER,1885,0.0037,,,,,
Poland,POL,1885,32.5986,,,,,
Portugal,PRT,1885,1.1139,,,,,
Romania,ROU,1885,0.4543,,,,,
Russian Federation,RUS,1885,12.0552,,,,,
Slovakia,SVK,1885,5.5715,,,,,
South Africa,ZAF,1885,0.0366,,,,,
Spain,ESP,1885,5.7598,,,,,
Sweden,SWE,1885,3.8289,,,,,
Switzerland,CHE,1885,2.0482,,,,,
Tajikistan,TJK,1885,0.0447,,,,,
Turkey,TUR,1885,0.1942,,,,,
Turkmenistan,TKM,1885,0.2077,,,,,
Ukraine,UKR,1885,3.4461,,,,,
United Kingdom,GBR,1885,315.2909,,,,,
United States of America,USA,1885,272.1619,,,,,
Uzbekistan,UZB,1885,0.7199,,,,,
World,WLD,1885,1018.592,2521.566666666667,,,,
Armenia,ARM,1886,0.0763,,,,,
Australia,AUS,1886,2.8872,,,,,
Austria,AUT,1886,11.3731,,,,,
Azerbaijan,AZE,1886,0.2905,,,,,
Belarus,BLR,1886,0.627,,,,,
Belgium,BEL,1886,32.104,,,,,
Bulgaria,BGR,1886,0.0073,,,,,
Canada,CAN,1886,8.7973,,,,,
Czech Republic,CZE,1886,21.1942,,,,,
Denmark,DNK,1886,2.4292,,,,,
Estonia,EST,1886,0.1612,,,,,
Finland,FIN,1886,0.1282,,,,,
France,FRA,1886,79.0728,,,,,
Georgia,GEO,1886,0.1328,,,,,
Germany,DEU,1886,163.0333,,,,,
Hungary,HUN,1886,4.0964,,,,,
India,IND,1886,3.0265,,,,,
Italy,ITA,1886,8.3246,,,,,
Kazakhstan,KAZ,1886,1.4467,,,,,
Kyrgyzstan,KGZ,1886,0.0907,,,,,
Latvia,LVA,1886,0.09,,,,,
Lithuania,LTU,1886,0.1501,,,,,
Moldova,MDA,1886,0.1324,,,,,
Netherlands,NLD,1886,9.618,,,,,
New Zealand,NZL,1886,1.1798,,,,,
Norway,NOR,1886,1.7404,,,,,
Peru,PER,1886,0.0073,,,,,
Poland,POL,1886,33.4303,,,,,
Portugal,PRT,1886,1.2311,,,,,
Romania,ROU,1886,0.4836,,,,,
Russian Federation,RUS,1886,12.3641,,,,,
Slovakia,SVK,1886,5.8571,,,,,
South Africa,ZAF,1886,0.0476,,,,,
Spain,ESP,1886,6.0969,,,,,
Sweden,SWE,1886,3.7519,,,,,
Switzerland,CHE,1886,2.0848,,,,,
Tajikistan,TJK,1886,0.0459,,,,,
Turkey,TUR,1886,0.1356,,,,,
Turkmenistan,TKM,1886,0.213,,,,,
Ukraine,UKR,1886,3.5344,,,,,
United Kingdom,GBR,1886,312.4293,,,,,
United States of America,USA,1886,287.4628,,,,,
Uzbekistan,UZB,1886,0.7384,,,,,
World,WLD,1886,1033.248,2531.4666666666667,,,,
Argentina,ARG,1887,1.0845,,,,,
Armenia,ARM,1887,0.0807,,,,,
Australia,AUS,1887,3.0338,,,,,
Austria,AUT,1887,12.2524,,,,,
Azerbaijan,AZE,1887,0.3074,,,,,
Belarus,BLR,1887,0.6636,,,,,
Belgium,BEL,1887,33.9689,,,,,
Bulgaria,BGR,1887,0.011,,,,,
Canada,CAN,1887,10.1493,,,,,
Czech Republic,CZE,1887,22.2621,,,,,
Denmark,DNK,1887,2.4915,,,,,
Estonia,EST,1887,0.1706,,,,,
Finland,FIN,1887,0.1282,,,,,
France,FRA,1887,83.2937,,,,,
Georgia,GEO,1887,0.1406,,,,,
Germany,DEU,1887,170.3907,,,,,
Hungary,HUN,1887,4.0854,,,,,
India,IND,1887,3.3562,,,,,
Italy,ITA,1887,10.1529,,,,,
Kazakhstan,KAZ,1887,1.5311,,,,,
Kyrgyzstan,KGZ,1887,0.096,,,,,
Latvia,LVA,1887,0.0952,,,,,
Lithuania,LTU,1887,0.1589,,,,,
Moldova,MDA,1887,0.1401,,,,,
Netherlands,NLD,1887,9.7865,,,,,
New Zealand,NZL,1887,1.2384,,,,,
Norway,NOR,1887,1.6818,,,,,
Peru,PER,1887,0.0073,,,,,
Poland,POL,1887,33.6722,,,,,
Portugal,PRT,1887,1.2677,,,,,
Romania,ROU,1887,0.5276,,,,,
Russian Federation,RUS,1887,13.0856,,,,,
Slovakia,SVK,1887,6.1522,,,,,
South Africa,ZAF,1887,0.0476,,,,,
Spain,ESP,1887,6.1409,,,,,
Sweden,SWE,1887,3.7996,,,,,
Switzerland,CHE,1887,2.2607,,,,,
Tajikistan,TJK,1887,0.0486,,,,,
Turkey,TUR,1887,0.2455,,,,,
Turkmenistan,TKM,1887,0.2255,,,,,
Ukraine,UKR,1887,3.7406,,,,,
United Kingdom,GBR,1887,320.4424,,,,,
United States of America,USA,1887,307.3803,,,,,
Uzbekistan,UZB,1887,0.7815,,,,,
World,WLD,1887,1080.88,2529.2666666666664,,,,
Argentina,ARG,1888,0.8904,,,,,
Armenia,ARM,1888,0.0842,,,,,
Australia,AUS,1888,3.5284,,,,,
Austria,AUT,1888,11.952,,,,,
Azerbaijan,AZE,1888,0.3206,,,,,
Belarus,BLR,1888,0.6919,,,,,
Belgium,BEL,1888,36.0538,,,,,
Bulgaria,BGR,1888,0.0183,,,,,
Canada,CAN,1888,13.3113,,,,,
Czech Republic,CZE,1888,23.8611,,,,,
Denmark,DNK,1888,2.803,,,,,
Estonia,EST,1888,0.1778,,,,,
Finland,FIN,1888,0.1209,,,,,
France,FRA,1888,86.6536,,,,,
Georgia,GEO,1888,0.1466,,,,,
Germany,DEU,1888,186.3474,,,,,
Greece,GRC,1888,0.0037,,,,,
Hungary,HUN,1888,4.4298,,,,,
India,IND,1888,3.7263,,,,,
Italy,ITA,1888,10.8967,,,,,
Kazakhstan,KAZ,1888,1.5965,,,,,
Kyrgyzstan,KGZ,1888,0.1001,,,,,
Latvia,LVA,1888,0.0993,,,,,
Lithuania,LTU,1888,0.1657,,,,,
Moldova,MDA,1888,0.1461,,,,,
Netherlands,NLD,1888,10.8564,,,,,
New Zealand,NZL,1888,1.363,,,,,
Norway,NOR,1888,1.9456,,,,,
Peru,PER,1888,0.0073,,,,,
Poland,POL,1888,37.4974,,,,,
Portugal,PRT,1888,1.3667,,,,,
Romania,ROU,1888,0.6302,,,,,
Russian Federation,RUS,1888,13.6447,,,,,
Slovakia,SVK,1888,6.5941,,,,,
South Africa,ZAF,1888,0.0806,,,,,
Spain,ESP,1888,6.4303,,,,,
Sweden,SWE,1888,4.2502,,,,,
Switzerland,CHE,1888,2.3047,,,,,
Tajikistan,TJK,1888,0.0506,,,,,
Turkey,TUR,1888,0.2675,,,,,
Turkmenistan,TKM,1888,0.2351,,,,,
Ukraine,UKR,1888,3.9005,,,,,
United Kingdom,GBR,1888,333.1675,,,,,
United States of America,USA,1888,373.8746,,,,,
Uzbekistan,UZB,1888,0.8149,,,,,
World,WLD,1888,1198.128,2524.866666666667,,,,
Argentina,ARG,1889,1.7551,,,,,
Armenia,ARM,1889,0.0909,,,,,
Australia,AUS,1889,3.4258,,,,,
Austria,AUT,1889,12.8716,,,,,
Azerbaijan,AZE,1889,0.3463,,,,,
Belarus,BLR,1889,0.7475,,,,,
Belgium,BEL,1889,36.8342,,,,,
Bulgaria,BGR,1889,0.0256,,,,,
Canada,CAN,1889,11.2888,,,,,
Czech Republic,CZE,1889,25.262,,,,,
Denmark,DNK,1889,2.9935,,,,,
Estonia,EST,1889,0.1921,,,,,
Finland,FIN,1889,0.1649,,,,,
France,FRA,1889,88.797,,,,,
Georgia,GEO,1889,0.1584,,,,,
Germany,DEU,1889,198.8453,,,,,
Hungary,HUN,1889,4.7522,,,,,
India,IND,1889,4.3785,,,,,
Indonesia,IDN,1889,0.0037,,,,,
Italy,ITA,1889,11.2558,,,,,
Kazakhstan,KAZ,1889,1.7247,,,,,
Kyrgyzstan,KGZ,1889,0.1081,,,,,
Latvia,LVA,1889,0.1073,,,,,
Lithuania,LTU,1889,0.179,,,,,
Moldova,MDA,1889,0.1578,,,,,
Netherlands,NLD,1889,10.6109,,,,,
New Zealand,NZL,1889,1.3117,,,,,
Norway,NOR,1889,2.224,,,,,
Peru,PER,1889,0.0073,,,,,
Poland,POL,1889,40.5128,,,,,
Portugal,PRT,1889,1.5719,,,,,
Romania,ROU,1889,0.6412,,,,,
Russian Federation,RUS,1889,14.7404,,,,,
Slovakia,SVK,1889,6.9812,,,,,
South Africa,ZAF,1889,0.1319,,,,,
Spain,ESP,1889,6.826,,,,,
Sweden,SWE,1889,4.9574,,,,,
Switzerland,CHE,1889,2.5465,,,,,
Tajikistan,TJK,1889,0.0547,,,,,
Turkey,TUR,1889,0.403,,,,,
Turkmenistan,TKM,1889,0.254,,,,,
Ukraine,UKR,1889,4.2137,,,,,
United Kingdom,GBR,1889,345.0242,,,,,
United States of America,USA,1889,335.5418,,,,,
Uzbekistan,UZB,1889,0.8803,,,,,
World,WLD,1889,1198.128,2519.7333333333336,,,,
Argentina,ARG,1890,1.3703,,,,,
Armenia,ARM,1890,0.103,,,,,
Australia,AUS,1890,3.5468,,,,,
Austria,AUT,1890,13.0365,,,,,
Azerbaijan,AZE,1890,0.3921,,,,,
Belarus,BLR,1890,0.8464,,,,,
Belgium,BEL,1890,39.824,,,,,
Bosnia & Herzegovina,BIH,1890,0.0133,,,,,
Bulgaria,BGR,1890,0.033,,,,,
Canada,CAN,1890,12.4136,,,,,
Croatia,HRV,1890,0.0144,,,,,
Czech Republic,CZE,1890,27.0159,,,,,
Denmark,DNK,1890,2.8689,,,,,
Estonia,EST,1890,0.2175,,,,,
Finland,FIN,1890,0.2125,,,,,
France,FRA,1890,97.8178,,,,,
Georgia,GEO,1890,0.1793,,,,,
Germany,DEU,1890,208.2324,,,,,
Hungary,HUN,1890,5.2542,,,,,
India,IND,1890,4.8292,,,,,
Indonesia,IDN,1890,0.0147,,,,,
Italy,ITA,1890,12.2048,,,,,
Kazakhstan,KAZ,1890,1.9529,,,,,
Kyrgyzstan,KGZ,1890,0.1224,,,,,
Latvia,LVA,1890,0.1214,,,,,
Lithuania,LTU,1890,0.2027,,,,,
"Macedonia, FYR",MKD,1890,0.0072,,,,,
Malaysia,MYS,1890,0.0073,,,,,
Moldova,MDA,1890,0.1787,,,,,
Netherlands,NLD,1890,10.2848,,,,,
New Zealand,NZL,1890,1.4216,,,,,
Norway,NOR,1890,2.0775,,,,,
Peru,PER,1890,0.011,,,,,
Poland,POL,1890,41.8649,,,,,
Portugal,PRT,1890,1.6781,,,,,
Romania,ROU,1890,0.8061,,,,,
Russian Federation,RUS,1890,16.6906,,,,,
Serbia,SRB,1890,0.0418,,,,,
Slovakia,SVK,1890,7.466,,,,,
Slovenia,SVN,1890,0.0112,,,,,
South Africa,ZAF,1890,0.2968,,,,,
Spain,ESP,1890,7.339,,,,,
Sweden,SWE,1890,4.9427,,,,,
Switzerland,CHE,1890,2.8762,,,,,
Tajikistan,TJK,1890,0.0619,,,,,
Turkey,TUR,1890,0.3664,,,,,
Turkmenistan,TKM,1890,0.2876,,,,,
Ukraine,UKR,1890,4.7712,,,,,
United Kingdom,GBR,1890,353.0191,,,,,
United States of America,USA,1890,401.7503,,,,,
Uzbekistan,UZB,1890,0.9968,,,,,
World,WLD,1890,1304.384,2514.9666666666667,,,,
Argentina,ARG,1891,0.938,,,,,
Armenia,ARM,1891,0.1134,,,,,
Australia,AUS,1891,4.0084,,,,,
Austria,AUT,1891,14.9455,,,,,
Azerbaijan,AZE,1891,0.4317,,,,,
Belarus,BLR,1891,0.9319,,,,,
Belgium,BEL,1891,37.7795,,,,,
Bosnia & Herzegovina,BIH,1891,0.0155,,,,,
Bulgaria,BGR,1891,0.0403,,,,,
Canada,CAN,1891,13.9415,,,,,
Croatia,HRV,1891,0.0168,,,,,
Czech Republic,CZE,1891,28.0092,,,,,
Denmark,DNK,1891,3.0851,,,,,
Estonia,EST,1891,0.2395,,,,,
Finland,FIN,1891,0.2162,,,,,
France,FRA,1891,97.9827,,,,,
Georgia,GEO,1891,0.1974,,,,,
Germany,DEU,1891,220.8439,,,,,
Hungary,HUN,1891,5.5253,,,,,
India,IND,1891,5.1992,,,,,
Indonesia,IDN,1891,0.022,,,,,
Italy,ITA,1891,10.9993,,,,,
Kazakhstan,KAZ,1891,2.1502,,,,,
Kyrgyzstan,KGZ,1891,0.1348,,,,,
Latvia,LVA,1891,0.1337,,,,,
Lithuania,LTU,1891,0.2231,,,,,
"Macedonia, FYR",MKD,1891,0.0084,,,,,
Malaysia,MYS,1891,0.0183,,,,,
Mexico,MEX,1891,0.5203,,,,,
Moldova,MDA,1891,0.1968,,,,,
Netherlands,NLD,1891,11.9043,,,,,
New Zealand,NZL,1891,1.4912,,,,,
Norway,NOR,1891,2.4109,,,,,
Peru,PER,1891,0.0476,,,,,
Poland,POL,1891,45.342,,,,,
Portugal,PRT,1891,1.7404,,,,,
Romania,ROU,1891,1.1212,,,,,
Russian Federation,RUS,1891,18.377,,,,,
Serbia,SRB,1891,0.0488,,,,,
Slovakia,SVK,1891,7.7405,,,,,
Slovenia,SVN,1891,0.013,,,,,
South Africa,ZAF,1891,0.2968,,,,,
Spain,ESP,1891,7.9399,,,,,
Sweden,SWE,1891,5.2762,,,,,
Switzerland,CHE,1891,3.5211,,,,,
Tajikistan,TJK,1891,0.0682,,,,,
Turkey,TUR,1891,0.403,,,,,
Turkmenistan,TKM,1891,0.3166,,,,,
Ukraine,UKR,1891,5.2533,,,,,
United Kingdom,GBR,1891,360.4716,,,,,
United States of America,USA,1891,427.4239,,,,,
Uzbekistan,UZB,1891,1.0975,,,,,
World,WLD,1891,1359.344,2498.8333333333335,,,,
Argentina,ARG,1892,1.385,,,,,
Armenia,ARM,1892,0.12,,,,,
Australia,AUS,1892,4.1513,,,,,
Austria,AUT,1892,14.4655,,,,,
Azerbaijan,AZE,1892,0.4571,,,,,
Belarus,BLR,1892,0.9866,,,,,
Belgium,BEL,1892,37.7282,,,,,
Bosnia & Herzegovina,BIH,1892,0.0172,,,,,
Bulgaria,BGR,1892,0.0476,,,,,
Canada,CAN,1892,13.8902,,,,,
Croatia,HRV,1892,0.0186,,,,,
Czech Republic,CZE,1892,28.4341,,,,,
Denmark,DNK,1892,3.173,,,,,
Estonia,EST,1892,0.2536,,,,,
Finland,FIN,1892,0.1905,,,,,
France,FRA,1892,98.1219,,,,,
Georgia,GEO,1892,0.209,,,,,
Germany,DEU,1892,214.9925,,,,,
Greece,GRC,1892,0.3701,,,,,
Hungary,HUN,1892,5.7525,,,,,
India,IND,1892,5.7158,,,,,
Indonesia,IDN,1892,0.1759,,,,,
Italy,ITA,1892,10.8894,,,,,
Kazakhstan,KAZ,1892,2.2763,,,,,
Kyrgyzstan,KGZ,1892,0.1427,,,,,
Latvia,LVA,1892,0.1416,,,,,
Lithuania,LTU,1892,0.2362,,,,,
"Macedonia, FYR",MKD,1892,0.0094,,,,,
Malaysia,MYS,1892,0.0476,,,,,
Mexico,MEX,1892,0.5789,,,,,
Moldova,MDA,1892,0.2083,,,,,
Netherlands,NLD,1892,11.3218,,,,,
New Zealand,NZL,1892,1.5022,,,,,
Norway,NOR,1892,2.4659,,,,,
Peru,PER,1892,0.066,,,,,
Poland,POL,1892,43.0996,,,,,
Portugal,PRT,1892,1.6928,,,,,
Romania,ROU,1892,1.0516,,,,,
Russian Federation,RUS,1892,19.4547,,,,,
Serbia,SRB,1892,0.054,,,,,
Slovakia,SVK,1892,7.8579,,,,,
Slovenia,SVN,1892,0.0144,,,,,
South Africa,ZAF,1892,0.48,,,,,
Spain,ESP,1892,8.299,,,,,
Sweden,SWE,1892,5.2505,,,,,
Switzerland,CHE,1892,3.4698,,,,,
Tajikistan,TJK,1892,0.0722,,,,,
Turkey,TUR,1892,0.4104,,,,,
Turkmenistan,TKM,1892,0.3352,,,,,
Ukraine,UKR,1892,5.5613,,,,,
United Kingdom,GBR,1892,353.0081,,,,,
United States of America,USA,1892,450.4485,,,,,
Uzbekistan,UZB,1892,1.1618,,,,,
Vietnam,VNM,1892,0.2125,,,,,
World,WLD,1892,1370.336,2548.3333333333335,,,,
Argentina,ARG,1893,1.5535,,,,,
Armenia,ARM,1893,0.1407,,,,,
Australia,AUS,1893,3.9644,,,,,
Austria,AUT,1893,17.7008,,,,,
Azerbaijan,AZE,1893,0.5357,,,,,
Belarus,BLR,1893,1.1562,,,,,
Belgium,BEL,1893,36.0757,,,,,
Bosnia & Herzegovina,BIH,1893,0.0304,,,,,
Bulgaria,BGR,1893,0.0623,,,,,
Canada,CAN,1893,14.8539,,,,,
Croatia,HRV,1893,0.033,,,,,
Czech Republic,CZE,1893,29.0656,,,,,
Denmark,DNK,1893,2.9972,,,,,
Estonia,EST,1893,0.2972,,,,,
Finland,FIN,1893,0.1942,,,,,
France,FRA,1893,96.3302,,,,,
Georgia,GEO,1893,0.2449,,,,,
Germany,DEU,1893,220.712,,,,,
Greece,GRC,1893,0.3261,,,,,
Hungary,HUN,1893,5.9943,,,,,
India,IND,1893,6.0163,,,,,
Indonesia,IDN,1893,0.4067,,,,,
Italy,ITA,1893,10.523,,,,,
Kazakhstan,KAZ,1893,2.6678,,,,,
Kyrgyzstan,KGZ,1893,0.1672,,,,,
Latvia,LVA,1893,0.1659,,,,,
Lithuania,LTU,1893,0.2768,,,,,
"Macedonia, FYR",MKD,1893,0.0166,,,,,
Malaysia,MYS,1893,0.011,,,,,
Mexico,MEX,1893,0.5313,,,,,
Moldova,MDA,1893,0.2441,,,,,
Netherlands,NLD,1893,11.4573,,,,,
New Zealand,NZL,1893,1.5425,,,,,
Norway,NOR,1893,2.4622,,,,,
Peru,PER,1893,0.0476,,,,,
Poland,POL,1893,45.3347,,,,,
Portugal,PRT,1893,1.5169,,,,,
Romania,ROU,1893,1.1358,,,,,
Russian Federation,RUS,1893,22.8005,,,,,
Serbia,SRB,1893,0.0959,,,,,
Slovakia,SVK,1893,8.0324,,,,,
Slovenia,SVN,1893,0.0256,,,,,
South Africa,ZAF,1893,1.799,,,,,
Spain,ESP,1893,8.1194,,,,,
Sweden,SWE,1893,5.2798,,,,,
Switzerland,CHE,1893,2.8762,,,,,
Tajikistan,TJK,1893,0.0846,,,,,
Turkey,TUR,1893,0.425,,,,,
Turkmenistan,TKM,1893,0.3929,,,,,
Ukraine,UKR,1893,6.5178,,,,,
United Kingdom,GBR,1893,316.2105,,,,,
United States of America,USA,1893,454.0942,,,,,
Uzbekistan,UZB,1893,1.3617,,,,,
Vietnam,VNM,1893,0.6632,,,,,
World,WLD,1893,1355.68,2551.2666666666664,,,,
Argentina,ARG,1894,1.9932,,,,,
Armenia,ARM,1894,0.1433,,,,,
Australia,AUS,1894,4.3602,,,,,
Austria,AUT,1894,18.1295,,,,,
Azerbaijan,AZE,1894,0.5455,,,,,
Belarus,BLR,1894,1.1775,,,,,
Belgium,BEL,1894,39.8313,,,,,
Bosnia & Herzegovina,BIH,1894,0.0581,,,,,
Bulgaria,BGR,1894,0.0806,,,,,
Canada,CAN,1894,14.1833,,,,,
Croatia,HRV,1894,0.063,,,,,
Czech Republic,CZE,1894,29.7948,,,,,
Denmark,DNK,1894,3.4002,,,,,
Estonia,EST,1894,0.3026,,,,,
Finland,FIN,1894,0.2162,,,,,
France,FRA,1894,101.8995,,,,,
Georgia,GEO,1894,0.2494,,,,,
Germany,DEU,1894,229.4946,,,,,
Greece,GRC,1894,0.3334,,,,,
Hungary,HUN,1894,6.434,,,,,
India,IND,1894,6.1335,,,,,
Indonesia,IDN,1894,0.48,,,,,
Italy,ITA,1894,13.0622,,,,,
Kazakhstan,KAZ,1894,2.7169,,,,,
Kyrgyzstan,KGZ,1894,0.1703,,,,,
Latvia,LVA,1894,0.169,,,,,
Lithuania,LTU,1894,0.2819,,,,,
"Macedonia, FYR",MKD,1894,0.0317,,,,,
Malaysia,MYS,1894,0.0476,,,,,
Mexico,MEX,1894,0.5386,,,,,
Moldova,MDA,1894,0.2486,,,,,
Netherlands,NLD,1894,11.6185,,,,,
New Zealand,NZL,1894,1.6085,,,,,
Norway,NOR,1894,2.9019,,,,,
Peru,PER,1894,0.0403,,,,,
Poland,POL,1894,46.0931,,,,,
Portugal,PRT,1894,1.7807,,,,,
Romania,ROU,1894,1.0406,,,,,
Russian Federation,RUS,1894,23.2199,,,,,
Serbia,SRB,1894,0.183,,,,,
Slovakia,SVK,1894,8.2339,,,,,
Slovenia,SVN,1894,0.0489,,,,,
South Africa,ZAF,1894,2.4329,,,,,
Spain,ESP,1894,8.735,,,,,
Sweden,SWE,1894,5.888,,,,,
Switzerland,CHE,1894,3.5834,,,,,
Tajikistan,TJK,1894,0.0862,,,,,
Turkey,TUR,1894,0.392,,,,,
Turkmenistan,TKM,1894,0.4001,,,,,
Ukraine,UKR,1894,6.6376,,,,,
United Kingdom,GBR,1894,362.0985,,,,,
United States of America,USA,1894,425.046,,,,,
Uzbekistan,UZB,1894,1.3867,,,,,
Vietnam,VNM,1894,0.3041,,,,,
World,WLD,1894,1403.312,2615.433333333333,,,,
Argentina,ARG,1895,2.2644,,,,,
Armenia,ARM,1895,0.1646,,,,,
Australia,AUS,1895,4.591,,,,,
Austria,AUT,1895,20.3718,,,,,
Azerbaijan,AZE,1895,0.6269,,,,,
Belarus,BLR,1895,1.3532,,,,,
Belgium,BEL,1895,40.1318,,,,,
Bosnia & Herzegovina,BIH,1895,0.0581,,,,,
Bulgaria,BGR,1895,0.0843,,,,,
Canada,CAN,1895,13.5312,,,,,
Chile,CHL,1895,0.524,,,,,
Croatia,HRV,1895,0.063,,,,,
Czech Republic,CZE,1895,30.9229,,,,,
Denmark,DNK,1895,3.5248,,,,,
Estonia,EST,1895,0.3478,,,,,
Finland,FIN,1895,0.2382,,,,,
France,FRA,1895,102.7789,,,,,
Georgia,GEO,1895,0.2867,,,,,
Germany,DEU,1895,238.2809,,,,,
Greece,GRC,1895,0.3114,,,,,
Hungary,HUN,1895,6.8627,,,,,
India,IND,1895,7.6797,,,,,
Indonesia,IDN,1895,0.7658,,,,,
Italy,ITA,1895,12.0216,,,,,
Kazakhstan,KAZ,1895,3.1224,,,,,
Kyrgyzstan,KGZ,1895,0.1957,,,,,
Latvia,LVA,1895,0.1942,,,,,
Lithuania,LTU,1895,0.324,,,,,
"Macedonia, FYR",MKD,1895,0.0317,,,,,
Malaysia,MYS,1895,0.1099,,,,,
Mexico,MEX,1895,0.4946,,,,,
Moldova,MDA,1895,0.2857,,,,,
Netherlands,NLD,1895,11.6259,,,,,
New Zealand,NZL,1895,1.6232,,,,,
Norway,NOR,1895,3.0594,,,,,
Peru,PER,1895,0.0403,,,,,
Poland,POL,1895,48.9913,,,,,
Portugal,PRT,1895,1.6964,,,,,
Romania,ROU,1895,1.0772,,,,,
Russian Federation,RUS,1895,26.6852,,,,,
Serbia,SRB,1895,0.183,,,,,
Slovakia,SVK,1895,8.5457,,,,,
Slovenia,SVN,1895,0.0489,,,,,
South Africa,ZAF,1895,3.3379,,,,,
Spain,ESP,1895,8.6031,,,,,
Sweden,SWE,1895,5.954,,,,,
Switzerland,CHE,1895,3.8472,,,,,
Tajikistan,TJK,1895,0.099,,,,,
Turkey,TUR,1895,0.3737,,,,,
Turkmenistan,TKM,1895,0.4598,,,,,
Ukraine,UKR,1895,7.6282,,,,,
United Kingdom,GBR,1895,365.5463,,,,,
United States of America,USA,1895,479.951,,,,,
Uzbekistan,UZB,1895,1.5936,,,,,
Vietnam,VNM,1895,0.1795,,,,,
World,WLD,1895,1487.584,2630.8333333333335,,,,
Argentina,ARG,1896,2.3047,,,,,
Armenia,ARM,1896,0.1676,,,,,
Australia,AUS,1896,4.5031,,,,,
Austria,AUT,1896,21.2988,,,,,
Azerbaijan,AZE,1896,0.6382,,,,,
Belarus,BLR,1896,1.3775,,,,,
Belgium,BEL,1896,42.2789,,,,,
Bosnia & Herzegovina,BIH,1896,0.0648,,,,,
Bulgaria,BGR,1896,0.1063,,,,,
Canada,CAN,1896,14.6487,,,,,
Chile,CHL,1896,0.5349,,,,,
Croatia,HRV,1896,0.0702,,,,,
Czech Republic,CZE,1896,31.6837,,,,,
Denmark,DNK,1896,4.3125,,,,,
Estonia,EST,1896,0.354,,,,,
Finland,FIN,1896,0.3004,,,,,
France,FRA,1896,106.2816,,,,,
Georgia,GEO,1896,0.2918,,,,,
Germany,DEU,1896,256.2638,,,,,
Greece,GRC,1896,0.3737,,,,,
Hungary,HUN,1896,7.3756,,,,,
India,IND,1896,8.31,,,,,
Indonesia,IDN,1896,0.861,,,,,
Italy,ITA,1896,11.4244,,,,,
Kazakhstan,KAZ,1896,3.1783,,,,,
Kyrgyzstan,KGZ,1896,0.1992,,,,,
Latvia,LVA,1896,0.1977,,,,,
Lithuania,LTU,1896,0.3298,,,,,
"Macedonia, FYR",MKD,1896,0.0353,,,,,
Malaysia,MYS,1896,0.1246,,,,,
Mexico,MEX,1896,0.5789,,,,,
Moldova,MDA,1896,0.2908,,,,,
Netherlands,NLD,1896,12.4906,,,,,
New Zealand,NZL,1896,1.7697,,,,,
Norway,NOR,1896,3.1254,,,,,
Peru,PER,1896,0.0403,,,,,
Poland,POL,1896,52.725,,,,,
Portugal,PRT,1896,1.7294,,,,,
Romania,ROU,1896,1.1212,,,,,
Russian Federation,RUS,1896,27.1631,,,,,
Serbia,SRB,1896,0.204,,,,,
Slovakia,SVK,1896,8.7559,,,,,
Slovenia,SVN,1896,0.0545,,,,,
South Africa,ZAF,1896,4.2576,,,,,
Spain,ESP,1896,9.3029,,,,,
Sweden,SWE,1896,6.1555,,,,,
Switzerland,CHE,1896,4.2099,,,,,
Taiwan,TWN,1896,0.0037,,,,,
Tajikistan,TJK,1896,0.1008,,,,,
Turkey,TUR,1896,0.4433,,,,,
Turkmenistan,TKM,1896,0.468,,,,,
Ukraine,UKR,1896,7.7649,,,,,
United Kingdom,GBR,1896,375.9777,,,,,
United States of America,USA,1896,480.8853,,,,,
Uzbekistan,UZB,1896,1.6222,,,,,
Vietnam,VNM,1896,0.3627,,,,,
World,WLD,1896,1535.216,2637.7999999999997,,,,
Argentina,ARG,1897,2.0812,,,,,
Armenia,ARM,1897,0.1938,,,,,
Australia,AUS,1897,4.9757,,,,,
Austria,AUT,1897,23.0209,,,,,
Azerbaijan,AZE,1897,0.7378,,,,,
Belarus,BLR,1897,1.5926,,,,,
Belgium,BEL,1897,43.7445,,,,,
Bosnia & Herzegovina,BIH,1897,0.0504,,,,,
Bulgaria,BGR,1897,0.1099,,,,,
Canada,CAN,1897,14.7989,,,,,
Chile,CHL,1897,0.6375,,,,,
Croatia,HRV,1897,0.0546,,,,,
Czech Republic,CZE,1897,33.5324,,,,,
Denmark,DNK,1897,4.624,,,,,
Estonia,EST,1897,0.4093,,,,,
Finland,FIN,1897,0.513,,,,,
France,FRA,1897,111.261,,,,,
Georgia,GEO,1897,0.3374,,,,,
Germany,DEU,1897,273.5542,,,,,
Greece,GRC,1897,0.3627,,,,,
Hungary,HUN,1897,7.4636,,,,,
India,IND,1897,8.9988,,,,,
Indonesia,IDN,1897,1.1065,,,,,
Italy,ITA,1897,11.9227,,,,,
Kazakhstan,KAZ,1897,3.6748,,,,,
Kyrgyzstan,KGZ,1897,0.2303,,,,,
Latvia,LVA,1897,0.2285,,,,,
Lithuania,LTU,1897,0.3813,,,,,
"Macedonia, FYR",MKD,1897,0.0275,,,,,
Malaysia,MYS,1897,0.0916,,,,,
Mexico,MEX,1897,0.6888,,,,,
Moldova,MDA,1897,0.3363,,,,,
Netherlands,NLD,1897,13.1025,,,,,
New Zealand,NZL,1897,1.876,,,,,
Norway,NOR,1897,3.3855,,,,,
Peru,PER,1897,0.0403,,,,,
Poland,POL,1897,55.0919,,,,,
Portugal,PRT,1897,1.8173,,,,,
Romania,ROU,1897,1.2971,,,,,
Russian Federation,RUS,1897,31.4062,,,,,
Serbia,SRB,1897,0.1586,,,,,
Slovakia,SVK,1897,9.2668,,,,,
Slovenia,SVN,1897,0.0424,,,,,
South Africa,ZAF,1897,4.7779,,,,,
Spain,ESP,1897,9.5447,,,,,
Sweden,SWE,1897,6.8553,,,,,
Switzerland,CHE,1897,4.4408,,,,,
Taiwan,TWN,1897,0.0513,,,,,
Tajikistan,TJK,1897,0.1165,,,,,
Turkey,TUR,1897,0.3151,,,,,
Turkmenistan,TKM,1897,0.5412,,,,,
Ukraine,UKR,1897,8.9778,,,,,
United Kingdom,GBR,1897,385.9694,,,,,
United States of America,USA,1897,500.2899,,,,,
Uzbekistan,UZB,1897,1.8756,,,,,
Vietnam,VNM,1897,0.524,,,,,
World,WLD,1897,1612.16,2651.0,,,,
Argentina,ARG,1898,2.3486,,,,,
Armenia,ARM,1898,0.2173,,,,,
Australia,AUS,1898,5.6132,,,,,
Austria,AUT,1898,24.4572,,,,,
Azerbaijan,AZE,1898,0.8275,,,,,
Belarus,BLR,1898,1.7862,,,,,
Belgium,BEL,1898,45.0855,,,,,
Bosnia & Herzegovina,BIH,1898,0.0764,,,,,
Bulgaria,BGR,1898,0.1466,,,,,
Canada,CAN,1898,15.7112,,,,,
Chile,CHL,1898,0.7401,,,,,
Croatia,HRV,1898,0.0828,,,,,
Czech Republic,CZE,1898,34.2816,,,,,
Denmark,DNK,1898,4.8035,,,,,
Estonia,EST,1898,0.4591,,,,,
Finland,FIN,1898,0.4873,,,,,
France,FRA,1898,115.0459,,,,,
Georgia,GEO,1898,0.3784,,,,,
Germany,DEU,1898,285.3743,,,,,
Greece,GRC,1898,0.4617,,,,,
Hungary,HUN,1898,8.5335,,,,,
India,IND,1898,9.9734,,,,,
Indonesia,IDN,1898,1.2897,,,,,
Italy,ITA,1898,12.4026,,,,,
Kazakhstan,KAZ,1898,4.1214,,,,,
Kyrgyzstan,KGZ,1898,0.2583,,,,,
Latvia,LVA,1898,0.2563,,,,,
Lithuania,LTU,1898,0.4277,,,,,
"Macedonia, FYR",MKD,1898,0.0416,,,,,
Malaysia,MYS,1898,0.1282,,,,,
Mexico,MEX,1898,0.7365,,,,,
Moldova,MDA,1898,0.3771,,,,,
Netherlands,NLD,1898,12.9339,,,,,
New Zealand,NZL,1898,2.0225,,,,,
Norway,NOR,1898,3.3855,,,,,
Peru,PER,1898,0.0879,,,,,
Poland,POL,1898,59.8404,,,,,
Portugal,PRT,1898,2.0812,,,,,
Romania,ROU,1898,1.7111,,,,,
Russian Federation,RUS,1898,35.2232,,,,,
Serbia,SRB,1898,0.2406,,,,,
Slovakia,SVK,1898,9.4739,,,,,
Slovenia,SVN,1898,0.0643,,,,,
South Africa,ZAF,1898,6.0493,,,,,
Spain,ESP,1898,9.3762,,,,,
Sweden,SWE,1898,7.3024,,,,,
Switzerland,CHE,1898,4.7485,,,,,
Taiwan,TWN,1898,0.1136,,,,,
Tajikistan,TJK,1898,0.1307,,,,,
Turkey,TUR,1898,0.524,,,,,
Turkmenistan,TKM,1898,0.6069,,,,,
Ukraine,UKR,1898,10.0689,,,,,
United Kingdom,GBR,1898,386.8818,,,,,
United States of America,USA,1898,545.3204,,,,,
Uzbekistan,UZB,1898,2.1035,,,,,
Vietnam,VNM,1898,0.6559,,,,,
World,WLD,1898,1700.096,2656.5,,,,
Argentina,ARG,1899,2.9202,,,,,
Armenia,ARM,1899,0.2521,,,,,
Australia,AUS,1899,5.7855,,,,,
Austria,AUT,1899,24.8163,,,,,
Azerbaijan,AZE,1899,0.96,,,,,
Belarus,BLR,1899,2.0722,,,,,
Belgium,BEL,1899,47.1264,,,,,
Bosnia & Herzegovina,BIH,1899,0.0891,,,,,
Bulgaria,BGR,1899,0.1466,,,,,
Canada,CAN,1899,19.1664,,,,,
Chile,CHL,1899,0.6339,,,,,
China,CHN,1899,0.0953,,,,,
Croatia,HRV,1899,0.0966,,,,,
Czech Republic,CZE,1899,35.1715,,,,,
Denmark,DNK,1899,5.2505,,,,,
Estonia,EST,1899,0.5326,,,,,
Finland,FIN,1899,0.7401,,,,,
France,FRA,1899,120.3001,,,,,
Georgia,GEO,1899,0.439,,,,,
Germany,DEU,1899,303.2803,,,,,
Greece,GRC,1899,0.2418,,,,,
Hungary,HUN,1899,8.2733,,,,,
India,IND,1899,10.9883,,,,,
Indonesia,IDN,1899,1.1248,,,,,
Italy,ITA,1899,13.5898,,,,,
Kazakhstan,KAZ,1899,4.7811,,,,,
Kyrgyzstan,KGZ,1899,0.2997,,,,,
Latvia,LVA,1899,0.2973,,,,,
Lithuania,LTU,1899,0.4961,,,,,
"Macedonia, FYR",MKD,1899,0.0486,,,,,
Malaysia,MYS,1899,0.1209,,,,,
Mexico,MEX,1899,0.7548,,,,,
Moldova,MDA,1899,0.4375,,,,,
Netherlands,NLD,1899,13.282,,,,,
New Zealand,NZL,1899,2.1764,,,,,
Norway,NOR,1899,4.0487,,,,,
Peru,PER,1899,0.1612,,,,,
Poland,POL,1899,61.9179,,,,,
Portugal,PRT,1899,2.1471,,,,,
Romania,ROU,1899,1.6085,,,,,
Russian Federation,RUS,1899,40.8619,,,,,
Serbia,SRB,1899,0.2807,,,,,
Slovakia,SVK,1899,9.7198,,,,,
Slovenia,SVN,1899,0.075,,,,,
South Africa,ZAF,1899,5.518,,,,,
Spain,ESP,1899,10.6256,,,,,
Sweden,SWE,1899,9.1344,,,,,
Switzerland,CHE,1899,5.1223,,,,,
Taiwan,TWN,1899,0.0806,,,,,
Tajikistan,TJK,1899,0.1516,,,,,
Turkey,TUR,1899,0.6705,,,,,
Turkmenistan,TKM,1899,0.7041,,,,,
Ukraine,UKR,1899,11.6808,,,,,
United Kingdom,GBR,1899,414.5523,,,,,
United States of America,USA,1899,625.5327,,,,,
Uzbekistan,UZB,1899,2.4403,,,,,
Vietnam,VNM,1899,0.7328,,,,,
World,WLD,1899,1861.312,2661.2666666666664,,,,
Algeria,DZA,1900,0.0,,,,,
Argentina,ARG,1900,2.0702,,,,,
Armenia,ARM,1900,0.2856,,,,,
Australia,AUS,1900,10.1676,,,,,
Austria,AUT,1900,27.6742,,,,,
Azerbaijan,AZE,1900,1.0875,,,,,
Belarus,BLR,1900,2.3474,,,,,
Belgium,BEL,1900,49.6655,,,,,
Bosnia & Herzegovina,BIH,1900,0.1207,,,,,
Bulgaria,BGR,1900,0.2162,,,,,
Canada,CAN,1900,20.6247,,,,,
Chile,CHL,1900,0.85,,,,,
Croatia,HRV,1900,0.1308,,,,,
Czech Republic,CZE,1900,34.916,,,,,
Denmark,DNK,1900,5.1479,,,,,
Estonia,EST,1900,0.6033,,,,,
Finland,FIN,1900,0.6009,,,,,
France,FRA,1900,129.2769,,,,,
Georgia,GEO,1900,0.4973,,,,,
Germany,DEU,1900,326.7592,,,,,
Greece,GRC,1900,0.4177,,,,,
Hungary,HUN,1900,9.585,,,,,
India,IND,1900,13.0512,,,,,
Indonesia,IDN,1900,1.2091,,,,,
Italy,ITA,1900,13.9085,,,,,
Kazakhstan,KAZ,1900,5.4161,,,,,
Kyrgyzstan,KGZ,1900,0.3395,,,,,
Latvia,LVA,1900,0.3368,,,,,
Lithuania,LTU,1900,0.562,,,,,
"Macedonia, FYR",MKD,1900,0.0658,,,,,
Malaysia,MYS,1900,0.0586,,,,,
Mexico,MEX,1900,1.0003,,,,,
Moldova,MDA,1900,0.4956,,,,,
Netherlands,NLD,1900,14.634,,,,,
New Zealand,NZL,1900,2.4402,,,,,
Norway,NOR,1900,4.155,,,,,
Peru,PER,1900,0.2455,,,,,
Poland,POL,1900,63.3066,,,,,
Portugal,PRT,1900,2.4659,,,,,
Romania,ROU,1900,1.2384,,,,,
Russian Federation,RUS,1900,46.2887,,,,,
Serbia,SRB,1900,0.38,,,,,
Slovakia,SVK,1900,9.6492,,,,,
Slovenia,SVN,1900,0.1015,,,,,
South Africa,ZAF,1900,2.3303,,,,,
Spain,ESP,1900,11.2192,,,,,
Sweden,SWE,1900,9.171,,,,,
Switzerland,CHE,1900,5.6719,,,,,
Taiwan,TWN,1900,0.1099,,,,,
Tajikistan,TJK,1900,0.1718,,,,,
Turkey,TUR,1900,1.0369,,,,,
Turkmenistan,TKM,1900,0.7976,,,,,
Ukraine,UKR,1900,13.2321,,,,,
United Kingdom,GBR,1900,419.7405,,,,,
United States of America,USA,1900,662.737,,,,,
Uzbekistan,UZB,1900,2.7644,,,,,
Vietnam,VNM,1900,0.513,,,,,
World,WLD,1900,1956.576,2665.2999999999997,,,,
Algeria,DZA,1901,0.0,,,,,
Argentina,ARG,1901,2.4915,,,,,
Armenia,ARM,1901,0.2932,,,,,
Australia,AUS,1901,11.439,,,,,
Austria,AUT,1901,28.363,,,,,
Azerbaijan,AZE,1901,1.1165,,,,,
Belarus,BLR,1901,2.4099,,,,,
Belgium,BEL,1901,46.7087,,,,,
Bosnia & Herzegovina,BIH,1901,0.1317,,,,,
Brazil,BRA,1901,2.1031,,,,,
Bulgaria,BGR,1901,0.2711,,,,,
Canada,CAN,1901,23.8453,,,,,
Chile,CHL,1901,1.5682,,,,,
Croatia,HRV,1901,0.1428,,,,,
Czech Republic,CZE,1901,36.4834,,,,,
Denmark,DNK,1901,5.3604,,,,,
Estonia,EST,1901,0.6194,,,,,
Finland,FIN,1901,0.4214,,,,,
France,FRA,1901,125.0047,,,,,
Georgia,GEO,1901,0.5105,,,,,
Germany,DEU,1901,325.5574,,,,,
Greece,GRC,1901,0.4177,,,,,
Hungary,HUN,1901,9.618,,,,,
India,IND,1901,14.3959,,,,,
Indonesia,IDN,1901,2.2424,,,,,
Italy,ITA,1901,13.5165,,,,,
Kazakhstan,KAZ,1901,5.5604,,,,,
Kyrgyzstan,KGZ,1901,0.3485,,,,,
Latvia,LVA,1901,0.3458,,,,,
Lithuania,LTU,1901,0.577,,,,,
"Macedonia, FYR",MKD,1901,0.0718,,,,,
Malaysia,MYS,1901,0.0476,,,,,
Mexico,MEX,1901,1.3117,,,,,
Moldova,MDA,1901,0.5088,,,,,
Netherlands,NLD,1901,14.3116,,,,,
New Zealand,NZL,1901,2.7407,,,,,
Norway,NOR,1901,3.8912,,,,,
Peru,PER,1901,0.2418,,,,,
Poland,POL,1901,66.8973,,,,,
Portugal,PRT,1901,2.3889,,,,,
Romania,ROU,1901,1.5975,,,,,
Russian Federation,RUS,1901,47.5219,,,,,
Serbia,SRB,1901,0.4149,,,,,
Slovakia,SVK,1901,10.0823,,,,,
Slovenia,SVN,1901,0.1108,,,,,
South Africa,ZAF,1901,3.9095,,,,,
Spain,ESP,1901,11.8054,,,,,
Sweden,SWE,1901,8.5225,,,,,
Switzerland,CHE,1901,5.1846,,,,,
Taiwan,TWN,1901,0.1759,,,,,
Tajikistan,TJK,1901,0.1763,,,,,
Turkey,TUR,1901,0.949,,,,,
Turkmenistan,TKM,1901,0.8188,,,,,
Ukraine,UKR,1901,13.5846,,,,,
United Kingdom,GBR,1901,410.7014,,,,,
United States of America,USA,1901,721.5259,,,,,
Uzbekistan,UZB,1901,2.838,,,,,
Vietnam,VNM,1901,0.502,,,,,
World,WLD,1901,2026.192,2906.933333333333,,,,
Algeria,DZA,1902,0.0,,,,,
Argentina,ARG,1902,2.814,,,,,
Armenia,ARM,1902,0.2832,,,,,
Australia,AUS,1902,11.3914,,,,,
Austria,AUT,1902,25.6553,,,,,
Azerbaijan,AZE,1902,1.0783,,,,,
Belarus,BLR,1902,2.3276,,,,,
Belgium,BEL,1902,48.8558,,,,,
Bosnia & Herzegovina,BIH,1902,0.1234,,,,,
Brazil,BRA,1902,2.5062,,,,,
Bulgaria,BGR,1902,0.2382,,,,,
Canada,CAN,1902,25.648,,,,,
Chile,CHL,1902,1.9602,,,,,
China,CHN,1902,0.0953,,,,,
Croatia,HRV,1902,0.1338,,,,,
Czech Republic,CZE,1902,36.9714,,,,,
Denmark,DNK,1902,5.5033,,,,,
Estonia,EST,1902,0.5982,,,,,
Finland,FIN,1902,0.3994,,,,,
France,FRA,1902,117.6657,,,,,
Georgia,GEO,1902,0.4931,,,,,
Germany,DEU,1902,319.1857,,,,,
Greece,GRC,1902,0.3334,,,,,
Hungary,HUN,1902,8.8449,,,,,
India,IND,1902,15.8798,,,,,
Indonesia,IDN,1902,1.5389,,,,,
Iran,IRN,1902,0.0,,,,,
Italy,ITA,1902,15.0151,,,,,
Kazakhstan,KAZ,1902,5.3705,,,,,
Kyrgyzstan,KGZ,1902,0.3366,,,,,
Latvia,LVA,1902,0.334,,,,,
Lithuania,LTU,1902,0.5573,,,,,
"Macedonia, FYR",MKD,1902,0.0673,,,,,
Malaysia,MYS,1902,0.0513,,,,,
Mexico,MEX,1902,1.4253,,,,,
Moldova,MDA,1902,0.4914,,,,,
Netherlands,NLD,1902,14.3006,,,,,
New Zealand,NZL,1902,3.0411,,,,,
Norway,NOR,1902,4.2429,,,,,
Peru,PER,1902,0.0989,,,,,
Poland,POL,1902,65.4903,,,,,
Portugal,PRT,1902,2.6198,,,,,
Romania,ROU,1902,1.5902,,,,,
Russian Federation,RUS,1902,45.8986,,,,,
Serbia,SRB,1902,0.3888,,,,,
Slovakia,SVK,1902,10.2172,,,,,
Slovenia,SVN,1902,0.1038,,,,,
South Africa,ZAF,1902,5.8258,,,,,
Spain,ESP,1902,12.3367,,,,,
Sweden,SWE,1902,8.9255,,,,,
Switzerland,CHE,1902,5.2359,,,,,
Taiwan,TWN,1902,0.2565,,,,,
Tajikistan,TJK,1902,0.1703,,,,,
Turkey,TUR,1902,1.0479,,,,,
Turkmenistan,TKM,1902,0.7909,,,,,
Ukraine,UKR,1902,13.1206,,,,,
United Kingdom,GBR,1902,426.6398,,,,,
United States of America,USA,1902,764.4936,,,,,
Uzbekistan,UZB,1902,2.7411,,,,,
Vietnam,VNM,1902,0.3994,,,,,
World,WLD,1902,2073.824,2921.6,,,,
Algeria,DZA,1903,0.0,,,,,
Argentina,ARG,1903,2.8616,,,,,
Armenia,ARM,1903,0.277,,,,,
Australia,AUS,1903,11.2192,,,,,
Austria,AUT,1903,25.5491,,,,,
Azerbaijan,AZE,1903,1.0548,,,,,
Belarus,BLR,1903,2.2768,,,,,
Belgium,BEL,1903,52.6297,,,,,
Bosnia & Herzegovina,BIH,1903,0.1339,,,,,
Brazil,BRA,1903,2.4402,,,,,
Bulgaria,BGR,1903,0.2345,,,,,
Canada,CAN,1903,27.96,,,,,
Chile,CHL,1903,2.1618,,,,,
China,CHN,1903,1.9639,,,,,
Croatia,HRV,1903,0.1452,,,,,
Czech Republic,CZE,1903,37.6661,,,,,
Denmark,DNK,1903,5.7268,,,,,
Estonia,EST,1903,0.5852,,,,,
Finland,FIN,1903,0.513,,,,,
France,FRA,1903,129.3429,,,,,
Georgia,GEO,1903,0.4823,,,,,
Germany,DEU,1903,343.5953,,,,,
Greece,GRC,1903,0.3994,,,,,
Hungary,HUN,1903,9.1747,,,,,
India,IND,1903,16.1656,,,,,
Indonesia,IDN,1903,3.0008,,,,,
Iran,IRN,1903,0.0,,,,,
Italy,ITA,1903,15.3155,,,,,
Kazakhstan,KAZ,1903,5.2533,,,,,
Kyrgyzstan,KGZ,1903,0.3293,,,,,
Latvia,LVA,1903,0.3267,,,,,
Lithuania,LTU,1903,0.5452,,,,,
"Macedonia, FYR",MKD,1903,0.073,,,,,
Malaysia,MYS,1903,0.0513,,,,,
Mexico,MEX,1903,1.5572,,,,,
Moldova,MDA,1903,0.4807,,,,,
Netherlands,NLD,1903,15.2972,,,,,
New Zealand,NZL,1903,3.1694,,,,,
Norway,NOR,1903,4.2356,,,,,
Peru,PER,1903,0.2125,,,,,
Poland,POL,1903,68.4875,,,,,
Portugal,PRT,1903,2.5245,,,,,
Romania,ROU,1903,1.8467,,,,,
Russian Federation,RUS,1903,44.8976,,,,,
Serbia,SRB,1903,0.4219,,,,,
Slovakia,SVK,1903,10.4092,,,,,
Slovenia,SVN,1903,0.1127,,,,,
South Africa,ZAF,1903,7.7823,,,,,
Spain,ESP,1903,12.1755,,,,,
Sweden,SWE,1903,9.8049,,,,,
Switzerland,CHE,1903,5.6719,,,,,
Taiwan,TWN,1903,0.2162,,,,,
Tajikistan,TJK,1903,0.1666,,,,,
Turkey,TUR,1903,1.2055,,,,,
Turkmenistan,TKM,1903,0.7736,,,,,
Ukraine,UKR,1903,12.8344,,,,,
United Kingdom,GBR,1903,429.9851,,,,,
United States of America,USA,1903,894.4044,,,,,
Uzbekistan,UZB,1903,2.6813,,,,,
Vietnam,VNM,1903,0.5569,,,,,
Zimbabwe,ZWE,1903,0.1136,,,,,
World,WLD,1903,2260.688,3028.2999999999997,,,,
Algeria,DZA,1904,0.0,,,,,
Argentina,ARG,1904,3.7959,,,,,
Armenia,ARM,1904,0.3082,,,,,
Australia,AUS,1904,11.5489,,,,,
Austria,AUT,1904,26.9267,,,,,
Azerbaijan,AZE,1904,1.1736,,,,,
Belarus,BLR,1904,2.5331,,,,,
Belgium,BEL,1904,50.3507,,,,,
Bosnia & Herzegovina,BIH,1904,0.1428,,,,,
Brazil,BRA,1904,2.6198,,,,,
Bulgaria,BGR,1904,0.3004,,,,,
Canada,CAN,1904,33.0969,,,,,
Chile,CHL,1904,1.9676,,,,,
China,CHN,1904,2.0885,,,,,
Croatia,HRV,1904,0.1548,,,,,
Czech Republic,CZE,1904,38.0336,,,,,
Denmark,DNK,1904,6.1775,,,,,
Estonia,EST,1904,0.6511,,,,,
Finland,FIN,1904,0.5276,,,,,
France,FRA,1904,125.9976,,,,,
Georgia,GEO,1904,0.5366,,,,,
Germany,DEU,1904,356.1261,,,,,
Greece,GRC,1904,0.3554,,,,,
Hungary,HUN,1904,9.2772,,,,,
India,IND,1904,18.0672,,,,,
Indonesia,IDN,1904,3.3672,,,,,
Italy,ITA,1904,16.1839,,,,,
Kazakhstan,KAZ,1904,5.8448,,,,,
Kyrgyzstan,KGZ,1904,0.3663,,,,,
Latvia,LVA,1904,0.3635,,,,,
Lithuania,LTU,1904,0.6065,,,,,
"Macedonia, FYR",MKD,1904,0.0778,,,,,
Malaysia,MYS,1904,0.033,,,,,
Mexico,MEX,1904,1.7184,,,,,
Moldova,MDA,1904,0.5348,,,,,
Netherlands,NLD,1904,16.1692,,,,,
New Zealand,NZL,1904,3.4332,,,,,
Norway,NOR,1904,4.1586,,,,,
Peru,PER,1904,0.2785,,,,,
Poland,POL,1904,69.3815,,,,,
Portugal,PRT,1904,2.5795,,,,,
Romania,ROU,1904,2.1911,,,,,
Russian Federation,RUS,1904,49.9524,,,,,
Serbia,SRB,1904,0.4498,,,,,
Slovakia,SVK,1904,10.5107,,,,,
Slovenia,SVN,1904,0.1201,,,,,
South Africa,ZAF,1904,8.768,,,,,
Spain,ESP,1904,12.9925,,,,,
Sweden,SWE,1904,10.3252,,,,,
Switzerland,CHE,1904,5.9613,,,,,
Taiwan,TWN,1904,0.2198,,,,,
Tajikistan,TJK,1904,0.1854,,,,,
Turkey,TUR,1904,1.3667,,,,,
Turkmenistan,TKM,1904,0.8607,,,,,
Ukraine,UKR,1904,14.2794,,,,,
United Kingdom,GBR,1904,431.9929,,,,,
United States of America,USA,1904,880.2247,,,,,
Uzbekistan,UZB,1904,2.9832,,,,,
Venezuela,VEN,1904,0.0037,,,,,
Vietnam,VNM,1904,0.8024,,,,,
Zimbabwe,ZWE,1904,0.1429,,,,,
World,WLD,1904,2286.336,3125.4666666666667,,,,
Algeria,DZA,1905,0.0,,,,,
Argentina,ARG,1905,3.9828,,,,,
Armenia,ARM,1905,0.2751,,,,,
Australia,AUS,1905,12.0509,,,,,
Austria,AUT,1905,28.1065,,,,,
Azerbaijan,AZE,1905,1.0475,,,,,
Belarus,BLR,1905,2.2611,,,,,
Belgium,BEL,1905,50.2664,,,,,
Bosnia & Herzegovina,BIH,1905,0.155,,,,,
Brazil,BRA,1905,2.7993,,,,,
Bulgaria,BGR,1905,0.3591,,,,,
Canada,CAN,1905,35.3869,,,,,
Chile,CHL,1905,2.0775,,,,,
China,CHN,1905,2.2973,,,,,
Croatia,HRV,1905,0.168,,,,,
Czech Republic,CZE,1905,39.1532,,,,,
Denmark,DNK,1905,6.009,,,,,
Estonia,EST,1905,0.5812,,,,,
Finland,FIN,1905,0.5862,,,,,
France,FRA,1905,127.4266,,,,,
Georgia,GEO,1905,0.479,,,,,
Germany,DEU,1905,382.3237,,,,,
Greece,GRC,1905,0.2785,,,,,
Hungary,HUN,1905,9.4311,,,,,
India,IND,1905,18.4739,,,,,
Indonesia,IDN,1905,4.133,,,,,
Iran,IRN,1905,0.0,,,,,
Italy,ITA,1905,17.8437,,,,,
Kazakhstan,KAZ,1905,5.2172,,,,,
Korea (North),PRK,1905,0.0046,,,,,
Korea (South),KOR,1905,0.01,,,,,
Kyrgyzstan,KGZ,1905,0.327,,,,,
Latvia,LVA,1905,0.3244,,,,,
Lithuania,LTU,1905,0.5414,,,,,
"Macedonia, FYR",MKD,1905,0.0845,,,,,
Malaysia,MYS,1905,0.0403,,,,,
Mexico,MEX,1905,1.7074,,,,,
Moldova,MDA,1905,0.4774,,,,,
Netherlands,NLD,1905,16.5943,,,,,
New Zealand,NZL,1905,3.5394,,,,,
Norway,NOR,1905,4.1513,,,,,
Peru,PER,1905,0.3517,,,,,
Poland,POL,1905,74.8848,,,,,
Portugal,PRT,1905,2.5208,,,,,
Romania,ROU,1905,2.6601,,,,,
Russian Federation,RUS,1905,44.5887,,,,,
Serbia,SRB,1905,0.4881,,,,,
Slovakia,SVK,1905,10.8201,,,,,
Slovenia,SVN,1905,0.1304,,,,,
South Africa,ZAF,1905,10.0284,,,,,
Spain,ESP,1905,13.5715,,,,,
Sweden,SWE,1905,10.1676,,,,,
Switzerland,CHE,1905,6.2398,,,,,
Taiwan,TWN,1905,0.2528,,,,,
Tajikistan,TJK,1905,0.1655,,,,,
Turkey,TUR,1905,1.5316,,,,,
Turkmenistan,TKM,1905,0.7683,,,,,
Ukraine,UKR,1905,12.7461,,,,,
United Kingdom,GBR,1905,437.6721,,,,,
United States of America,USA,1905,984.4985,,,,,
Uzbekistan,UZB,1905,2.6629,,,,,
Vietnam,VNM,1905,0.7914,,,,,
Zimbabwe,ZWE,1905,0.2345,,,,,
World,WLD,1905,2432.896,3221.1666666666665,,,,
Argentina,ARG,1906,6.2544,,,,,
Armenia,ARM,1906,0.3138,,,,,
Australia,AUS,1906,14.3592,,,,,
Austria,AUT,1906,33.5366,,,,,
Azerbaijan,AZE,1906,1.1948,,,,,
Belarus,BLR,1906,2.5791,,,,,
Belgium,BEL,1906,57.4955,,,,,
Bosnia & Herzegovina,BIH,1906,0.1854,,,,,
Brazil,BRA,1906,3.206,,,,,
Bulgaria,BGR,1906,0.3151,,,,,
Canada,CAN,1906,37.3911,,,,,
Chile,CHL,1906,2.4402,,,,,
China,CHN,1906,17.1109,,,,,
Croatia,HRV,1906,0.201,,,,,
Czech Republic,CZE,1906,40.887,,,,,
Denmark,DNK,1906,6.5439,,,,,
Estonia,EST,1906,0.6629,,,,,
Finland,FIN,1906,0.6156,,,,,
France,FRA,1906,136.5683,,,,,
Georgia,GEO,1906,0.5464,,,,,
Germany,DEU,1906,361.9409,,,,,
Greece,GRC,1906,0.2601,,,,,
Hungary,HUN,1906,10.1676,,,,,
India,IND,1906,21.3428,,,,,
Indonesia,IDN,1906,4.4518,,,,,
Iran,IRN,1906,0.0037,,,,,
Italy,ITA,1906,21.09,,,,,
Kazakhstan,KAZ,1906,5.9508,,,,,
Kyrgyzstan,KGZ,1906,0.373,,,,,
Latvia,LVA,1906,0.3701,,,,,
Lithuania,LTU,1906,0.6175,,,,,
"Macedonia, FYR",MKD,1906,0.1011,,,,,
Malaysia,MYS,1906,0.0366,,,,,
Mexico,MEX,1906,1.9163,,,,,
Moldova,MDA,1906,0.5445,,,,,
Netherlands,NLD,1906,18.0562,,,,,
New Zealand,NZL,1906,3.8619,,,,,
Norway,NOR,1906,4.2246,,,,,
Peru,PER,1906,0.4287,,,,,
Poland,POL,1906,78.6917,,,,,
Portugal,PRT,1906,2.8982,,,,,
Romania,ROU,1906,3.598,,,,,
Russian Federation,RUS,1906,50.8587,,,,,
Serbia,SRB,1906,0.584,,,,,
Slovakia,SVK,1906,11.2993,,,,,
Slovenia,SVN,1906,0.156,,,,,
South Africa,ZAF,1906,11.4647,,,,,
Spain,ESP,1906,13.8609,,,,,
Sweden,SWE,1906,11.2924,,,,,
Switzerland,CHE,1906,6.8956,,,,,
Taiwan,TWN,1906,0.2748,,,,,
Tajikistan,TJK,1906,0.1887,,,,,
Turkey,TUR,1906,1.5792,,,,,
Turkmenistan,TKM,1906,0.8763,,,,,
Ukraine,UKR,1906,14.5385,,,,,
United Kingdom,GBR,1906,453.3504,,,,,
United States of America,USA,1906,1033.3396,,,,,
Uzbekistan,UZB,1906,3.0373,,,,,
Vietnam,VNM,1906,0.8354,,,,,
Zimbabwe,ZWE,1906,0.2528,,,,,
World,WLD,1906,2594.112,3334.8333333333335,,,,
Argentina,ARG,1907,6.2544,,,,,
Armenia,ARM,1907,0.3515,,,,,
Australia,AUS,1907,15.4767,,,,,
Austria,AUT,1907,42.1177,,,,,
Azerbaijan,AZE,1907,1.3383,,,,,
Belarus,BLR,1907,2.8888,,,,,
Belgium,BEL,1907,58.3236,,,,,
Bosnia & Herzegovina,BIH,1907,0.1887,,,,,
Brazil,BRA,1907,3.4515,,,,,
Bulgaria,BGR,1907,0.4543,,,,,
Canada,CAN,1907,46.9908,,,,,
Chile,CHL,1907,2.1801,,,,,
China,CHN,1907,16.8397,,,,,
Croatia,HRV,1907,0.2046,,,,,
Czech Republic,CZE,1907,42.9712,,,,,
Denmark,DNK,1907,5.8331,,,,,
Estonia,EST,1907,0.7425,,,,,
Finland,FIN,1907,0.8867,,,,,
France,FRA,1907,145.5964,,,,,
Georgia,GEO,1907,0.612,,,,,
Germany,DEU,1907,442.1825,,,,,
Greece,GRC,1907,0.4287,,,,,
Hungary,HUN,1907,10.2042,,,,,
India,IND,1907,23.816,,,,,
Indonesia,IDN,1907,5.2945,,,,,
Iran,IRN,1907,0.0,,,,,
Italy,ITA,1907,22.8084,,,,,
Kazakhstan,KAZ,1907,6.6655,,,,,
Kyrgyzstan,KGZ,1907,0.4178,,,,,
Latvia,LVA,1907,0.4145,,,,,
Lithuania,LTU,1907,0.6917,,,,,
"Macedonia, FYR",MKD,1907,0.1029,,,,,
Malaysia,MYS,1907,0.0879,,,,,
Mexico,MEX,1907,2.2644,,,,,
Moldova,MDA,1907,0.6099,,,,,
Netherlands,NLD,1907,18.5801,,,,,
New Zealand,NZL,1907,4.0854,,,,,
Norway,NOR,1907,4.7815,,,,,
Peru,PER,1907,0.8024,,,,,
Philippines,PHL,1907,0.0073,,,,,
Poland,POL,1907,87.1959,,,,,
Portugal,PRT,1907,3.162,,,,,
Romania,ROU,1907,4.5544,,,,,
Russian Federation,RUS,1907,56.9664,,,,,
Serbia,SRB,1907,0.5945,,,,,
Slovakia,SVK,1907,11.8753,,,,,
Slovenia,SVN,1907,0.1588,,,,,
South Africa,ZAF,1907,12.6518,,,,,
Spain,ESP,1907,14.0954,,,,,
Sweden,SWE,1907,12.7764,,,,,
Switzerland,CHE,1907,7.9985,,,,,
Taiwan,TWN,1907,0.3591,,,,,
Tajikistan,TJK,1907,0.2114,,,,,
Turkey,TUR,1907,1.8796,,,,,
Turkmenistan,TKM,1907,0.9816,,,,,
Ukraine,UKR,1907,16.2844,,,,,
United Kingdom,GBR,1907,473.5683,,,,,
United States of America,USA,1907,1201.8067,,,,,
Uzbekistan,UZB,1907,3.402,,,,,
Vietnam,VNM,1907,0.85,,,,,
Zimbabwe,ZWE,1907,0.2785,,,,,
World,WLD,1907,2868.912,3368.2000000000003,,,,
Argentina,ARG,1908,7.6175,,,,,
Armenia,ARM,1908,0.3536,,,,,
Australia,AUS,1908,16.7555,,,,,
Austria,AUT,1908,58.9428,,,,,
Azerbaijan,AZE,1908,1.3466,,,,,
Belarus,BLR,1908,2.9067,,,,,
Belgium,BEL,1908,57.8472,,,,,
Bosnia & Herzegovina,BIH,1908,0.2031,,,,,
Brazil,BRA,1908,3.5944,,,,,
Bulgaria,BGR,1908,0.5972,,,,,
Canada,CAN,1908,47.4085,,,,,
Chile,CHL,1908,2.4585,,,,,
China,CHN,1908,22.7315,,,,,
Croatia,HRV,1908,0.2202,,,,,
Czech Republic,CZE,1908,43.7635,,,,,
Denmark,DNK,1908,7.2364,,,,,
Estonia,EST,1908,0.7471,,,,,
Finland,FIN,1908,1.407,,,,,
France,FRA,1908,146.7139,,,,,
Georgia,GEO,1908,0.6158,,,,,
Germany,DEU,1908,446.6416,,,,,
Greece,GRC,1908,0.7291,,,,,
Hungary,HUN,1908,10.7722,,,,,
India,IND,1908,27.2492,,,,,
Indonesia,IDN,1908,5.4923,,,,,
Iran,IRN,1908,0.0,,,,,
Italy,ITA,1908,23.2627,,,,,
Kazakhstan,KAZ,1908,6.7066,,,,,
Kyrgyzstan,KGZ,1908,0.4204,,,,,
Latvia,LVA,1908,0.4171,,,,,
Lithuania,LTU,1908,0.696,,,,,
"Macedonia, FYR",MKD,1908,0.1107,,,,,
Malaysia,MYS,1908,0.0916,,,,,
Mexico,MEX,1908,3.7703,,,,,
Moldova,MDA,1908,0.6137,,,,,
Netherlands,NLD,1908,18.9209,,,,,
New Zealand,NZL,1908,4.1513,,,,,
Norway,NOR,1908,5.7122,,,,,
Peru,PER,1908,1.2091,,,,,
Philippines,PHL,1908,0.0183,,,,,
Poland,POL,1908,93.0216,,,,,
Portugal,PRT,1908,3.1474,,,,,
Romania,ROU,1908,4.3895,,,,,
Russian Federation,RUS,1908,57.3181,,,,,
Serbia,SRB,1908,0.6398,,,,,
Slovakia,SVK,1908,12.0942,,,,,
Slovenia,SVN,1908,0.1709,,,,,
South Africa,ZAF,1908,13.0072,,,,,
Spain,ESP,1908,14.7842,,,,,
Sweden,SWE,1908,13.6447,,,,,
Switzerland,CHE,1908,8.0022,,,,,
Taiwan,TWN,1908,0.4104,,,,,
Tajikistan,TJK,1908,0.2127,,,,,
Trinidad & Tobago,TTO,1908,0.0,,,,,
Turkey,TUR,1908,1.7221,,,,,
Turkmenistan,TKM,1908,0.9876,,,,,
Ukraine,UKR,1908,16.3849,,,,,
United Kingdom,GBR,1908,461.9644,,,,,
United States of America,USA,1908,1050.9744,,,,,
Uzbekistan,UZB,1908,3.4231,,,,,
Venezuela,VEN,1908,0.0037,,,,,
Vietnam,VNM,1908,0.9197,,,,,
Zimbabwe,ZWE,1908,0.3957,,,,,
World,WLD,1908,2744.336,3402.2999999999997,,,,
Argentina,ARG,1909,5.9393,,,,,
Armenia,ARM,1909,0.3733,,,,,
Australia,AUS,1909,14.5534,,,,,
Austria,AUT,1909,42.169,,,,,
Azerbaijan,AZE,1909,1.4214,,,,,
Belarus,BLR,1909,3.0681,,,,,
Belgium,BEL,1909,57.763,,,,,
Bosnia & Herzegovina,BIH,1909,0.2087,,,,,
Brazil,BRA,1909,3.609,,,,,
Bulgaria,BGR,1909,0.6046,,,,,
Canada,CAN,1909,45.386,,,,,
Chile,CHL,1909,2.3523,,,,,
China,CHN,1909,20.8372,,,,,
Croatia,HRV,1909,0.2262,,,,,
Czech Republic,CZE,1909,43.4965,,,,,
Denmark,DNK,1909,8.0058,,,,,
Estonia,EST,1909,0.7886,,,,,
Finland,FIN,1909,1.2861,,,,,
France,FRA,1909,150.0958,,,,,
Georgia,GEO,1909,0.65,,,,,
Germany,DEU,1909,445.5754,,,,,
Greece,GRC,1909,0.5606,,,,,
Hungary,HUN,1909,11.8567,,,,,
India,IND,1909,26.3185,,,,,
Indonesia,IDN,1909,5.987,,,,,
Iran,IRN,1909,0.0,,,,,
Italy,ITA,1909,25.7066,,,,,
Kazakhstan,KAZ,1909,7.0791,,,,,
Korea (North),PRK,1909,0.0497,,,,,
Korea (South),KOR,1909,0.1079,,,,,
Kyrgyzstan,KGZ,1909,0.4437,,,,,
Latvia,LVA,1909,0.4402,,,,,
Lithuania,LTU,1909,0.7346,,,,,
"Macedonia, FYR",MKD,1909,0.1137,,,,,
Malaysia,MYS,1909,0.1685,,,,,
Mexico,MEX,1909,3.6933,,,,,
Moldova,MDA,1909,0.6478,,,,,
Netherlands,NLD,1909,19.9175,,,,,
New Zealand,NZL,1909,4.2649,,,,,
Norway,NOR,1909,5.7635,,,,,
Peru,PER,1909,1.5096,,,,,
Philippines,PHL,1909,0.055,,,,,
Poland,POL,1909,95.5351,,,,,
Portugal,PRT,1909,3.195,,,,,
Romania,ROU,1909,4.8548,,,,,
Russian Federation,RUS,1909,60.5015,,,,,
Serbia,SRB,1909,0.6572,,,,,
Slovakia,SVK,1909,12.0204,,,,,
Slovenia,SVN,1909,0.1755,,,,,
South Africa,ZAF,1909,14.9748,,,,,
Spain,ESP,1909,15.1653,,,,,
Sweden,SWE,1909,12.5565,,,,,
Switzerland,CHE,1909,8.0681,,,,,
Taiwan,TWN,1909,0.4873,,,,,
Tajikistan,TJK,1909,0.2245,,,,,
Trinidad & Tobago,TTO,1909,0.0256,,,,,
Turkey,TUR,1909,1.9566,,,,,
Turkmenistan,TKM,1909,1.0425,,,,,
Ukraine,UKR,1909,17.295,,,,,
United Kingdom,GBR,1909,466.0864,,,,,
United States of America,USA,1909,1163.353,,,,,
Uzbekistan,UZB,1909,3.6132,,,,,
Vietnam,VNM,1909,1.0186,,,,,
Zimbabwe,ZWE,1909,0.4104,,,,,
World,WLD,1909,2876.24,3429.433333333333,,,,
Argentina,ARG,1910,8.9108,,,,,
Armenia,ARM,1910,0.3661,,,,,
Australia,AUS,1910,17.437,,,,,
Austria,AUT,1910,57.5175,,,,,
Azerbaijan,AZE,1910,1.394,,,,,
Belarus,BLR,1910,3.009,,,,,
Belgium,BEL,1910,61.2877,,,,,
Bosnia & Herzegovina,BIH,1910,0.2064,,,,,
Brazil,BRA,1910,4.1989,,,,,
Bulgaria,BGR,1910,0.6339,,,,,
Canada,CAN,1910,51.6184,,,,,
Chile,CHL,1910,2.8103,,,,,
China,CHN,1910,18.7487,,,,,
Croatia,HRV,1910,0.2238,,,,,
Czech Republic,CZE,1910,43.0429,,,,,
Denmark,DNK,1910,7.35,,,,,
Estonia,EST,1910,0.7734,,,,,
Finland,FIN,1910,1.0626,,,,,
France,FRA,1910,150.6087,,,,,
Georgia,GEO,1910,0.6374,,,,,
Germany,DEU,1910,445.3665,,,,,
Greece,GRC,1910,0.7181,,,,,
Hungary,HUN,1910,11.6808,,,,,
India,IND,1910,25.6956,,,,,
Indonesia,IDN,1910,6.1116,,,,,
Iran,IRN,1910,0.0,,,,,
Ireland,IRL,1910,0.2162,,,,,
Italy,ITA,1910,25.7359,,,,,
Kazakhstan,KAZ,1910,6.9427,,,,,
Korea (North),PRK,1910,0.0624,,,,,
Korea (South),KOR,1910,0.1354,,,,,
Kyrgyzstan,KGZ,1910,0.4352,,,,,
Latvia,LVA,1910,0.4318,,,,,
Lithuania,LTU,1910,0.7205,,,,,
"Macedonia, FYR",MKD,1910,0.1125,,,,,
Malaysia,MYS,1910,0.2345,,,,,
Mexico,MEX,1910,4.155,,,,,
Moldova,MDA,1910,0.6353,,,,,
Netherlands,NLD,1910,20.8335,,,,,
New Zealand,NZL,1910,4.9024,,,,,
Norway,NOR,1910,5.9393,,,,,
Peru,PER,1910,1.33,,,,,
Philippines,PHL,1910,0.0513,,,,,
Poland,POL,1910,94.5495,,,,,
Portugal,PRT,1910,3.2463,,,,,
Romania,ROU,1910,4.8182,,,,,
Russian Federation,RUS,1910,59.3359,,,,,
Serbia,SRB,1910,0.6503,,,,,
Slovakia,SVK,1910,11.8951,,,,,
Slovenia,SVN,1910,0.1737,,,,,
South Africa,ZAF,1910,16.979,,,,,
Spain,ESP,1910,14.8942,,,,,
Sweden,SWE,1910,12.9889,,,,,
Switzerland,CHE,1910,7.7897,,,,,
Taiwan,TWN,1910,0.6156,,,,,
Tajikistan,TJK,1910,0.2202,,,,,
Trinidad & Tobago,TTO,1910,0.066,,,,,
Turkey,TUR,1910,1.8833,,,,,
Turkmenistan,TKM,1910,1.0224,,,,,
Ukraine,UKR,1910,16.9618,,,,,
United Kingdom,GBR,1910,469.7321,,,,,
United States of America,USA,1910,1269.2279,,,,,
Uzbekistan,UZB,1910,3.5436,,,,,
Vietnam,VNM,1910,1.3227,,,,,
Zimbabwe,ZWE,1910,0.4324,,,,,
World,WLD,1910,3000.816,3450.3333333333335,,,,
Argentina,ARG,1911,9.9441,,,,,
Armenia,ARM,1911,0.3796,,,,,
Australia,AUS,1911,19.2397,,,,,
Austria,AUT,1911,48.0387,,,,,
Azerbaijan,AZE,1911,1.4453,,,,,
Belarus,BLR,1911,3.1197,,,,,
Belgium,BEL,1911,61.6871,,,,,
Bosnia & Herzegovina,BIH,1911,0.2236,,,,,
Brazil,BRA,1911,4.6056,,,,,
Bulgaria,BGR,1911,0.8977,,,,,
Canada,CAN,1911,60.2655,,,,,
Chile,CHL,1911,3.1071,,,,,
China,CHN,1911,27.8464,,,,,
Croatia,HRV,1911,0.2424,,,,,
Czech Republic,CZE,1911,43.5884,,,,,
Denmark,DNK,1911,7.83,,,,,
Egypt,EGY,1911,0.011,,,,,
Estonia,EST,1911,0.8018,,,,,
Finland,FIN,1911,1.3117,,,,,
France,FRA,1911,156.9071,,,,,
Georgia,GEO,1911,0.6609,,,,,
Germany,DEU,1911,458.5862,,,,,
Greece,GRC,1911,0.905,,,,,
Hungary,HUN,1911,11.9959,,,,,
India,IND,1911,27.1136,,,,,
Indonesia,IDN,1911,6.7271,,,,,
Iran,IRN,1911,0.1356,,,,,
Italy,ITA,1911,26.5384,,,,,
Kazakhstan,KAZ,1911,7.1981,,,,,
Korea (North),PRK,1911,0.074,,,,,
Korea (South),KOR,1911,0.1605,,,,,
Kyrgyzstan,KGZ,1911,0.4512,,,,,
Latvia,LVA,1911,0.4476,,,,,
Lithuania,LTU,1911,0.747,,,,,
"Macedonia, FYR",MKD,1911,0.1219,,,,,
Malaysia,MYS,1911,0.0,,,,,
Mexico,MEX,1911,8.4016,,,,,
Moldova,MDA,1911,0.6587,,,,,
Netherlands,NLD,1911,22.0793,,,,,
New Zealand,NZL,1911,4.6093,,,,,
Norway,NOR,1911,6.0786,,,,,
Peru,PER,1911,1.5059,,,,,
Philippines,PHL,1911,0.0366,,,,,
Poland,POL,1911,99.6022,,,,,
Portugal,PRT,1911,3.14,,,,,
Romania,ROU,1911,5.7781,,,,,
Russian Federation,RUS,1911,61.5183,,,,,
Serbia,SRB,1911,0.7043,,,,,
Slovakia,SVK,1911,12.0458,,,,,
Slovenia,SVN,1911,0.1881,,,,,
South Africa,ZAF,1911,16.3414,,,,,
Spain,ESP,1911,14.7293,,,,,
Sweden,SWE,1911,12.6518,,,,,
Switzerland,CHE,1911,8.6104,,,,,
Taiwan,TWN,1911,0.6778,,,,,
Tajikistan,TJK,1911,0.2283,,,,,
Trinidad & Tobago,TTO,1911,0.1246,,,,,
Turkey,TUR,1911,2.2277,,,,,
Turkmenistan,TKM,1911,1.06,,,,,
Ukraine,UKR,1911,17.5856,,,,,
United Kingdom,GBR,1911,481.3507,,,,,
United States of America,USA,1911,1256.3856,,,,,
Uzbekistan,UZB,1911,3.6739,,,,,
Vietnam,VNM,1911,1.1578,,,,,
Zimbabwe,ZWE,1911,0.513,,,,,
World,WLD,1911,3059.44,3237.2999999999997,,,,
Argentina,ARG,1912,9.4788,,,,,
Armenia,ARM,1912,0.4299,,,,,
Australia,AUS,1912,20.7859,,,,,
Austria,AUT,1912,49.9403,,,,,
Azerbaijan,AZE,1912,1.6372,,,,,
Belarus,BLR,1912,3.5339,,,,,
Belgium,BEL,1912,64.7759,,,,,
Bosnia & Herzegovina,BIH,1912,0.2291,,,,,
Brazil,BRA,1912,5.5913,,,,,
Bulgaria,BGR,1912,0.8977,,,,,
Canada,CAN,1912,67.271,,,,,
Chile,CHL,1912,3.4625,,,,,
China,CHN,1912,9.7865,,,,,
Croatia,HRV,1912,0.2484,,,,,
Czech Republic,CZE,1912,46.3786,,,,,
Denmark,DNK,1912,9.2846,,,,,
Egypt,EGY,1912,0.0843,,,,,
Estonia,EST,1912,0.9083,,,,,
Finland,FIN,1912,1.4839,,,,,
France,FRA,1912,158.5779,,,,,
Georgia,GEO,1912,0.7486,,,,,
Germany,DEU,1912,499.1211,,,,,
Hungary,HUN,1912,12.3037,,,,,
India,IND,1912,31.2173,,,,,
Indonesia,IDN,1912,5.8404,,,,,
Iran,IRN,1912,0.2528,,,,,
Italy,ITA,1912,27.8501,,,,,
Kazakhstan,KAZ,1912,8.1538,,,,,
Korea (North),PRK,1912,0.0925,,,,,
Korea (South),KOR,1912,0.2007,,,,,
Kyrgyzstan,KGZ,1912,0.5111,,,,,
Latvia,LVA,1912,0.5071,,,,,
Lithuania,LTU,1912,0.8461,,,,,
"Macedonia, FYR",MKD,1912,0.1249,,,,,
Malaysia,MYS,1912,0.0183,,,,,
Mexico,MEX,1912,8.636,,,,,
Moldova,MDA,1912,0.7461,,,,,
Netherlands,NLD,1912,24.9225,,,,,
New Zealand,NZL,1912,4.8621,,,,,
Norway,NOR,1912,6.8773,,,,,
Peru,PER,1912,1.4583,,,,,
Philippines,PHL,1912,0.0037,,,,,
Poland,POL,1912,110.9349,,,,,
Portugal,PRT,1912,3.653,,,,,
Romania,ROU,1912,6.0126,,,,,
Russian Federation,RUS,1912,69.6867,,,,,
Serbia,SRB,1912,0.7217,,,,,
Slovakia,SVK,1912,12.8169,,,,,
Slovenia,SVN,1912,0.1928,,,,,
South Africa,ZAF,1912,17.349,,,,,
Spain,ESP,1912,15.9824,,,,,
Sweden,SWE,1912,14.0185,,,,,
Switzerland,CHE,1912,8.7606,,,,,
Taiwan,TWN,1912,0.7401,,,,,
Tajikistan,TJK,1912,0.2586,,,,,
Trinidad & Tobago,TTO,1912,0.1979,,,,,
Turkey,TUR,1912,1.9969,,,,,
Turkmenistan,TKM,1912,1.2007,,,,,
Ukraine,UKR,1912,19.9206,,,,,
United Kingdom,GBR,1912,455.8859,,,,,
United States of America,USA,1912,1341.2109,,,,,
Uzbekistan,UZB,1912,4.1617,,,,,
Vietnam,VNM,1912,1.1395,,,,,
Zimbabwe,ZWE,1912,0.5203,,,,,
World,WLD,1912,3220.656,3102.7333333333336,,,,
Argentina,ARG,1913,10.142,,,,,
Armenia,ARM,1913,0.4671,,,,,
Australia,AUS,1913,22.3907,,,,,
Austria,AUT,1913,59.6279,,,,,
Azerbaijan,AZE,1913,1.7786,,,,,
Belarus,BLR,1913,3.839,,,,,
Belgium,BEL,1913,68.0148,,,,,
Bosnia & Herzegovina,BIH,1913,0.6293,,,,,
Brazil,BRA,1913,6.0346,,,,,
Bulgaria,BGR,1913,0.7878,,,,,
Canada,CAN,1913,79.2816,,,,,
Chile,CHL,1913,3.3562,,,,,
China,CHN,1913,10.7575,,,,,
Croatia,HRV,1913,0.6822,,,,,
Czech Republic,CZE,1913,48.5116,,,,,
Denmark,DNK,1913,9.5264,,,,,
Egypt,EGY,1913,0.0403,,,,,
Estonia,EST,1913,0.9867,,,,,
Finland,FIN,1913,1.6635,,,,,
France,FRA,1913,171.1125,,,,,
Georgia,GEO,1913,0.8133,,,,,
Germany,DEU,1913,535.0832,,,,,
Greece,GRC,1913,1.3374,,,,,
Hungary,HUN,1913,13.0255,,,,,
India,IND,1913,34.4379,,,,,
Indonesia,IDN,1913,5.899,,,,,
Iran,IRN,1913,0.8537,,,,,
Ireland,IRL,1913,0.2235,,,,,
Italy,ITA,1913,29.9642,,,,,
Kazakhstan,KAZ,1913,8.8579,,,,,
Korea (North),PRK,1913,0.1075,,,,,
Korea (South),KOR,1913,0.2333,,,,,
Kyrgyzstan,KGZ,1913,0.5552,,,,,
Latvia,LVA,1913,0.5509,,,,,
Lithuania,LTU,1913,0.9192,,,,,
"Macedonia, FYR",MKD,1913,0.343,,,,,
Malaysia,MYS,1913,0.0623,,,,,
Mexico,MEX,1913,11.7395,,,,,
Moldova,MDA,1913,0.8106,,,,,
Netherlands,NLD,1913,27.5496,,,,,
New Zealand,NZL,1913,4.2136,,,,,
Norway,NOR,1913,6.9176,,,,,
Peru,PER,1913,1.5719,,,,,
Philippines,PHL,1913,0.0073,,,,,
Poland,POL,1913,116.2074,,,,,
Portugal,PRT,1913,3.8582,,,,,
Romania,ROU,1913,6.9909,,,,,
Russian Federation,RUS,1913,75.7041,,,,,
Serbia,SRB,1913,1.9821,,,,,
Slovakia,SVK,1913,13.4064,,,,,
Slovenia,SVN,1913,0.5294,,,,,
South Africa,ZAF,1913,18.9832,,,,,
Spain,ESP,1913,17.4187,,,,,
Sweden,SWE,1913,15.7589,,,,,
Switzerland,CHE,1913,9.2553,,,,,
Taiwan,TWN,1913,0.8537,,,,,
Tajikistan,TJK,1913,0.2809,,,,,
Trinidad & Tobago,TTO,1913,0.2235,,,,,
Turkey,TUR,1913,2.0372,,,,,
Turkmenistan,TKM,1913,1.3044,,,,,
Ukraine,UKR,1913,21.6408,,,,,
United Kingdom,GBR,1913,498.3223,,,,,
United States of America,USA,1913,1440.1132,,,,,
Uzbekistan,UZB,1913,4.5211,,,,,
Venezuela,VEN,1913,0.0147,,,,,
Vietnam,VNM,1913,1.352,,,,,
Zimbabwe,ZWE,1913,0.5826,,,,,
World,WLD,1913,3458.816,2991.633333333333,,,,
Argentina,ARG,1914,8.669,,,,,
Armenia,ARM,1914,0.4215,,,,,
Australia,AUS,1914,24.4792,,,,,
Austria,AUT,1914,48.8338,,,,,
Azerbaijan,AZE,1914,1.6051,,,,,
Belarus,BLR,1914,3.4647,,,,,
Belgium,BEL,1914,40.5751,,,,,
Brazil,BRA,1914,4.1073,,,,,
Bulgaria,BGR,1914,1.1835,,,,,
Canada,CAN,1914,68.3776,,,,,
Chile,CHL,1914,2.8433,,,,,
China,CHN,1914,15.1067,,,,,
Czech Republic,CZE,1914,44.2256,,,,,
Denmark,DNK,1914,9.7646,,,,,
Egypt,EGY,1914,0.3078,,,,,
Estonia,EST,1914,0.8905,,,,,
Finland,FIN,1914,0.6888,,,,,
France,FRA,1914,118.3509,,,,,
Georgia,GEO,1914,0.734,,,,,
Germany,DEU,1914,497.9266,,,,,
Greece,GRC,1914,0.011,,,,,
Hungary,HUN,1914,11.5929,,,,,
India,IND,1914,34.7127,,,,,
Indonesia,IDN,1914,6.0163,,,,,
Iran,IRN,1914,1.1725,,,,,
Ireland,IRL,1914,0.2492,,,,,
Italy,ITA,1914,27.2382,,,,,
Kazakhstan,KAZ,1914,7.9942,,,,,
Korea (North),PRK,1914,0.1537,,,,,
Korea (South),KOR,1914,0.3336,,,,,
Kyrgyzstan,KGZ,1914,0.5011,,,,,
Latvia,LVA,1914,0.4971,,,,,
Lithuania,LTU,1914,0.8296,,,,,
Malaysia,MYS,1914,0.1466,,,,,
Mexico,MEX,1914,10.142,,,,,
Moldova,MDA,1914,0.7315,,,,,
Netherlands,NLD,1914,25.8202,,,,,
New Zealand,NZL,1914,5.082,,,,,
Norway,NOR,1914,7.7091,,,,,
Peru,PER,1914,1.5425,,,,,
Philippines,PHL,1914,0.0183,,,,,
Poland,POL,1914,97.0007,,,,,
Portugal,PRT,1914,3.3745,,,,,
Romania,ROU,1914,5.7818,,,,,
Russian Federation,RUS,1914,68.3226,,,,,
Slovakia,SVK,1914,12.2219,,,,,
South Africa,ZAF,1914,18.4006,,,,,
Spain,ESP,1914,17.3014,,,,,
Sweden,SWE,1914,14.8502,,,,,
Switzerland,CHE,1914,8.4272,,,,,
Taiwan,TWN,1914,0.9197,,,,,
Tajikistan,TJK,1914,0.2535,,,,,
Trinidad & Tobago,TTO,1914,0.2895,,,,,
Turkey,TUR,1914,1.6635,,,,,
Turkmenistan,TKM,1914,1.1772,,,,,
Ukraine,UKR,1914,19.5307,,,,,
United Kingdom,GBR,1914,483.1827,,,,,
United States of America,USA,1914,1315.6984,,,,,
Uzbekistan,UZB,1914,4.0802,,,,,
Venezuela,VEN,1914,0.033,,,,,
Vietnam,VNM,1914,1.6451,,,,,
Zimbabwe,ZWE,1914,0.8427,,,,,
World,WLD,1914,3114.4,2950.933333333333,,,,
Argentina,ARG,1915,6.936,,,,,
Armenia,ARM,1915,0.3869,,,,,
Australia,AUS,1915,21.7935,,,,,
Austria,AUT,1915,34.8996,,,,,
Azerbaijan,AZE,1915,1.4733,,,,,
Belarus,BLR,1915,3.1801,,,,,
Belgium,BEL,1915,34.4196,,,,,
Brazil,BRA,1915,3.1437,,,,,
Bulgaria,BGR,1915,0.7621,,,,,
Canada,CAN,1915,61.1192,,,,,
Chile,CHL,1915,3.0668,,,,,
China,CHN,1915,16.0886,,,,,
Czech Republic,CZE,1915,44.1252,,,,,
Denmark,DNK,1915,10.4534,,,,,
Egypt,EGY,1915,0.0916,,,,,
Estonia,EST,1915,0.8174,,,,,
Finland,FIN,1915,0.1063,,,,,
France,FRA,1915,103.2332,,,,,
Georgia,GEO,1915,0.6737,,,,,
Germany,DEU,1915,462.9061,,,,,
Greece,GRC,1915,0.022,,,,,
Hungary,HUN,1915,11.7651,,,,,
India,IND,1915,36.2773,,,,,
Indonesia,IDN,1915,6.0309,,,,,
Iran,IRN,1915,1.4033,,,,,
Ireland,IRL,1915,0.2272,,,,,
Italy,ITA,1915,23.7794,,,,,
Kazakhstan,KAZ,1915,7.3376,,,,,
Korea (North),PRK,1915,0.1919,,,,,
Korea (South),KOR,1915,0.4164,,,,,
Kyrgyzstan,KGZ,1915,0.4599,,,,,
Latvia,LVA,1915,0.4563,,,,,
Lithuania,LTU,1915,0.7614,,,,,
Malaysia,MYS,1915,0.2052,,,,,
Mexico,MEX,1915,14.3152,,,,,
Moldova,MDA,1915,0.6714,,,,,
Netherlands,NLD,1915,24.5341,,,,,
New Zealand,NZL,1915,4.9317,,,,,
Nigeria,NGA,1915,0.0183,,,,,
Norway,NOR,1915,8.4528,,,,,
Peru,PER,1915,1.887,,,,,
Philippines,PHL,1915,0.055,,,,,
Poland,POL,1915,94.7437,,,,,
Portugal,PRT,1915,3.0851,,,,,
Romania,ROU,1915,5.1479,,,,,
Russian Federation,RUS,1915,62.711,,,,,
Slovakia,SVK,1915,12.1942,,,,,
South Africa,ZAF,1915,18.5105,,,,,
Spain,ESP,1915,15.3119,,,,,
Sweden,SWE,1915,14.9491,,,,,
Switzerland,CHE,1915,8.9255,,,,,
Taiwan,TWN,1915,1.0149,,,,,
Tajikistan,TJK,1915,0.2327,,,,,
Trinidad & Tobago,TTO,1915,0.3334,,,,,
Turkey,TUR,1915,1.0369,,,,,
Turkmenistan,TKM,1915,1.0806,,,,,
Ukraine,UKR,1915,17.9266,,,,,
United Kingdom,GBR,1915,489.4811,,,,,
United States of America,USA,1915,1365.2687,,,,,
Uzbekistan,UZB,1915,3.7451,,,,,
Venezuela,VEN,1915,0.0513,,,,,
Vietnam,VNM,1915,1.7074,,,,,
Zimbabwe,ZWE,1915,0.9856,,,,,
World,WLD,1915,3070.432,2907.6666666666665,,,,
Algeria,DZA,1916,0.0037,,,,,
Argentina,ARG,1916,4.983,,,,,
Armenia,ARM,1916,0.4124,,,,,
Australia,AUS,1916,19.2726,,,,,
Austria,AUT,1916,8.0315,,,,,
Azerbaijan,AZE,1916,1.5702,,,,,
Belarus,BLR,1916,3.3894,,,,,
Belgium,BEL,1916,45.7927,,,,,
Brazil,BRA,1916,2.8799,,,,,
Bulgaria,BGR,1916,0.9233,,,,,
Canada,CAN,1916,76.453,,,,,
Chile,CHL,1916,3.708,,,,,
China,CHN,1916,17.9646,,,,,
Czech Republic,CZE,1916,46.9643,,,,,
Denmark,DNK,1916,10.2152,,,,,
Egypt,EGY,1916,0.1795,,,,,
Estonia,EST,1916,0.8712,,,,,
Finland,FIN,1916,0.1795,,,,,
France,FRA,1916,109.6892,,,,,
Georgia,GEO,1916,0.718,,,,,
Germany,DEU,1916,500.6966,,,,,
Greece,GRC,1916,0.066,,,,,
Hungary,HUN,1916,11.8347,,,,,
India,IND,1916,36.684,,,,,
Indonesia,IDN,1916,6.7637,,,,,
Iran,IRN,1916,2.0079,,,,,
Ireland,IRL,1916,0.2418,,,,,
Italy,ITA,1916,23.5156,,,,,
Kazakhstan,KAZ,1916,7.8204,,,,,
Korea (North),PRK,1916,0.1595,,,,,
Korea (South),KOR,1916,0.3461,,,,,
Kyrgyzstan,KGZ,1916,0.4902,,,,,
Latvia,LVA,1916,0.4863,,,,,
Lithuania,LTU,1916,0.8115,,,,,
Malaysia,MYS,1916,0.5496,,,,,
Mexico,MEX,1916,17.1842,,,,,
Moldova,MDA,1916,0.7156,,,,,
Netherlands,NLD,1916,22.3944,,,,,
New Zealand,NZL,1916,5.038,,,,,
Nigeria,NGA,1916,0.066,,,,,
Norway,NOR,1916,7.8959,,,,,
Peru,PER,1916,1.9639,,,,,
Philippines,PHL,1916,0.0513,,,,,
Poland,POL,1916,108.7732,,,,,
Portugal,PRT,1916,2.9862,,,,,
Romania,ROU,1916,2.9972,,,,,
Russian Federation,RUS,1916,66.8369,,,,,
Slovakia,SVK,1916,12.9788,,,,,
South Africa,ZAF,1916,21.8118,,,,,
Spain,ESP,1916,17.8657,,,,,
Sweden,SWE,1916,15.7552,,,,,
Switzerland,CHE,1916,8.4822,,,,,
Taiwan,TWN,1916,1.385,,,,,
Tajikistan,TJK,1916,0.248,,,,,
Trinidad & Tobago,TTO,1916,0.414,,,,,
Tunisia,TUN,1916,0.011,,,,,
Turkey,TUR,1916,0.513,,,,,
Turkmenistan,TKM,1916,1.1516,,,,,
Ukraine,UKR,1916,19.106,,,,,
United Kingdom,GBR,1916,507.072,,,,,
United States of America,USA,1916,1516.2585,,,,,
Uzbekistan,UZB,1916,3.9915,,,,,
Venezuela,VEN,1916,0.0806,,,,,
Vietnam,VNM,1916,1.8173,,,,,
Zimbabwe,ZWE,1916,1.1835,,,,,
World,WLD,1916,3297.6,2915.366666666667,,,,
Algeria,DZA,1917,0.0073,,,,,
Argentina,ARG,1917,2.2314,,,,,
Armenia,ARM,1917,0.3795,,,,,
Australia,AUS,1917,20.7602,,,,,
Austria,AUT,1917,3.4515,,,,,
Azerbaijan,AZE,1917,1.4452,,,,,
Belarus,BLR,1917,3.1194,,,,,
Belgium,BEL,1917,36.248,,,,,
Brazil,BRA,1917,2.4988,,,,,
Bulgaria,BGR,1917,1.1395,,,,,
Canada,CAN,1917,85.2466,,,,,
Chile,CHL,1917,4.0267,,,,,
China,CHN,1917,19.8516,,,,,
Czech Republic,CZE,1917,44.1654,,,,,
Denmark,DNK,1917,7.4343,,,,,
Ecuador,ECU,1917,0.0256,,,,,
Egypt,EGY,1917,0.4214,,,,,
Estonia,EST,1917,0.8018,,,,,
Finland,FIN,1917,0.1209,,,,,
France,FRA,1917,121.6045,,,,,
Georgia,GEO,1917,0.6608,,,,,
Germany,DEU,1917,524.5749,,,,,
Greece,GRC,1917,0.0916,,,,,
Hungary,HUN,1917,11.7175,,,,,
India,IND,1917,38.3584,,,,,
Indonesia,IDN,1917,7.1375,,,,,
Iran,IRN,1917,2.7993,,,,,
Ireland,IRL,1917,0.2565,,,,,
Italy,ITA,1917,16.1216,,,,,
Kazakhstan,KAZ,1917,7.1976,,,,,
Kyrgyzstan,KGZ,1917,0.4511,,,,,
Latvia,LVA,1917,0.4476,,,,,
Lithuania,LTU,1917,0.7469,,,,,
Malaysia,MYS,1917,0.6485,,,,,
Mexico,MEX,1917,26.1316,,,,,
Moldova,MDA,1917,0.6586,,,,,
Netherlands,NLD,1917,8.6544,,,,,
New Zealand,NZL,1917,4.6166,,,,,
Nigeria,NGA,1917,0.2235,,,,,
Norway,NOR,1917,3.4955,,,,,
Peru,PER,1917,2.0042,,,,,
Philippines,PHL,1917,0.011,,,,,
Poland,POL,1917,120.8827,,,,,
Portugal,PRT,1917,1.6561,,,,,
Romania,ROU,1917,2.5135,,,,,
Russian Federation,RUS,1917,61.5138,,,,,
Slovakia,SVK,1917,12.2053,,,,,
South Africa,ZAF,1917,23.3397,,,,,
Spain,ESP,1917,15.8505,,,,,
Sweden,SWE,1917,6.7637,,,,,
Switzerland,CHE,1917,6.1079,,,,,
Taiwan,TWN,1917,1.799,,,,,
Tajikistan,TJK,1917,0.2283,,,,,
Trinidad & Tobago,TTO,1917,0.5276,,,,,
Tunisia,TUN,1917,0.0293,,,,,
Turkey,TUR,1917,0.392,,,,,
Turkmenistan,TKM,1917,1.0599,,,,,
Ukraine,UKR,1917,17.5844,,,,,
United Kingdom,GBR,1917,501.1656,,,,,
United States of America,USA,1917,1668.4684,,,,,
Uzbekistan,UZB,1917,3.6736,,,,,
Venezuela,VEN,1917,0.0806,,,,,
Vietnam,VNM,1917,1.7367,,,,,
Zimbabwe,ZWE,1917,1.3227,,,,,
World,WLD,1917,3502.784,2926.7333333333336,,,,
Algeria,DZA,1918,0.0183,,,,,
Argentina,ARG,1918,2.5208,,,,,
Armenia,ARM,1918,0.1514,,,,,
Australia,AUS,1918,22.9403,,,,,
Austria,AUT,1918,3.3379,,,,,
Azerbaijan,AZE,1918,0.5763,,,,,
Belarus,BLR,1918,1.244,,,,,
Belgium,BEL,1918,33.7235,,,,,
Brazil,BRA,1918,2.323,,,,,
Bulgaria,BGR,1918,1.4216,,,,,
Canada,CAN,1918,89.5188,,,,,
Chile,CHL,1918,3.9681,,,,,
China,CHN,1918,21.0424,,,,,
Czech Republic,CZE,1918,37.6547,,,,,
Denmark,DNK,1918,8.6764,,,,,
Ecuador,ECU,1918,0.0256,,,,,
Egypt,EGY,1918,0.8647,,,,,
Estonia,EST,1918,0.3198,,,,,
Finland,FIN,1918,0.0733,,,,,
France,FRA,1918,108.4507,,,,,
Georgia,GEO,1918,0.2635,,,,,
Germany,DEU,1918,503.4226,,,,,
Greece,GRC,1918,0.1246,,,,,
Hungary,HUN,1918,10.6512,,,,,
India,IND,1918,43.1583,,,,,
Indonesia,IDN,1918,7.1301,,,,,
Iran,IRN,1918,3.4478,,,,,
Ireland,IRL,1918,0.2455,,,,,
Italy,ITA,1918,18.9759,,,,,
Kazakhstan,KAZ,1918,2.8704,,,,,
Korea (North),PRK,1918,0.1572,,,,,
Korea (South),KOR,1918,0.3411,,,,,
Kyrgyzstan,KGZ,1918,0.1799,,,,,
Latvia,LVA,1918,0.1785,,,,,
Lithuania,LTU,1918,0.2979,,,,,
Malaysia,MYS,1918,0.6705,,,,,
Mexico,MEX,1918,30.642,,,,,
Moldova,MDA,1918,0.2627,,,,,
Netherlands,NLD,1918,14.5241,,,,,
New Zealand,NZL,1918,4.5434,,,,,
Nigeria,NGA,1918,0.3994,,,,,
Norway,NOR,1918,4.4518,,,,,
Peru,PER,1918,1.9456,,,,,
Philippines,PHL,1918,0.0293,,,,,
Poland,POL,1918,101.5258,,,,,
Portugal,PRT,1918,1.0955,,,,,
Romania,ROU,1918,3.1877,,,,,
Russian Federation,RUS,1918,24.532,,,,,
Slovakia,SVK,1918,10.406,,,,,
South Africa,ZAF,1918,22.2222,,,,,
Spain,ESP,1918,16.7335,,,,,
Sweden,SWE,1918,8.0022,,,,,
Switzerland,CHE,1918,5.7452,,,,,
Taiwan,TWN,1918,2.1434,,,,,
Tajikistan,TJK,1918,0.091,,,,,
Trinidad & Tobago,TTO,1918,0.7694,,,,,
Tunisia,TUN,1918,0.0403,,,,,
Turkey,TUR,1918,0.458,,,,,
Turkmenistan,TKM,1918,0.4227,,,,,
Ukraine,UKR,1918,7.0127,,,,,
United Kingdom,GBR,1918,466.8486,,,,,
United States of America,USA,1918,1745.5846,,,,,
Uzbekistan,UZB,1918,1.4651,,,,,
Venezuela,VEN,1918,0.2162,,,,,
Vietnam,VNM,1918,1.6891,,,,,
Zimbabwe,ZWE,1918,1.1798,,,,,
World,WLD,1918,3429.504,2938.4666666666667,,,,
Algeria,DZA,1919,0.022,,,,,
Argentina,ARG,1919,3.7263,,,,,
Armenia,ARM,1919,0.1293,,,,,
Australia,AUS,1919,21.7385,,,,,
Austria,AUT,1919,3.0155,,,,,
Azerbaijan,AZE,1919,0.4923,,,,,
Belarus,BLR,1919,1.0626,,,,,
Belgium,BEL,1919,44.8693,,,,,
Bosnia & Herzegovina,BIH,1919,0.4511,,,,,
Brazil,BRA,1919,3.0704,,,,,
Bulgaria,BGR,1919,0.8354,,,,,
Canada,CAN,1919,76.0903,,,,,
Chile,CHL,1919,3.8838,,,,,
China,CHN,1919,24.2557,,,,,
Croatia,HRV,1919,0.489,,,,,
Czech Republic,CZE,1919,35.5734,,,,,
Denmark,DNK,1919,8.2367,,,,,
Ecuador,ECU,1919,0.0256,,,,,
Egypt,EGY,1919,0.6888,,,,,
Estonia,EST,1919,0.2731,,,,,
Finland,FIN,1919,0.2382,,,,,
France,FRA,1919,116.1378,,,,,
Georgia,GEO,1919,0.2251,,,,,
Germany,DEU,1919,387.4277,,,,,
Greece,GRC,1919,0.1063,,,,,
Hungary,HUN,1919,4.7559,,,,,
India,IND,1919,47.1264,,,,,
Indonesia,IDN,1919,7.6394,,,,,
Iran,IRN,1919,4.3199,,,,,
Ireland,IRL,1919,0.2492,,,,,
Italy,ITA,1919,18.6095,,,,,
Kazakhstan,KAZ,1919,2.4518,,,,,
Korea (North),PRK,1919,0.1861,,,,,
Korea (South),KOR,1919,0.4038,,,,,
Kyrgyzstan,KGZ,1919,0.1537,,,,,
Latvia,LVA,1919,0.1525,,,,,
Lithuania,LTU,1919,0.2544,,,,,
"Macedonia, FYR",MKD,1919,0.2458,,,,,
Malaysia,MYS,1919,0.7694,,,,,
Mexico,MEX,1919,41.0844,,,,,
Moldova,MDA,1919,0.2244,,,,,
Netherlands,NLD,1919,21.9803,,,,,
New Zealand,NZL,1919,4.1293,,,,,
Nigeria,NGA,1919,0.3701,,,,,
Norway,NOR,1919,5.2908,,,,,
Peru,PER,1919,1.9822,,,,,
Philippines,PHL,1919,0.0586,,,,,
Poland,POL,1919,2.7297,,,,,
Portugal,PRT,1919,2.1581,,,,,
Romania,ROU,1919,4.6643,,,,,
Russian Federation,RUS,1919,20.954,,,,,
Serbia,SRB,1919,1.4208,,,,,
Slovakia,SVK,1919,9.8309,,,,,
Slovenia,SVN,1919,0.3795,,,,,
South Africa,ZAF,1919,23.1382,,,,,
Spain,ESP,1919,15.9311,,,,,
Sweden,SWE,1919,7.6761,,,,,
Switzerland,CHE,1919,4.6056,,,,,
Taiwan,TWN,1919,2.9092,,,,,
Tajikistan,TJK,1919,0.0778,,,,,
Trinidad & Tobago,TTO,1919,0.6485,,,,,
Turkey,TUR,1919,0.938,,,,,
Turkmenistan,TKM,1919,0.3611,,,,,
Ukraine,UKR,1919,5.9899,,,,,
United Kingdom,GBR,1919,456.1314,,,,,
United States of America,USA,1919,1476.9511,,,,,
Uzbekistan,UZB,1919,1.2514,,,,,
Venezuela,VEN,1919,0.2125,,,,,
Vietnam,VNM,1919,1.766,,,,,
Zimbabwe,ZWE,1919,1.2274,,,,,
World,WLD,1919,2953.184,2959.366666666667,,,,
Algeria,DZA,1920,0.022,,,,,
Argentina,ARG,1920,5.8917,,,,,
Armenia,ARM,1920,0.1179,,,,,
Australia,AUS,1920,25.7323,,,,,
Austria,AUT,1920,14.5278,,,,,
Azerbaijan,AZE,1920,0.4489,,,,,
Belarus,BLR,1920,0.969,,,,,
Belgium,BEL,1920,55.1542,,,,,
Bosnia & Herzegovina,BIH,1920,0.5988,,,,,
Brazil,BRA,1920,3.6457,,,,,
Bulgaria,BGR,1920,1.0992,,,,,
Canada,CAN,1920,84.3746,,,,,
Chile,CHL,1920,2.781,,,,,
China,CHN,1920,26.7692,,,,,
"Congo, Dem. Republic",COD,1920,0.0037,,,,,
Croatia,HRV,1920,0.6492,,,,,
Czech Republic,CZE,1920,35.2777,,,,,
Denmark,DNK,1920,7.1924,,,,,
Ecuador,ECU,1920,0.0256,,,,,
Egypt,EGY,1920,0.4543,,,,,
Estonia,EST,1920,0.249,,,,,
Finland,FIN,1920,0.2748,,,,,
France,FRA,1920,151.7775,,,,,
Georgia,GEO,1920,0.2053,,,,,
Germany,DEU,1920,429.2083,,,,,
Greece,GRC,1920,0.6778,,,,,
Hungary,HUN,1920,5.5876,,,,,
India,IND,1920,38.1606,,,,,
Indonesia,IDN,1920,8.2623,,,,,
Iran,IRN,1920,5.4374,,,,,
Ireland,IRL,1920,0.2931,,,,,
Italy,ITA,1920,17.8693,,,,,
Kazakhstan,KAZ,1920,2.2357,,,,,
Korea (North),PRK,1920,0.2415,,,,,
Korea (South),KOR,1920,0.5242,,,,,
Kyrgyzstan,KGZ,1920,0.1401,,,,,
Latvia,LVA,1920,0.139,,,,,
Lithuania,LTU,1920,0.232,,,,,
"Macedonia, FYR",MKD,1920,0.3264,,,,,
Malaysia,MYS,1920,1.1102,,,,,
Mexico,MEX,1920,76.2368,,,,,
Moldova,MDA,1920,0.2046,,,,,
Netherlands,NLD,1920,22.1745,,,,,
New Zealand,NZL,1920,3.5577,,,,,
Nigeria,NGA,1920,0.4873,,,,,
Norway,NOR,1920,5.3018,,,,,
Peru,PER,1920,2.1471,,,,,
Philippines,PHL,1920,0.1026,,,,,
Poland,POL,1920,76.3761,,,,,
Portugal,PRT,1920,2.1031,,,,,
Romania,ROU,1920,5.485,,,,,
Russian Federation,RUS,1920,19.1075,,,,,
Serbia,SRB,1920,1.8863,,,,,
Slovakia,SVK,1920,9.7492,,,,,
Slovenia,SVN,1920,0.5038,,,,,
South Africa,ZAF,1920,25.6663,,,,,
Spain,ESP,1920,14.0551,,,,,
Sweden,SWE,1920,10.4021,,,,,
Switzerland,CHE,1920,7.2327,,,,,
Taiwan,TWN,1920,3.0448,,,,,
Tajikistan,TJK,1920,0.0709,,,,,
Trinidad & Tobago,TTO,1920,0.8684,,,,,
Tunisia,TUN,1920,0.0293,,,,,
Turkey,TUR,1920,1.4033,,,,,
Turkmenistan,TKM,1920,0.3292,,,,,
Ukraine,UKR,1920,5.4621,,,,,
United Kingdom,GBR,1920,470.0143,,,,,
United States of America,USA,1920,1736.0985,,,,,
Uzbekistan,UZB,1920,1.1411,,,,,
Venezuela,VEN,1920,0.1466,,,,,
Vietnam,VNM,1920,1.8576,,,,,
Zimbabwe,ZWE,1920,1.3887,,,,,
World,WLD,1920,3414.848,2965.6,,,,
Algeria,DZA,1921,0.0256,,,,,
Argentina,ARG,1921,5.54,,,,,
Armenia,ARM,1921,0.1279,,,,,
Australia,AUS,1921,23.1528,,,,,
Austria,AUT,1921,19.3386,,,,,
Azerbaijan,AZE,1921,0.4869,,,,,
Belarus,BLR,1921,1.0509,,,,,
Belgium,BEL,1921,50.5339,,,,,
Bosnia & Herzegovina,BIH,1921,0.6376,,,,,
Brazil,BRA,1921,2.8909,,,,,
Bulgaria,BGR,1921,1.3667,,,,,
Canada,CAN,1921,80.4834,,,,,
Chile,CHL,1921,3.3342,,,,,
China,CHN,1921,25.2889,,,,,
Colombia,COL,1921,0.0293,,,,,
"Congo, Dem. Republic",COD,1921,0.0073,,,,,
Croatia,HRV,1921,0.6912,,,,,
Czech Republic,CZE,1921,33.8855,,,,,
Denmark,DNK,1921,6.7931,,,,,
Ecuador,ECU,1921,0.0256,,,,,
Egypt,EGY,1921,0.5606,,,,,
Estonia,EST,1921,0.2701,,,,,
Finland,FIN,1921,0.2821,,,,,
France,FRA,1921,137.9056,,,,,
Georgia,GEO,1921,0.2226,,,,,
Germany,DEU,1921,473.18,,,,,
Greece,GRC,1921,0.7438,,,,,
Hungary,HUN,1921,9.2369,,,,,
India,IND,1921,41.0441,,,,,
Indonesia,IDN,1921,8.7606,,,,,
Iran,IRN,1921,7.2547,,,,,
Ireland,IRL,1921,0.2382,,,,,
Italy,ITA,1921,21.8814,,,,,
Kazakhstan,KAZ,1921,2.4249,,,,,
Korea (North),PRK,1921,0.26,,,,,
Korea (South),KOR,1921,0.5644,,,,,
Kyrgyzstan,KGZ,1921,0.152,,,,,
Latvia,LVA,1921,0.1508,,,,,
Lithuania,LTU,1921,0.2516,,,,,
"Macedonia, FYR",MKD,1921,0.3475,,,,,
Malaysia,MYS,1921,1.418,,,,,
Mexico,MEX,1921,90.2883,,,,,
Moldova,MDA,1921,0.2219,,,,,
Netherlands,NLD,1921,23.2334,,,,,
New Zealand,NZL,1921,3.4991,,,,,
Nigeria,NGA,1921,0.5716,,,,,
Norway,NOR,1921,3.3745,,,,,
Peru,PER,1921,2.4476,,,,,
Philippines,PHL,1921,0.0696,,,,,
Poland,POL,1921,74.9471,,,,,
Portugal,PRT,1921,2.1471,,,,,
Romania,ROU,1921,5.9174,,,,,
Russian Federation,RUS,1921,20.7241,,,,,
Serbia,SRB,1921,2.0083,,,,,
Slovakia,SVK,1921,9.3644,,,,,
Slovenia,SVN,1921,0.5364,,,,,
South Africa,ZAF,1921,25.4135,,,,,
Spain,ESP,1921,14.8465,,,,,
Sweden,SWE,1921,6.0126,,,,,
Switzerland,CHE,1921,4.4664,,,,,
Taiwan,TWN,1921,2.7553,,,,,
Tajikistan,TJK,1921,0.0769,,,,,
Trinidad & Tobago,TTO,1921,1.0003,,,,,
Tunisia,TUN,1921,0.022,,,,,
Turkey,TUR,1921,0.8427,,,,,
Turkmenistan,TKM,1921,0.3571,,,,,
Ukraine,UKR,1921,5.9242,,,,,
United Kingdom,GBR,1921,319.8049,,,,,
United States of America,USA,1921,1421.9728,,,,,
Uzbekistan,UZB,1921,1.2376,,,,,
Venezuela,VEN,1921,0.1612,,,,,
Vietnam,VNM,1921,2.4439,,,,,
Zimbabwe,ZWE,1921,1.385,,,,,
World,WLD,1921,2942.192,3141.2333333333336,,,,
Algeria,DZA,1922,0.0293,,,,,
Argentina,ARG,1922,7.3024,,,,,
Armenia,ARM,1922,0.1559,,,,,
Australia,AUS,1922,24.3436,,,,,
Austria,AUT,1922,18.5838,,,,,
Azerbaijan,AZE,1922,0.5938,,,,,
Belarus,BLR,1922,1.2817,,,,,
Belgium,BEL,1922,55.909,,,,,
Bosnia & Herzegovina,BIH,1922,0.927,,,,,
Brazil,BRA,1922,3.7812,,,,,
Bulgaria,BGR,1922,1.5096,,,,,
Canada,CAN,1922,69.2056,,,,,
Chile,CHL,1922,2.7553,,,,,
China,CHN,1922,26.6336,,,,,
Colombia,COL,1922,0.1429,,,,,
"Congo, Dem. Republic",COD,1922,0.0806,,,,,
Croatia,HRV,1922,1.005,,,,,
Czech Republic,CZE,1922,30.2397,,,,,
Denmark,DNK,1922,9.651,,,,,
Ecuador,ECU,1922,0.0256,,,,,
Egypt,EGY,1922,0.5313,,,,,
Estonia,EST,1922,0.3294,,,,,
Finland,FIN,1922,0.7108,,,,,
France,FRA,1922,163.1506,,,,,
Georgia,GEO,1922,0.2715,,,,,
Germany,DEU,1922,455.4608,,,,,
Greece,GRC,1922,0.6778,,,,,
Hungary,HUN,1922,11.0103,,,,,
India,IND,1922,40.3919,,,,,
Indonesia,IDN,1922,8.299,,,,,
Iran,IRN,1922,9.226,,,,,
Italy,ITA,1922,25.6956,,,,,
Kazakhstan,KAZ,1922,2.9572,,,,,
Korea (North),PRK,1922,0.2658,,,,,
Korea (South),KOR,1922,0.5769,,,,,
Kyrgyzstan,KGZ,1922,0.1854,,,,,
Latvia,LVA,1922,0.1839,,,,,
Lithuania,LTU,1922,0.3069,,,,,
"Macedonia, FYR",MKD,1922,0.5053,,,,,
Malaysia,MYS,1922,2.0042,,,,,
Mexico,MEX,1922,85.5507,,,,,
Moldova,MDA,1922,0.2706,,,,,
Netherlands,NLD,1922,27.2712,,,,,
New Zealand,NZL,1922,3.5614,,,,,
Nigeria,NGA,1922,0.3041,,,,,
Norway,NOR,1922,6.4816,,,,,
Peru,PER,1922,2.9532,,,,,
Philippines,PHL,1922,0.0769,,,,,
Poland,POL,1922,71.7668,,,,,
Portugal,PRT,1922,2.9605,,,,,
Romania,ROU,1922,7.1411,,,,,
Russian Federation,RUS,1922,25.2738,,,,,
Serbia,SRB,1922,2.92,,,,,
Slovakia,SVK,1922,8.3569,,,,,
Slovenia,SVN,1922,0.7799,,,,,
South Africa,ZAF,1922,21.7861,,,,,
Spain,ESP,1922,14.9455,,,,,
Sweden,SWE,1922,9.9441,,,,,
Switzerland,CHE,1922,6.1519,,,,,
Taiwan,TWN,1922,3.5724,,,,,
Tajikistan,TJK,1922,0.0938,,,,,
Trinidad & Tobago,TTO,1922,0.982,,,,,
Tunisia,TUN,1922,0.0,,,,,
Turkey,TUR,1922,1.0113,,,,,
Turkmenistan,TKM,1922,0.4355,,,,,
Ukraine,UKR,1922,7.2248,,,,,
United Kingdom,GBR,1922,428.2227,,,,,
United States of America,USA,1922,1433.3238,,,,,
Uzbekistan,UZB,1922,1.5094,,,,,
Venezuela,VEN,1922,0.2052,,,,,
Vietnam,VNM,1922,2.6271,,,,,
Zimbabwe,ZWE,1922,1.2421,,,,,
World,WLD,1922,3096.08,3113.366666666667,,,,
Algeria,DZA,1923,0.0147,,,,,
Argentina,ARG,1923,8.4419,,,,,
Armenia,ARM,1923,0.1722,,,,,
Australia,AUS,1923,24.8492,,,,,
Austria,AUT,1923,17.7777,,,,,
Azerbaijan,AZE,1923,0.6558,,,,,
Belarus,BLR,1923,1.4157,,,,,
Belgium,BEL,1923,71.884,,,,,
Bosnia & Herzegovina,BIH,1923,1.0106,,,,,
Brazil,BRA,1923,4.6166,,,,,
Bulgaria,BGR,1923,1.6048,,,,,
Canada,CAN,1923,92.9813,,,,,
Chile,CHL,1923,3.0448,,,,,
China,CHN,1923,32.1516,,,,,
Colombia,COL,1923,0.1869,,,,,
"Congo, Dem. Republic",COD,1923,0.1612,,,,,
Croatia,HRV,1923,1.0956,,,,,
Czech Republic,CZE,1923,31.9621,,,,,
Denmark,DNK,1923,10.5267,,,,,
Ecuador,ECU,1923,0.0366,,,,,
Egypt,EGY,1923,0.469,,,,,
Estonia,EST,1923,0.3639,,,,,
Finland,FIN,1923,1.4766,,,,,
France,FRA,1923,184.1893,,,,,
Georgia,GEO,1923,0.2999,,,,,
Germany,DEU,1923,331.9328,,,,,
Greece,GRC,1923,0.9197,,,,,
Hungary,HUN,1923,11.8604,,,,,
India,IND,1923,41.5754,,,,,
Indonesia,IDN,1923,9.5924,,,,,
Iran,IRN,1923,11.5782,,,,,
Italy,ITA,1923,26.8205,,,,,
Kazakhstan,KAZ,1923,3.2664,,,,,
Korea (North),PRK,1923,0.3178,,,,,
Korea (South),KOR,1923,0.6898,,,,,
Kyrgyzstan,KGZ,1923,0.2047,,,,,
Latvia,LVA,1923,0.2031,,,,,
Lithuania,LTU,1923,0.339,,,,,
"Macedonia, FYR",MKD,1923,0.5508,,,,,
Malaysia,MYS,1923,2.5831,,,,,
Mexico,MEX,1923,72.0379,,,,,
Moldova,MDA,1923,0.2989,,,,,
Netherlands,NLD,1923,27.1979,,,,,
New Zealand,NZL,1923,3.8362,,,,,
Nigeria,NGA,1923,0.4727,,,,,
Norway,NOR,1923,6.7931,,,,,
Peru,PER,1923,2.9788,,,,,
Philippines,PHL,1923,0.0769,,,,,
Poland,POL,1923,52.5528,,,,,
Portugal,PRT,1923,2.6784,,,,,
Romania,ROU,1923,8.4785,,,,,
Russian Federation,RUS,1923,27.9161,,,,,
Serbia,SRB,1923,3.1833,,,,,
Slovakia,SVK,1923,8.8329,,,,,
Slovenia,SVN,1923,0.8502,,,,,
South Africa,ZAF,1923,26.4431,,,,,
Spain,ESP,1923,17.2135,,,,,
Sweden,SWE,1923,12.1022,,,,,
Switzerland,CHE,1923,7.6651,,,,,
Taiwan,TWN,1923,3.8325,,,,,
Tajikistan,TJK,1923,0.1036,,,,,
Trinidad & Tobago,TTO,1923,1.2091,,,,,
Tunisia,TUN,1923,0.0,,,,,
Turkey,TUR,1923,1.4729,,,,,
Turkmenistan,TKM,1923,0.481,,,,,
Ukraine,UKR,1923,7.9801,,,,,
United Kingdom,GBR,1923,454.8893,,,,,
United States of America,USA,1923,1894.0095,,,,,
Uzbekistan,UZB,1923,1.6672,,,,,
Venezuela,VEN,1923,0.4543,,,,,
Vietnam,VNM,1923,2.803,,,,,
Zimbabwe,ZWE,1923,1.4839,,,,,
World,WLD,1923,3554.08,3142.3333333333335,,,,
Algeria,DZA,1924,0.033,,,,,
Argentina,ARG,1924,10.959,,,,,
Armenia,ARM,1924,0.2052,,,,,
Australia,AUS,1924,27.0696,,,,,
Austria,AUT,1924,20.0934,,,,,
Azerbaijan,AZE,1924,0.7814,,,,,
Belarus,BLR,1924,1.6866,,,,,
Belgium,BEL,1924,76.2552,,,,,
Bosnia & Herzegovina,BIH,1924,1.0361,,,,,
Brazil,BRA,1924,5.104,,,,,
Bulgaria,BGR,1924,1.843,,,,,
Canada,CAN,1924,77.3837,,,,,
Chile,CHL,1924,4.0267,,,,,
China,CHN,1924,35.0938,,,,,
Colombia,COL,1924,0.1979,,,,,
"Congo, Dem. Republic",COD,1924,0.2162,,,,,
Croatia,HRV,1924,1.1232,,,,,
Czech Republic,CZE,1924,39.2307,,,,,
Denmark,DNK,1924,12.3404,,,,,
Ecuador,ECU,1924,0.044,,,,,
Egypt,EGY,1924,0.4983,,,,,
Estonia,EST,1924,0.4335,,,,,
Finland,FIN,1924,1.7441,,,,,
France,FRA,1924,206.6349,,,,,
Georgia,GEO,1924,0.3573,,,,,
Germany,DEU,1924,451.7895,,,,,
Greece,GRC,1924,1.2971,,,,,
Hungary,HUN,1924,11.2631,,,,,
India,IND,1924,44.5066,,,,,
Indonesia,IDN,1924,10.5853,,,,,
Iran,IRN,1924,13.5055,,,,,
Iraq,IRQ,1924,0.0,,,,,
Ireland,IRL,1924,6.6868,,,,,
Italy,ITA,1924,32.1809,,,,,
Kazakhstan,KAZ,1924,3.8916,,,,,
Korea (North),PRK,1924,0.334,,,,,
Korea (South),KOR,1924,0.7249,,,,,
Kyrgyzstan,KGZ,1924,0.2439,,,,,
Latvia,LVA,1924,0.242,,,,,
Lithuania,LTU,1924,0.4038,,,,,
"Macedonia, FYR",MKD,1924,0.5647,,,,,
Malaysia,MYS,1924,2.8359,,,,,
Mexico,MEX,1924,67.8719,,,,,
Moldova,MDA,1924,0.3561,,,,,
Netherlands,NLD,1924,30.5944,,,,,
New Zealand,NZL,1924,3.9901,,,,,
Nigeria,NGA,1924,0.5423,,,,,
Norway,NOR,1924,7.7274,,,,,
Peru,PER,1924,3.62,,,,,
Philippines,PHL,1924,0.0843,,,,,
Poland,POL,1924,47.8372,,,,,
Portugal,PRT,1924,3.0301,,,,,
Romania,ROU,1924,10.0027,,,,,
Russian Federation,RUS,1924,33.2595,,,,,
Serbia,SRB,1924,3.2635,,,,,
Slovakia,SVK,1924,10.8416,,,,,
Slovenia,SVN,1924,0.8716,,,,,
South Africa,ZAF,1924,27.7768,,,,,
Spain,ESP,1924,18.3896,,,,,
Sweden,SWE,1924,14.4398,,,,,
Switzerland,CHE,1924,7.2327,,,,,
Taiwan,TWN,1924,3.9938,,,,,
Tajikistan,TJK,1924,0.1234,,,,,
Trinidad & Tobago,TTO,1924,1.6561,,,,,
Tunisia,TUN,1924,0.0,,,,,
Turkey,TUR,1924,2.4512,,,,,
Turkmenistan,TKM,1924,0.5731,,,,,
Ukraine,UKR,1924,9.5076,,,,,
United Kingdom,GBR,1924,475.9829,,,,,
United States of America,USA,1924,1695.5929,,,,,
Uzbekistan,UZB,1924,1.9863,,,,,
Venezuela,VEN,1924,0.3847,,,,,
Vietnam,VNM,1924,3.2793,,,,,
Zimbabwe,ZWE,1924,1.5682,,,,,
World,WLD,1924,3524.768,3163.2333333333336,,,,
Algeria,DZA,1925,0.033,,,,,
Argentina,ARG,1925,11.2375,,,,,
Armenia,ARM,1925,0.2025,,,,,
Australia,AUS,1925,28.2348,,,,,
Austria,AUT,1925,18.9905,,,,,
Azerbaijan,AZE,1925,0.7712,,,,,
Belarus,BLR,1925,1.6647,,,,,
Belgium,BEL,1925,78.0395,,,,,
Bosnia & Herzegovina,BIH,1925,1.1373,,,,,
Brazil,BRA,1925,5.3751,,,,,
Bulgaria,BGR,1925,1.81,,,,,
Canada,CAN,1925,75.2439,,,,,
Chile,CHL,1925,3.7996,,,,,
China,CHN,1925,33.2215,,,,,
Colombia,COL,1925,0.4433,,,,,
"Congo, Dem. Republic",COD,1925,0.1722,,,,,
Croatia,HRV,1925,1.233,,,,,
Czech Republic,CZE,1925,36.9198,,,,,
Denmark,DNK,1925,10.7209,,,,,
Ecuador,ECU,1925,0.0696,,,,,
Egypt,EGY,1925,0.5533,,,,,
Estonia,EST,1925,0.4279,,,,,
Finland,FIN,1925,1.7111,,,,,
France,FRA,1925,213.8274,,,,,
Georgia,GEO,1925,0.3527,,,,,
Germany,DEU,1925,458.066,,,,,
Greece,GRC,1925,1.9822,,,,,
Hungary,HUN,1925,10.131,,,,,
India,IND,1925,43.9204,,,,,
Indonesia,IDN,1925,11.0799,,,,,
Iran,IRN,1925,14.2017,,,,,
Iraq,IRQ,1925,0.0,,,,,
Ireland,IRL,1925,6.0346,,,,,
Italy,ITA,1925,30.9681,,,,,
Kazakhstan,KAZ,1925,3.841,,,,,
Korea (North),PRK,1925,0.5328,,,,,
Korea (South),KOR,1925,1.1563,,,,,
Kyrgyzstan,KGZ,1925,0.2407,,,,,
Latvia,LVA,1925,0.2389,,,,,
Lithuania,LTU,1925,0.3986,,,,,
"Macedonia, FYR",MKD,1925,0.6199,,,,,
Malaysia,MYS,1925,2.9605,,,,,
Mexico,MEX,1925,57.0815,,,,,
Moldova,MDA,1925,0.3515,,,,,
Netherlands,NLD,1925,33.5916,,,,,
New Zealand,NZL,1925,4.089,,,,,
Nigeria,NGA,1925,0.6449,,,,,
Norway,NOR,1925,7.5955,,,,,
Peru,PER,1925,4.7852,,,,,
Philippines,PHL,1925,0.0843,,,,,
Poland,POL,1925,48.0753,,,,,
Portugal,PRT,1925,3.1217,,,,,
Romania,ROU,1925,11.7101,,,,,
Russian Federation,RUS,1925,32.8266,,,,,
Serbia,SRB,1925,3.5825,,,,,
Slovakia,SVK,1925,10.2029,,,,,
Slovenia,SVN,1925,0.9568,,,,,
South Africa,ZAF,1925,28.9529,,,,,
Spain,ESP,1925,19.0491,,,,,
Sweden,SWE,1925,12.8973,,,,,
Switzerland,CHE,1925,7.5368,,,,,
Taiwan,TWN,1925,4.4921,,,,,
Tajikistan,TJK,1925,0.1218,,,,,
Trinidad & Tobago,TTO,1925,1.9456,,,,,
Turkey,TUR,1925,2.3669,,,,,
Turkmenistan,TKM,1925,0.5656,,,,,
Ukraine,UKR,1925,9.3838,,,,,
United Kingdom,GBR,1925,449.6534,,,,,
United States of America,USA,1925,1740.8946,,,,,
Uzbekistan,UZB,1925,1.9604,,,,,
Venezuela,VEN,1925,0.6705,,,,,
Vietnam,VNM,1925,3.6164,,,,,
Zimbabwe,ZWE,1925,1.8283,,,,,
World,WLD,1925,3572.4,3173.866666666667,,,,
Algeria,DZA,1926,0.0403,,,,,
Argentina,ARG,1926,11.2558,,,,,
Armenia,ARM,1926,0.2934,,,,,
Australia,AUS,1926,27.8537,,,,,
Austria,AUT,1926,18.6204,,,,,
Azerbaijan,AZE,1926,1.1174,,,,,
Belarus,BLR,1926,2.412,,,,,
Belgium,BEL,1926,77.6805,,,,,
Bosnia & Herzegovina,BIH,1926,1.108,,,,,
Brazil,BRA,1926,5.4777,,,,,
Bulgaria,BGR,1926,1.7807,,,,,
Canada,CAN,1926,84.7556,,,,,
Chile,CHL,1926,3.9022,,,,,
China,CHN,1926,29.5905,,,,,
Colombia,COL,1926,0.8464,,,,,
"Congo, Dem. Republic",COD,1926,0.2382,,,,,
Croatia,HRV,1926,1.2012,,,,,
Czech Republic,CZE,1926,37.4336,,,,,
Denmark,DNK,1926,10.468,,,,,
Ecuador,ECU,1926,0.0916,,,,,
Egypt,EGY,1926,0.5313,,,,,
Estonia,EST,1926,0.6199,,,,,
Finland,FIN,1926,1.5975,,,,,
France,FRA,1926,213.7358,,,,,
Georgia,GEO,1926,0.511,,,,,
Germany,DEU,1926,413.2406,,,,,
Greece,GRC,1926,1.821,,,,,
Hungary,HUN,1926,11.7724,,,,,
India,IND,1926,43.7921,,,,,
Indonesia,IDN,1926,11.0983,,,,,
Iran,IRN,1926,15.059,,,,,
Iraq,IRQ,1926,0.0,,,,,
Ireland,IRL,1926,8.0974,,,,,
Italy,ITA,1926,35.8412,,,,,
Kazakhstan,KAZ,1926,5.5652,,,,,
Korea (North),PRK,1926,0.5721,,,,,
Korea (South),KOR,1926,1.2416,,,,,
Kyrgyzstan,KGZ,1926,0.3488,,,,,
Latvia,LVA,1926,0.3461,,,,,
Lithuania,LTU,1926,0.5775,,,,,
"Macedonia, FYR",MKD,1926,0.6039,,,,,
Malaysia,MYS,1926,3.4002,,,,,
Mexico,MEX,1926,44.6861,,,,,
Moldova,MDA,1926,0.5093,,,,,
Netherlands,NLD,1926,34.3317,,,,,
New Zealand,NZL,1926,4.2722,,,,,
Nigeria,NGA,1926,0.8757,,,,,
Norway,NOR,1926,6.3607,,,,,
Peru,PER,1926,4.7339,,,,,
Philippines,PHL,1926,0.0513,,,,,
Poland,POL,1926,48.1266,,,,,
Portugal,PRT,1926,3.1364,,,,,
Romania,ROU,1926,14.5058,,,,,
Russian Federation,RUS,1926,47.5625,,,,,
Serbia,SRB,1926,3.4901,,,,,
Slovakia,SVK,1926,10.3449,,,,,
Slovenia,SVN,1926,0.9321,,,,,
South Africa,ZAF,1926,30.4295,,,,,
Spain,ESP,1926,18.3786,,,,,
Sweden,SWE,1926,12.5309,,,,,
Switzerland,CHE,1926,7.4562,,,,,
Taiwan,TWN,1926,4.7522,,,,,
Tajikistan,TJK,1926,0.1765,,,,,
Trinidad & Tobago,TTO,1926,1.9602,,,,,
Turkey,TUR,1926,3.0081,,,,,
Turkmenistan,TKM,1926,0.8195,,,,,
Ukraine,UKR,1926,13.5962,,,,,
United Kingdom,GBR,1926,246.371,,,,,
United States of America,USA,1926,1888.5355,,,,,
Uzbekistan,UZB,1926,2.8404,,,,,
Venezuela,VEN,1926,1.0699,,,,,
Vietnam,VNM,1926,3.4222,,,,,
Zimbabwe,ZWE,1926,2.323,,,,,
World,WLD,1926,3605.376,3191.8333333333335,,,,
Algeria,DZA,1927,0.0586,,,,,
Argentina,ARG,1927,13.3699,,,,,
Armenia,ARM,1927,0.3648,,,,,
Australia,AUS,1927,28.8943,,,,,
Austria,AUT,1927,20.1227,,,,,
Azerbaijan,AZE,1927,1.3892,,,,,
Belarus,BLR,1927,2.9986,,,,,
Belgium,BEL,1927,90.4715,,,,,
Bosnia & Herzegovina,BIH,1927,1.2514,,,,,
Brazil,BRA,1927,6.0749,,,,,
Bulgaria,BGR,1927,1.8173,,,,,
Canada,CAN,1927,92.003,,,,,
Chile,CHL,1927,3.8765,,,,,
China,CHN,1927,33.5293,,,,,
Colombia,COL,1927,0.8244,,,,,
"Congo, Dem. Republic",COD,1927,0.2308,,,,,
Croatia,HRV,1927,1.3566,,,,,
Czech Republic,CZE,1927,40.1694,,,,,
Denmark,DNK,1927,13.326,,,,,
Ecuador,ECU,1927,0.2345,,,,,
Egypt,EGY,1927,0.5679,,,,,
Estonia,EST,1927,0.7707,,,,,
Finland,FIN,1927,2.8506,,,,,
France,FRA,1927,213.0396,,,,,
Georgia,GEO,1927,0.6352,,,,,
Germany,DEU,1927,481.0466,,,,,
Greece,GRC,1927,2.3193,,,,,
Hungary,HUN,1927,13.0878,,,,,
India,IND,1927,45.9319,,,,,
Indonesia,IDN,1927,12.8863,,,,,
Iran,IRN,1927,16.7005,,,,,
Iraq,IRQ,1927,0.1392,,,,,
Ireland,IRL,1927,6.7308,,,,,
Italy,ITA,1927,40.3883,,,,,
Kazakhstan,KAZ,1927,6.9187,,,,,
Korea (North),PRK,1927,0.5929,,,,,
Korea (South),KOR,1927,1.2867,,,,,
Kyrgyzstan,KGZ,1927,0.4336,,,,,
Latvia,LVA,1927,0.4303,,,,,
Lithuania,LTU,1927,0.718,,,,,
"Macedonia, FYR",MKD,1927,0.682,,,,,
Malaysia,MYS,1927,3.3782,,,,,
Mexico,MEX,1927,31.7962,,,,,
Moldova,MDA,1927,0.6331,,,,,
Mozambique,MOZ,1927,0.044,,,,,
Netherlands,NLD,1927,37.9664,,,,,
New Zealand,NZL,1927,4.4957,,,,,
Nigeria,NGA,1927,0.9673,,,,,
Norway,NOR,1927,8.5335,,,,,
Peru,PER,1927,4.6789,,,,,
Philippines,PHL,1927,0.0403,,,,,
Poland,POL,1927,60.6685,,,,,
Portugal,PRT,1927,3.6347,,,,,
Romania,ROU,1927,16.1253,,,,,
Russian Federation,RUS,1927,59.1307,,,,,
Serbia,SRB,1927,3.9416,,,,,
Slovakia,SVK,1927,11.101,,,,,
Slovenia,SVN,1927,1.0527,,,,,
South Africa,ZAF,1927,29.5612,,,,,
Spain,ESP,1927,21.4491,,,,,
Sweden,SWE,1927,17.6275,,,,,
Switzerland,CHE,1927,8.5957,,,,,
Taiwan,TWN,1927,4.9281,,,,,
Tajikistan,TJK,1927,0.2194,,,,,
Trinidad & Tobago,TTO,1927,2.0995,,,,,
Turkey,TUR,1927,3.2793,,,,,
Turkmenistan,TKM,1927,1.0189,,,,,
Ukraine,UKR,1927,16.9031,,,,,
United Kingdom,GBR,1927,466.735,,,,,
United States of America,USA,1927,1844.8387,,,,,
Uzbekistan,UZB,1927,3.5313,,,,,
Venezuela,VEN,1927,1.0149,,,,,
Vietnam,VNM,1927,3.9571,,,,,
Zimbabwe,ZWE,1927,2.4109,,,,,
World,WLD,1927,3891.168,3335.566666666667,,,,
Algeria,DZA,1928,0.0733,,,,,
Argentina,ARG,1928,12.7397,,,,,
Armenia,ARM,1928,0.4051,,,,,
Australia,AUS,1928,26.2892,,,,,
Austria,AUT,1928,21.1889,,,,,
Azerbaijan,AZE,1928,1.5361,,,,,
Barbados,BRB,1928,0.0037,,,,,
Belarus,BLR,1928,3.3252,,,,,
Belgium,BEL,1928,88.2548,,,,,
Bolivia,BOL,1928,0.0037,,,,,
Bosnia & Herzegovina,BIH,1928,1.3748,,,,,
Brazil,BRA,1928,5.9284,,,,,
Bulgaria,BGR,1928,2.1398,,,,,
Canada,CAN,1928,93.7837,,,,,
Chile,CHL,1928,3.653,,,,,
China,CHN,1928,34.1192,,,,,
Colombia,COL,1928,1.3484,,,,,
"Congo, Dem. Republic",COD,1928,0.2821,,,,,
Croatia,HRV,1928,1.6176,,,,,
Czech Republic,CZE,1928,42.2994,,,,,
Denmark,DNK,1928,12.5602,,,,,
Ecuador,ECU,1928,0.4727,,,,,
Egypt,EGY,1928,0.8647,,,,,
Estonia,EST,1928,0.8551,,,,,
Finland,FIN,1928,3.1291,,,,,
France,FRA,1928,211.6363,,,,,
Georgia,GEO,1928,0.7025,,,,,
Germany,DEU,1928,504.8882,,,,,
Greece,GRC,1928,2.3743,,,,,
Hungary,HUN,1928,13.751,,,,,
India,IND,1928,44.1988,,,,,
Indonesia,IDN,1928,14.8355,,,,,
Iran,IRN,1928,17.6788,,,,,
Iraq,IRQ,1928,0.2895,,,,,
Ireland,IRL,1928,6.4853,,,,,
Italy,ITA,1928,38.1606,,,,,
Kazakhstan,KAZ,1928,7.6635,,,,,
Korea (North),PRK,1928,0.683,,,,,
Korea (South),KOR,1928,1.4824,,,,,
Kyrgyzstan,KGZ,1928,0.486,,,,,
Latvia,LVA,1928,0.4779,,,,,
Lithuania,LTU,1928,0.8033,,,,,
"Macedonia, FYR",MKD,1928,0.7811,,,,,
Malaysia,MYS,1928,3.8069,,,,,
Mexico,MEX,1928,24.0835,,,,,
Moldova,MDA,1928,0.6997,,,,,
Morocco,MAR,1928,0.0293,,,,,
Mozambique,MOZ,1928,0.022,,,,,
Myanmar,MMR,1928,3.1584,,,,,
Netherlands,NLD,1928,38.0067,,,,,
New Zealand,NZL,1928,4.7192,,,,,
Nigeria,NGA,1928,0.9673,,,,,
Norway,NOR,1928,8.4528,,,,,
Peru,PER,1928,5.3824,,,,,
Philippines,PHL,1928,0.0806,,,,,
Poland,POL,1928,62.8926,,,,,
Portugal,PRT,1928,3.9938,,,,,
Romania,ROU,1928,18.2687,,,,,
Russian Federation,RUS,1928,65.7048,,,,,
Serbia,SRB,1928,4.4214,,,,,
Slovakia,SVK,1928,11.6896,,,,,
Slovenia,SVN,1928,1.2143,,,,,
South Africa,ZAF,1928,29.6234,,,,,
Spain,ESP,1928,21.515,,,,,
Sweden,SWE,1928,16.2462,,,,,
Switzerland,CHE,1928,8.9658,,,,,
Taiwan,TWN,1928,4.2026,,,,,
Tajikistan,TJK,1928,0.2445,,,,,
Trinidad & Tobago,TTO,1928,3.2316,,,,,
Turkey,TUR,1928,3.1254,,,,,
Turkmenistan,TKM,1928,1.1325,,,,,
Ukraine,UKR,1928,18.7774,,,,,
United Kingdom,GBR,1928,437.6575,,,,,
United States of America,USA,1928,1827.7901,,,,,
Uzbekistan,UZB,1928,3.9516,,,,,
Venezuela,VEN,1928,1.9016,,,,,
Vietnam,VNM,1928,5.2175,,,,,
Zimbabwe,ZWE,1928,2.9056,,,,,
World,WLD,1928,3905.824,3347.6666666666665,,,,
Algeria,DZA,1929,0.0843,,,,,
Argentina,ARG,1929,13.1318,,,,,
Armenia,ARM,1929,0.4362,,,,,
Australia,AUS,1929,23.6548,,,,,
Austria,AUT,1929,24.1787,,,,,
Azerbaijan,AZE,1929,1.653,,,,,
Barbados,BRB,1929,0.0037,,,,,
Belarus,BLR,1929,3.5799,,,,,
Belgium,BEL,1929,96.9678,,,,,
Bolivia,BOL,1929,0.011,,,,,
Bosnia & Herzegovina,BIH,1929,1.5502,,,,,
Brazil,BRA,1929,6.346,,,,,
Bulgaria,BGR,1929,2.4842,,,,,
Canada,CAN,1929,99.0416,,,,,
Chile,CHL,1929,4.0194,,,,,
China,CHN,1929,35.8193,,,,,
Colombia,COL,1929,1.2897,,,,,
"Congo, Dem. Republic",COD,1929,0.3041,,,,,
Croatia,HRV,1929,1.6806,,,,,
Czech Republic,CZE,1929,47.3145,,,,,
Denmark,DNK,1929,15.1287,,,,,
Ecuador,ECU,1929,0.6009,,,,,
Egypt,EGY,1929,0.9233,,,,,
Estonia,EST,1929,0.9207,,,,,
Finland,FIN,1929,3.3526,,,,,
France,FRA,1929,234.3055,,,,,
Georgia,GEO,1929,0.756,,,,,
Germany,DEU,1929,538.9707,,,,,
Greece,GRC,1929,2.704,,,,,
Hungary,HUN,1929,15.114,,,,,
India,IND,1929,45.9942,,,,,
Indonesia,IDN,1929,18.5398,,,,,
Iran,IRN,1929,17.0229,,,,,
Iraq,IRQ,1929,0.3701,,,,,
Ireland,IRL,1929,9.9991,,,,,
Italy,ITA,1929,44.0413,,,,,
Kazakhstan,KAZ,1929,8.2489,,,,,
Korea (North),PRK,1929,0.7847,,,,,
Korea (South),KOR,1929,1.7031,,,,,
Kyrgyzstan,KGZ,1929,0.5241,,,,,
Latvia,LVA,1929,0.5146,,,,,
Lithuania,LTU,1929,0.8661,,,,,
"Macedonia, FYR",MKD,1929,0.8449,,,,,
Malaysia,MYS,1929,4.1147,,,,,
Mexico,MEX,1929,22.1489,,,,,
Moldova,MDA,1929,0.7529,,,,,
Morocco,MAR,1929,0.033,,,,,
Mozambique,MOZ,1929,0.011,,,,,
Myanmar,MMR,1929,3.0484,,,,,
Netherlands,NLD,1929,41.2713,,,,,
New Zealand,NZL,1929,4.8951,,,,,
Nigeria,NGA,1929,0.9307,,,,,
Norway,NOR,1929,9.5191,,,,,
Peru,PER,1929,7.0862,,,,,
Philippines,PHL,1929,0.066,,,,,
Poland,POL,1929,72.6938,,,,,
Portugal,PRT,1929,3.9681,,,,,
Romania,ROU,1929,20.4928,,,,,
Russian Federation,RUS,1929,70.7594,,,,,
Serbia,SRB,1929,4.883,,,,,
Slovakia,SVK,1929,13.0756,,,,,
Slovenia,SVN,1929,1.3041,,,,,
South Africa,ZAF,1929,30.7703,,,,,
Spain,ESP,1929,23.9772,,,,,
Sweden,SWE,1929,19.3716,,,,,
Switzerland,CHE,1929,10.2665,,,,,
Taiwan,TWN,1929,4.1916,,,,,
Tajikistan,TJK,1929,0.2635,,,,,
Trinidad & Tobago,TTO,1929,3.5944,,,,,
Turkey,TUR,1929,3.5504,,,,,
Turkmenistan,TKM,1929,1.2196,,,,,
Ukraine,UKR,1929,20.2211,,,,,
United Kingdom,GBR,1929,460.693,,,,,
United States of America,USA,1929,1960.3353,,,,,
Uzbekistan,UZB,1929,4.2603,,,,,
Venezuela,VEN,1929,1.9492,,,,,
Vietnam,VNM,1929,5.2322,,,,,
Zimbabwe,ZWE,1929,2.7517,,,,,
World,WLD,1929,4195.28,3446.6666666666665,,,,
Algeria,DZA,1930,0.0843,,,,,
Argentina,ARG,1930,12.769,,,,,
Armenia,ARM,1930,0.593,,,,,
Australia,AUS,1930,22.0316,,,,,
Austria,AUT,1930,18.8659,,,,,
Azerbaijan,AZE,1930,2.2477,,,,,
Barbados,BRB,1930,0.0073,,,,,
Belarus,BLR,1930,4.8674,,,,,
Belgium,BEL,1930,93.6885,,,,,
Bolivia,BOL,1930,0.011,,,,,
Bosnia & Herzegovina,BIH,1930,1.4589,,,,,
Brazil,BRA,1930,5.518,,,,,
Brunei,BRN,1930,0.0,,,,,
Bulgaria,BGR,1930,2.4036,,,,,
Canada,CAN,1930,94.359,,,,,
Chile,CHL,1930,3.8545,,,,,
China,CHN,1930,37.9224,,,,,
Colombia,COL,1930,0.6485,,,,,
"Congo, Dem. Republic",COD,1930,0.3884,,,,,
Croatia,HRV,1930,1.5816,,,,,
Czech Republic,CZE,1930,41.6277,,,,,
Denmark,DNK,1930,13.8096,,,,,
Ecuador,ECU,1930,0.6778,,,,,
Egypt,EGY,1930,1.0259,,,,,
Estonia,EST,1930,1.2518,,,,,
Finland,FIN,1930,2.6527,,,,,
France,FRA,1930,237.6544,,,,,
Georgia,GEO,1930,1.028,,,,,
Germany,DEU,1930,461.7336,,,,,
Greece,GRC,1930,2.8506,,,,,
Hungary,HUN,1930,12.5162,,,,,
India,IND,1930,46.7563,,,,,
Indonesia,IDN,1930,18.0818,,,,,
Iran,IRN,1930,18.5142,,,,,
Iraq,IRQ,1930,0.3701,,,,,
Ireland,IRL,1930,9.552,,,,,
Israel,ISR,1930,0.0403,,,,,
Italy,ITA,1930,39.5639,,,,,
Kazakhstan,KAZ,1930,11.2159,,,,,
Korea (North),PRK,1930,0.7397,,,,,
Korea (South),KOR,1930,1.6053,,,,,
Kyrgyzstan,KGZ,1930,0.7123,,,,,
Latvia,LVA,1930,0.6996,,,,,
Lithuania,LTU,1930,1.1771,,,,,
"Macedonia, FYR",MKD,1930,0.7952,,,,,
Malaysia,MYS,1930,3.6677,,,,,
Mexico,MEX,1930,20.3828,,,,,
Moldova,MDA,1930,1.0238,,,,,
Morocco,MAR,1930,0.0403,,,,,
Mozambique,MOZ,1930,0.011,,,,,
Myanmar,MMR,1930,3.0851,,,,,
Netherlands,NLD,1930,40.7803,,,,,
New Zealand,NZL,1930,4.8658,,,,,
Nigeria,NGA,1930,0.938,,,,,
Norway,NOR,1930,8.7276,,,,,
Peru,PER,1930,5.6242,,,,,
Philippines,PHL,1930,0.0879,,,,,
Poland,POL,1930,56.5685,,,,,
Portugal,PRT,1930,4.3199,,,,,
Romania,ROU,1930,23.2444,,,,,
Russian Federation,RUS,1930,96.199,,,,,
Serbia,SRB,1930,4.5954,,,,,
Slovakia,SVK,1930,11.6102,,,,,
Slovenia,SVN,1930,1.2273,,,,,
South Africa,ZAF,1930,28.7221,,,,,
Spain,ESP,1930,23.6475,,,,,
Sweden,SWE,1930,18.9319,,,,,
Switzerland,CHE,1930,9.5557,,,,,
Taiwan,TWN,1930,4.2429,,,,,
Tajikistan,TJK,1930,0.3582,,,,,
Trinidad & Tobago,TTO,1930,3.6457,,,,,
Turkey,TUR,1930,3.9718,,,,,
Turkmenistan,TKM,1930,1.6581,,,,,
Ukraine,UKR,1930,27.4913,,,,,
United Kingdom,GBR,1930,441.098,,,,,
United States of America,USA,1930,1742.2137,,,,,
Uzbekistan,UZB,1930,5.7904,,,,,
Venezuela,VEN,1930,-1.1652,,,,,
Vietnam,VNM,1930,5.1882,,,,,
Zimbabwe,ZWE,1930,2.4915,,,,,
World,WLD,1930,3854.528,3733.0333333333333,,,,
Algeria,DZA,1931,0.0953,,,,,
Argentina,ARG,1931,12.846,,,,,
Armenia,ARM,1931,0.7125,,,,,
Australia,AUS,1931,19.5474,,,,,
Austria,AUT,1931,18.1038,,,,,
Azerbaijan,AZE,1931,2.7018,,,,,
Barbados,BRB,1931,0.0037,,,,,
Belarus,BLR,1931,5.8487,,,,,
Belgium,BEL,1931,84.1291,,,,,
Bolivia,BOL,1931,0.0073,,,,,
Bosnia & Herzegovina,BIH,1931,1.2971,,,,,
Brazil,BRA,1931,4.1696,,,,,
Brunei,BRN,1931,0.0,,,,,
Bulgaria,BGR,1931,2.2753,,,,,
Canada,CAN,1931,75.8558,,,,,
Chile,CHL,1931,2.9275,,,,,
China,CHN,1931,40.26,,,,,
Colombia,COL,1931,0.3298,,,,,
"Congo, Dem. Republic",COD,1931,0.2492,,,,,
Croatia,HRV,1931,1.5461,,,,,
Czech Republic,CZE,1931,38.9407,,,,,
Denmark,DNK,1931,14.3226,,,,,
Ecuador,ECU,1931,0.7658,,,,,
Egypt,EGY,1931,1.0076,,,,,
Estonia,EST,1931,1.504,,,,,
Finland,FIN,1931,3.0118,,,,,
France,FRA,1931,217.5134,,,,,
Georgia,GEO,1931,1.2357,,,,,
Germany,DEU,1931,385.5994,,,,,
Greece,GRC,1931,2.7297,,,,,
Hungary,HUN,1931,11.1862,,,,,
India,IND,1931,42.8248,,,,,
Indonesia,IDN,1931,16.8984,,,,,
Iran,IRN,1931,17.9243,,,,,
Iraq,IRQ,1931,0.3664,,,,,
Ireland,IRL,1931,9.8415,,,,,
Israel,ISR,1931,0.0403,,,,,
Italy,ITA,1931,34.1851,,,,,
Kazakhstan,KAZ,1931,13.4792,,,,,
Korea (North),PRK,1931,0.7836,,,,,
Korea (South),KOR,1931,1.7006,,,,,
Kyrgyzstan,KGZ,1931,0.8548,,,,,
Latvia,LVA,1931,0.8405,,,,,
Lebanon,LBN,1931,0.0037,,,,,
Lithuania,LTU,1931,1.4129,,,,,
"Macedonia, FYR",MKD,1931,0.742,,,,,
Malaysia,MYS,1931,2.7077,,,,,
Mexico,MEX,1931,16.7518,,,,,
Moldova,MDA,1931,1.2308,,,,,
Morocco,MAR,1931,0.0879,,,,,
Mozambique,MOZ,1931,0.011,,,,,
Myanmar,MMR,1931,2.9349,,,,,
Netherlands,NLD,1931,44.9536,,,,,
New Zealand,NZL,1931,4.2429,,,,,
Nigeria,NGA,1931,0.883,,,,,
Norway,NOR,1931,8.0901,,,,,
Peru,PER,1931,4.4994,,,,,
Philippines,PHL,1931,0.0806,,,,,
Poland,POL,1931,54.8281,,,,,
Portugal,PRT,1931,3.9205,,,,,
Romania,ROU,1931,25.8459,,,,,
Russian Federation,RUS,1931,115.5668,,,,,
Serbia,SRB,1931,4.1857,,,,,
Slovakia,SVK,1931,10.8677,,,,,
Slovenia,SVN,1931,1.1547,,,,,
South Africa,ZAF,1931,25.5674,,,,,
Spain,ESP,1931,22.5373,,,,,
Sweden,SWE,1931,18.9392,,,,,
Switzerland,CHE,1931,10.098,,,,,
Syria,SYR,1931,0.0037,,,,,
Taiwan,TWN,1931,3.7739,,,,,
Tajikistan,TJK,1931,0.4301,,,,,
Thailand,THA,1931,0.0293,,,,,
Trinidad & Tobago,TTO,1931,3.0741,,,,,
Turkey,TUR,1931,3.9425,,,,,
Turkmenistan,TKM,1931,1.9919,,,,,
Ukraine,UKR,1931,33.0272,,,,,
United Kingdom,GBR,1931,412.2366,,,,,
United States of America,USA,1931,1483.0773,,,,,
Uzbekistan,UZB,1931,6.9503,,,,,
Venezuela,VEN,1931,-0.2528,,,,,
Vietnam,VNM,1931,4.58,,,,,
Zimbabwe,ZWE,1931,1.5572,,,,,
World,WLD,1931,3440.496,3771.9,,,,
Algeria,DZA,1932,0.1136,,,,,
Argentina,ARG,1932,13.1025,,,,,
Armenia,ARM,1932,0.8028,,,,,
Australia,AUS,1932,20.3425,,,,,
Austria,AUT,1932,15.1726,,,,,
Azerbaijan,AZE,1932,3.0451,,,,,
Barbados,BRB,1932,0.0037,,,,,
Belarus,BLR,1932,6.5904,,,,,
Belgium,BEL,1932,67.7217,,,,,
Bolivia,BOL,1932,0.0147,,,,,
Bosnia & Herzegovina,BIH,1932,1.1906,,,,,
Brazil,BRA,1932,4.1696,,,,,
Brunei,BRN,1932,0.0,,,,,
Bulgaria,BGR,1932,2.6381,,,,,
Canada,CAN,1932,70.2059,,,,,
Chile,CHL,1932,2.8946,,,,,
China,CHN,1932,38.6002,,,,,
Colombia,COL,1932,0.0806,,,,,
"Congo, Dem. Republic",COD,1932,0.0513,,,,,
Croatia,HRV,1932,1.3948,,,,,
Czech Republic,CZE,1932,33.9396,,,,,
Denmark,DNK,1932,13.4249,,,,,
Ecuador,ECU,1932,0.7108,,,,,
Egypt,EGY,1932,0.9526,,,,,
Estonia,EST,1932,1.6947,,,,,
Finland,FIN,1932,3.0265,,,,,
France,FRA,1932,191.7994,,,,,
Georgia,GEO,1932,1.3927,,,,,
Germany,DEU,1932,347.3179,,,,,
Greece,GRC,1932,2.682,,,,,
Hungary,HUN,1932,10.2116,,,,,
India,IND,1932,39.8167,,,,,
Indonesia,IDN,1932,16.5869,,,,,
Iran,IRN,1932,20.0897,,,,,
Iraq,IRQ,1932,0.3737,,,,,
Ireland,IRL,1932,6.4267,,,,,
Israel,ISR,1932,0.0513,,,,,
Italy,ITA,1932,28.0772,,,,,
Kazakhstan,KAZ,1932,15.1899,,,,,
Korea (North),PRK,1932,0.9234,,,,,
Korea (South),KOR,1932,2.0041,,,,,
Kyrgyzstan,KGZ,1932,0.9624,,,,,
Latvia,LVA,1932,0.947,,,,,
Lebanon,LBN,1932,0.011,,,,,
Lithuania,LTU,1932,1.591,,,,,
"Macedonia, FYR",MKD,1932,0.675,,,,,
Malaysia,MYS,1932,1.7954,,,,,
Mexico,MEX,1932,16.1949,,,,,
Moldova,MDA,1932,1.3872,,,,,
Morocco,MAR,1932,0.1502,,,,,
Mozambique,MOZ,1932,0.0623,,,,,
Myanmar,MMR,1932,2.9788,,,,,
Netherlands,NLD,1932,41.4215,,,,,
New Zealand,NZL,1932,3.5394,,,,,
Nigeria,NGA,1932,0.6778,,,,,
Norway,NOR,1932,8.6434,,,,,
Peru,PER,1932,4.1073,,,,,
Philippines,PHL,1932,0.0916,,,,,
Poland,POL,1932,41.9784,,,,,
Portugal,PRT,1932,3.3892,,,,,
Romania,ROU,1932,27.3591,,,,,
Russian Federation,RUS,1932,130.2019,,,,,
Serbia,SRB,1932,3.8248,,,,,
Slovakia,SVK,1932,9.4752,,,,,
Slovenia,SVN,1932,1.0489,,,,,
South Africa,ZAF,1932,23.4569,,,,,
Spain,ESP,1932,21.1816,,,,,
Sweden,SWE,1932,18.7414,,,,,
Switzerland,CHE,1932,10.2262,,,,,
Syria,SYR,1932,0.011,,,,,
Taiwan,TWN,1932,3.5944,,,,,
Tajikistan,TJK,1932,0.4845,,,,,
Thailand,THA,1932,0.0256,,,,,
Trinidad & Tobago,TTO,1932,3.2536,,,,,
Tunisia,TUN,1932,0.0,,,,,
Turkey,TUR,1932,4.0048,,,,,
Turkmenistan,TKM,1932,2.2441,,,,,
Ukraine,UKR,1932,37.2104,,,,,
United Kingdom,GBR,1932,395.9208,,,,,
United States of America,USA,1932,1256.4076,,,,,
Uruguay,URY,1932,0.0769,,,,,
Uzbekistan,UZB,1932,7.8263,,,,,
Venezuela,VEN,1932,3.8106,,,,,
Vietnam,VNM,1932,4.5434,,,,,
Zimbabwe,ZWE,1932,1.1615,,,,,
World,WLD,1932,3103.408,3412.933333333333,,,,
Albania,ALB,1933,0.0073,,,,,
Algeria,DZA,1933,0.1209,,,,,
Argentina,ARG,1933,13.2307,,,,,
Armenia,ARM,1933,0.8973,,,,,
Australia,AUS,1933,21.581,,,,,
Austria,AUT,1933,14.2346,,,,,
Azerbaijan,AZE,1933,3.4077,,,,,
Bahrain,BHR,1933,0.011,,,,,
Barbados,BRB,1933,0.0037,,,,,
Belarus,BLR,1933,7.3691,,,,,
Belgium,BEL,1933,72.6644,,,,,
Bolivia,BOL,1933,0.044,,,,,
Bosnia & Herzegovina,BIH,1933,1.0996,,,,,
Brazil,BRA,1933,4.7229,,,,,
Brunei,BRN,1933,0.0037,,,,,
Bulgaria,BGR,1933,2.345,,,,,
Canada,CAN,1933,69.4841,,,,,
Chile,CHL,1933,4.0927,,,,,
China,CHN,1933,42.2203,,,,,
Colombia,COL,1933,0.5349,,,,,
"Congo, Dem. Republic",COD,1933,0.0037,,,,,
Croatia,HRV,1933,1.2938,,,,,
Czech Republic,CZE,1933,31.0474,,,,,
Denmark,DNK,1933,13.3736,,,,,
Ecuador,ECU,1933,0.7255,,,,,
Egypt,EGY,1933,0.872,,,,,
Estonia,EST,1933,1.8947,,,,,
Finland,FIN,1933,3.2207,,,,,
France,FRA,1933,199.4059,,,,,
Georgia,GEO,1933,1.5584,,,,,
Germany,DEU,1933,364.8538,,,,,
Greece,GRC,1933,2.2973,,,,,
Hungary,HUN,1933,10.01,,,,,
India,IND,1933,39.0876,,,,,
Indonesia,IDN,1933,17.862,,,,,
Iran,IRN,1933,22.0866,,,,,
Iraq,IRQ,1933,0.3517,,,,,
Ireland,IRL,1933,9.2663,,,,,
Israel,ISR,1933,0.066,,,,,
Italy,ITA,1933,30.4845,,,,,
Kazakhstan,KAZ,1933,16.9902,,,,,
Korea (North),PRK,1933,1.0887,,,,,
Korea (South),KOR,1933,2.3628,,,,,
Kyrgyzstan,KGZ,1933,1.073,,,,,
Latvia,LVA,1933,1.0584,,,,,
Lebanon,LBN,1933,0.0147,,,,,
Lithuania,LTU,1933,1.7746,,,,,
"Macedonia, FYR",MKD,1933,0.6248,,,,,
Madagascar,MDG,1933,0.0037,,,,,
Malaysia,MYS,1933,1.5902,,,,,
Mexico,MEX,1933,16.7408,,,,,
Moldova,MDA,1933,1.5526,,,,,
Morocco,MAR,1933,0.1759,,,,,
Mozambique,MOZ,1933,0.055,,,,,
Myanmar,MMR,1933,2.9972,,,,,
Netherlands,NLD,1933,38.5709,,,,,
New Zealand,NZL,1933,3.5504,,,,,
Nigeria,NGA,1933,0.6339,,,,,
Norway,NOR,1933,9.1783,,,,,
Peru,PER,1933,6.6648,,,,,
Philippines,PHL,1933,0.0769,,,,,
Poland,POL,1933,43.2059,,,,,
Portugal,PRT,1933,3.9974,,,,,
Romania,ROU,1933,27.3115,,,,,
Russian Federation,RUS,1933,145.5047,,,,,
Serbia,SRB,1933,3.5364,,,,,
Slovakia,SVK,1933,8.6557,,,,,
Slovenia,SVN,1933,0.9712,,,,,
South Africa,ZAF,1933,25.3329,,,,,
Spain,ESP,1933,18.712,,,,,
Sweden,SWE,1933,19.5181,,,,,
Switzerland,CHE,1933,9.5667,,,,,
Syria,SYR,1933,0.0147,,,,,
Taiwan,TWN,1933,4.1953,,,,,
Tajikistan,TJK,1933,0.541,,,,,
Thailand,THA,1933,0.022,,,,,
Trinidad & Tobago,TTO,1933,4.067,,,,,
Tunisia,TUN,1933,0.0183,,,,,
Turkey,TUR,1933,4.6643,,,,,
Turkmenistan,TKM,1933,2.5076,,,,,
Ukraine,UKR,1933,41.5869,,,,,
United Kingdom,GBR,1933,392.1726,,,,,
United States of America,USA,1933,1347.1832,,,,,
Uruguay,URY,1933,0.066,,,,,
Uzbekistan,UZB,1933,8.7291,,,,,
Venezuela,VEN,1933,2.8213,,,,,
Vietnam,VNM,1933,4.2209,,,,,
Zimbabwe,ZWE,1933,1.2824,,,,,
World,WLD,1933,3275.616,3401.2000000000003,,,,
Albania,ALB,1934,0.0073,,,,,
Algeria,DZA,1934,0.1392,,,,,
Argentina,ARG,1934,14.242,,,,,
Armenia,ARM,1934,1.0853,,,,,
Australia,AUS,1934,22.6985,,,,,
Austria,AUT,1934,13.7547,,,,,
Azerbaijan,AZE,1934,4.121,,,,,
Bahrain,BHR,1934,0.1209,,,,,
Barbados,BRB,1934,0.0037,,,,,
Belarus,BLR,1934,8.9129,,,,,
Belgium,BEL,1934,74.9654,,,,,
Bolivia,BOL,1934,0.0769,,,,,
Bosnia & Herzegovina,BIH,1934,1.1454,,,,,
Brazil,BRA,1934,4.624,,,,,
Brunei,BRN,1934,0.044,,,,,
Bulgaria,BGR,1934,2.4439,,,,,
Canada,CAN,1934,79.9118,,,,,
Chile,CHL,1934,4.8328,,,,,
China,CHN,1934,49.2735,,,,,
Colombia,COL,1934,0.7365,,,,,
"Congo, Dem. Republic",COD,1934,0.0183,,,,,
Croatia,HRV,1934,1.3469,,,,,
Czech Republic,CZE,1934,31.0099,,,,,
Denmark,DNK,1934,14.645,,,,,
Ecuador,ECU,1934,0.7328,,,,,
Egypt,EGY,1934,0.8244,,,,,
Estonia,EST,1934,2.2917,,,,,
Finland,FIN,1934,3.9535,,,,,
France,FRA,1934,201.3698,,,,,
Georgia,GEO,1934,1.8846,,,,,
Germany,DEU,1934,408.6459,,,,,
Greece,GRC,1934,2.8323,,,,,
Hungary,HUN,1934,10.5743,,,,,
India,IND,1934,43.6456,,,,,
Indonesia,IDN,1934,19.2323,,,,,
Iran,IRN,1934,23.4936,,,,,
Iraq,IRQ,1934,2.8652,,,,,
Ireland,IRL,1934,9.4824,,,,,
Israel,ISR,1934,0.0696,,,,,
Italy,ITA,1934,39.6775,,,,,
Kazakhstan,KAZ,1934,20.5484,,,,,
Korea (North),PRK,1934,1.4969,,,,,
Korea (South),KOR,1934,3.0941,,,,,
Kyrgyzstan,KGZ,1934,1.2984,,,,,
Latvia,LVA,1934,1.2803,,,,,
Lithuania,LTU,1934,2.1473,,,,,
"Macedonia, FYR",MKD,1934,0.6506,,,,,
Madagascar,MDG,1934,0.0073,,,,,
Malaysia,MYS,1934,1.7331,,,,,
Mexico,MEX,1934,18.8916,,,,,
Moldova,MDA,1934,1.8775,,,,,
Morocco,MAR,1934,0.1905,,,,,
Mozambique,MOZ,1934,0.066,,,,,
Myanmar,MMR,1934,3.0631,,,,,
Netherlands,NLD,1934,38.6296,,,,,
New Zealand,NZL,1934,3.9864,,,,,
Nigeria,NGA,1934,0.6998,,,,,
Norway,NOR,1934,9.4861,,,,,
Peru,PER,1934,6.7454,,,,,
Philippines,PHL,1934,0.0879,,,,,
Poland,POL,1934,45.2174,,,,,
Portugal,PRT,1934,4.0927,,,,,
Romania,ROU,1934,31.6606,,,,,
Russian Federation,RUS,1934,176.0038,,,,,
Serbia,SRB,1934,3.6831,,,,,
Slovakia,SVK,1934,8.6492,,,,,
Slovenia,SVN,1934,1.0113,,,,,
South Africa,ZAF,1934,28.8687,,,,,
Spain,ESP,1934,20.2509,,,,,
Sweden,SWE,1934,21.7348,,,,,
Switzerland,CHE,1934,9.5557,,,,,
Syria,SYR,1934,0.011,,,,,
Taiwan,TWN,1934,4.1733,,,,,
Tajikistan,TJK,1934,0.6545,,,,,
Thailand,THA,1934,0.0256,,,,,
Trinidad & Tobago,TTO,1934,4.7779,,,,,
Tunisia,TUN,1934,0.0183,,,,,
Turkey,TUR,1934,5.7928,,,,,
Turkmenistan,TKM,1934,3.0333,,,,,
Ukraine,UKR,1934,50.3032,,,,,
United Kingdom,GBR,1934,423.225,,,,,
United States of America,USA,1934,1434.3864,,,,,
Uruguay,URY,1934,0.0513,,,,,
Uzbekistan,UZB,1934,10.5624,,,,,
Venezuela,VEN,1934,5.2249,,,,,
Vietnam,VNM,1934,4.2246,,,,,
Zimbabwe,ZWE,1934,1.7074,,,,,
World,WLD,1934,3565.072,3356.1,,,,
Albania,ALB,1935,0.0183,,,,,
Algeria,DZA,1935,0.1356,,,,,
Argentina,ARG,1935,13.9965,,,,,
Armenia,ARM,1935,1.2285,,,,,
Australia,AUS,1935,25.2303,,,,,
Austria,AUT,1935,13.9232,,,,,
Azerbaijan,AZE,1935,4.6629,,,,,
Bahrain,BHR,1935,0.5313,,,,,
Barbados,BRB,1935,0.0,,,,,
Belarus,BLR,1935,10.0873,,,,,
Belgium,BEL,1935,71.6495,,,,,
Bolivia,BOL,1935,0.0696,,,,,
Bosnia & Herzegovina,BIH,1935,1.194,,,,,
Brazil,BRA,1935,5.5143,,,,,
Brunei,BRN,1935,0.0256,,,,,
Bulgaria,BGR,1935,2.4732,,,,,
Canada,CAN,1935,78.798,,,,,
Chile,CHL,1935,5.1149,,,,,
China,CHN,1935,57.6237,,,,,
Colombia,COL,1935,2.4036,,,,,
"Congo, Dem. Republic",COD,1935,0.033,,,,,
Croatia,HRV,1935,1.4181,,,,,
Czech Republic,CZE,1935,31.9216,,,,,
Denmark,DNK,1935,15.2532,,,,,
Ecuador,ECU,1935,0.7841,,,,,
Egypt,EGY,1935,0.7475,,,,,
Estonia,EST,1935,2.5937,,,,,
Finland,FIN,1935,3.5211,,,,,
France,FRA,1935,195.3938,,,,,
Georgia,GEO,1935,2.1325,,,,,
Germany,DEU,1935,452.3684,,,,,
Greece,GRC,1935,2.9092,,,,,
Hungary,HUN,1935,11.0799,,,,,
India,IND,1935,45.6021,,,,,
Indonesia,IDN,1935,19.9981,,,,,
Iran,IRN,1935,23.3397,,,,,
Iraq,IRQ,1935,5.7232,,,,,
Ireland,IRL,1935,9.5337,,,,,
Israel,ISR,1935,0.0916,,,,,
Italy,ITA,1935,45.3933,,,,,
Kazakhstan,KAZ,1935,23.2537,,,,,
Korea (North),PRK,1935,1.806,,,,,
Korea (South),KOR,1935,3.5947,,,,,
Kyrgyzstan,KGZ,1935,1.4708,,,,,
Latvia,LVA,1935,1.4492,,,,,
Lebanon,LBN,1935,0.0513,,,,,
Lithuania,LTU,1935,2.4321,,,,,
"Macedonia, FYR",MKD,1935,0.6817,,,,,
Madagascar,MDG,1935,0.0037,,,,,
Malaysia,MYS,1935,1.8064,,,,,
Mexico,MEX,1935,21.4271,,,,,
Moldova,MDA,1935,2.1243,,,,,
Morocco,MAR,1935,0.2345,,,,,
Mozambique,MOZ,1935,0.0476,,,,,
Myanmar,MMR,1935,3.0265,,,,,
Netherlands,NLD,1935,37.2665,,,,,
New Zealand,NZL,1935,4.155,,,,,
Nigeria,NGA,1935,0.6962,,,,,
Norway,NOR,1935,9.7829,,,,,
Peru,PER,1935,7.1668,,,,,
Philippines,PHL,1935,0.0989,,,,,
Poland,POL,1935,46.1517,,,,,
Portugal,PRT,1935,4.3785,,,,,
Romania,ROU,1935,31.5324,,,,,
Russian Federation,RUS,1935,199.228,,,,,
Saudi Arabia,SAU,1935,0.0,,,,,
Serbia,SRB,1935,3.8493,,,,,
Slovakia,SVK,1935,8.9064,,,,,
Slovenia,SVN,1935,1.0606,,,,,
South Africa,ZAF,1935,32.1589,,,,,
Spain,ESP,1935,22.4603,,,,,
Sweden,SWE,1935,22.867,,,,,
Switzerland,CHE,1935,9.4751,,,,,
Syria,SYR,1935,0.0147,,,,,
Taiwan,TWN,1935,4.3638,,,,,
Tajikistan,TJK,1935,0.741,,,,,
Thailand,THA,1935,0.0256,,,,,
Trinidad & Tobago,TTO,1935,5.0893,,,,,
Tunisia,TUN,1935,0.0183,,,,,
Turkey,TUR,1935,5.9357,,,,,
Turkmenistan,TKM,1935,3.4336,,,,,
Ukraine,UKR,1935,56.9396,,,,,
United Kingdom,GBR,1935,429.1313,,,,,
United States of America,USA,1935,1490.2587,,,,,
Uruguay,URY,1935,0.0513,,,,,
Uzbekistan,UZB,1935,11.9631,,,,,
Venezuela,VEN,1935,5.9943,,,,,
Vietnam,VNM,1935,4.7082,,,,,
Zimbabwe,ZWE,1935,1.843,,,,,
World,WLD,1935,3759.264,3350.2333333333336,,,,
Albania,ALB,1936,0.1282,,,,,
Algeria,DZA,1936,0.0513,,,,,
Argentina,ARG,1936,15.0993,,,,,
Armenia,ARM,1936,1.4086,,,,,
Australia,AUS,1936,27.0513,,,,,
Austria,AUT,1936,13.5934,,,,,
Azerbaijan,AZE,1936,5.3441,,,,,
Bahrain,BHR,1936,1.9492,,,,,
Barbados,BRB,1936,0.0,,,,,
Belarus,BLR,1936,11.5647,,,,,
Belgium,BEL,1936,75.0131,,,,,
Bolivia,BOL,1936,0.044,,,,,
Bosnia & Herzegovina,BIH,1936,1.1847,,,,,
Brazil,BRA,1936,5.1516,,,,,
Brunei,BRN,1936,0.0769,,,,,
Bulgaria,BGR,1936,2.5135,,,,,
Canada,CAN,1936,86.1663,,,,,
Chile,CHL,1936,5.0307,,,,,
China,CHN,1936,65.0397,,,,,
Colombia,COL,1936,2.7883,,,,,
"Congo, Dem. Republic",COD,1936,0.0403,,,,,
Croatia,HRV,1936,1.3849,,,,,
Czech Republic,CZE,1936,34.6851,,,,,
Denmark,DNK,1936,15.7845,,,,,
Ecuador,ECU,1936,0.8757,,,,,
Egypt,EGY,1936,0.7291,,,,,
Estonia,EST,1936,2.9738,,,,,
Finland,FIN,1936,4.9647,,,,,
France,FRA,1936,198.1015,,,,,
Georgia,GEO,1936,2.4441,,,,,
Germany,DEU,1936,499.6853,,,,,
Greece,GRC,1936,3.3672,,,,,
Hungary,HUN,1936,11.9007,,,,,
Iceland,ISL,1936,0.022,,,,,
India,IND,1936,44.818,,,,,
Indonesia,IDN,1936,21.7678,,,,,
Iran,IRN,1936,25.5527,,,,,
Iraq,IRQ,1936,5.7928,,,,,
Ireland,IRL,1936,10.1456,,,,,
Israel,ISR,1936,0.0769,,,,,
Italy,ITA,1936,32.0014,,,,,
Kazakhstan,KAZ,1936,26.6561,,,,,
Korea (North),PRK,1936,2.1235,,,,,
Korea (South),KOR,1936,4.2116,,,,,
Kyrgyzstan,KGZ,1936,1.6882,,,,,
Latvia,LVA,1936,1.6617,,,,,
Lebanon,LBN,1936,0.0586,,,,,
Lithuania,LTU,1936,2.791,,,,,
"Macedonia, FYR",MKD,1936,0.6709,,,,,
Malaysia,MYS,1936,2.0482,,,,,
Mexico,MEX,1936,21.9584,,,,,
Moldova,MDA,1936,2.4345,,,,,
Morocco,MAR,1936,0.2125,,,,,
Mozambique,MOZ,1936,0.0513,,,,,
Myanmar,MMR,1936,3.1107,,,,,
Netherlands,NLD,1936,39.8936,,,,,
New Zealand,NZL,1936,4.177,,,,,
Nigeria,NGA,1936,0.7878,,,,,
Norway,NOR,1936,10.4424,,,,,
Peru,PER,1936,7.4049,,,,,
Philippines,PHL,1936,0.1209,,,,,
Poland,POL,1936,49.9037,,,,,
Portugal,PRT,1936,4.1293,,,,,
Romania,ROU,1936,33.1555,,,,,
Russian Federation,RUS,1936,228.4581,,,,,
Saudi Arabia,SAU,1936,0.0073,,,,,
Serbia,SRB,1936,3.8036,,,,,
Slovakia,SVK,1936,9.6786,,,,,
Slovenia,SVN,1936,1.0423,,,,,
South Africa,ZAF,1936,35.255,,,,,
Spain,ESP,1936,8.0608,,,,,
Sweden,SWE,1936,25.0508,,,,,
Switzerland,CHE,1936,9.9221,,,,,
Syria,SYR,1936,0.0293,,,,,
Taiwan,TWN,1936,4.7339,,,,,
Tajikistan,TJK,1936,0.85,,,,,
Thailand,THA,1936,0.0293,,,,,
Trinidad & Tobago,TTO,1936,5.7415,,,,,
Tunisia,TUN,1936,0.0256,,,,,
Turkey,TUR,1936,5.8661,,,,,
Turkmenistan,TKM,1936,3.9375,,,,,
Ukraine,UKR,1936,65.2917,,,,,
United Kingdom,GBR,1936,453.8194,,,,,
United States of America,USA,1936,1710.696,,,,,
Uruguay,URY,1936,0.055,,,,,
Uzbekistan,UZB,1936,13.7287,,,,,
Venezuela,VEN,1936,3.1657,,,,,
Vietnam,VNM,1936,5.8001,,,,,
Zimbabwe,ZWE,1936,1.8686,,,,,
World,WLD,1936,4140.32,3380.6666666666665,,,,
Albania,ALB,1937,0.2968,,,,,
Algeria,DZA,1937,0.0696,,,,,
Argentina,ARG,1937,16.7188,,,,,
Armenia,ARM,1937,1.4404,,,,,
Australia,AUS,1937,28.8613,,,,,
Austria,AUT,1937,15.2569,,,,,
Azerbaijan,AZE,1937,5.4666,,,,,
Bahrain,BHR,1937,3.2536,,,,,
Barbados,BRB,1937,0.0,,,,,
Belarus,BLR,1937,11.8271,,,,,
Belgium,BEL,1937,90.3103,,,,,
Bolivia,BOL,1937,0.0513,,,,,
Bosnia & Herzegovina,BIH,1937,1.3265,,,,,
Brazil,BRA,1937,6.0896,,,,,
Brunei,BRN,1937,0.2052,,,,,
Bulgaria,BGR,1937,2.7883,,,,,
Canada,CAN,1937,93.487,,,,,
Chile,CHL,1937,5.2798,,,,,
China,CHN,1937,60.5732,,,,,
Colombia,COL,1937,2.7883,,,,,
"Congo, Dem. Republic",COD,1937,0.0989,,,,,
Croatia,HRV,1937,1.5352,,,,,
Czech Republic,CZE,1937,42.0069,,,,,
Denmark,DNK,1937,16.2975,,,,,
Ecuador,ECU,1937,0.9746,,,,,
Egypt,EGY,1937,0.6888,,,,,
Estonia,EST,1937,3.0411,,,,,
Finland,FIN,1937,6.7857,,,,,
France,FRA,1937,217.7222,,,,,
Georgia,GEO,1937,2.5001,,,,,
Germany,DEU,1937,563.5635,,,,,
Greece,GRC,1937,3.5871,,,,,
Hungary,HUN,1937,13.6191,,,,,
Iceland,ISL,1937,0.0183,,,,,
India,IND,1937,49.6435,,,,,
Indonesia,IDN,1937,25.3439,,,,,
Iran,IRN,1937,31.6899,,,,,
Iraq,IRQ,1937,6.2435,,,,,
Ireland,IRL,1937,10.3545,,,,,
Israel,ISR,1937,0.0806,,,,,
Italy,ITA,1937,45.1918,,,,,
Kazakhstan,KAZ,1937,27.2632,,,,,
Korea (North),PRK,1937,2.2844,,,,,
Korea (South),KOR,1937,4.494,,,,,
Kyrgyzstan,KGZ,1937,1.725,,,,,
Latvia,LVA,1937,1.6992,,,,,
Lebanon,LBN,1937,0.0623,,,,,
Lithuania,LTU,1937,2.8523,,,,,
"Macedonia, FYR",MKD,1937,0.7473,,,,,
Malaysia,MYS,1937,2.345,,,,,
Mexico,MEX,1937,24.9042,,,,,
Moldova,MDA,1937,2.4904,,,,,
Morocco,MAR,1937,0.3701,,,,,
Mozambique,MOZ,1937,0.0586,,,,,
Myanmar,MMR,1937,3.217,,,,,
Netherlands,NLD,1937,44.001,,,,,
New Zealand,NZL,1937,4.3821,,,,,
Nigeria,NGA,1937,0.9783,,,,,
Norway,NOR,1937,11.7651,,,,,
Peru,PER,1937,8.8046,,,,,
Philippines,PHL,1937,0.1209,,,,,
Poland,POL,1937,56.3413,,,,,
Portugal,PRT,1937,4.9354,,,,,
Romania,ROU,1937,28.4656,,,,,
Russian Federation,RUS,1937,233.6035,,,,,
Saudi Arabia,SAU,1937,0.0256,,,,,
Serbia,SRB,1937,4.2479,,,,,
Slovakia,SVK,1937,11.7294,,,,,
Slovenia,SVN,1937,1.1601,,,,,
South Africa,ZAF,1937,36.8195,,,,,
Spain,ESP,1937,5.2468,,,,,
Sweden,SWE,1937,28.9456,,,,,
Switzerland,CHE,1937,10.4644,,,,,
Syria,SYR,1937,0.0623,,,,,
Taiwan,TWN,1937,5.2505,,,,,
Tajikistan,TJK,1937,0.8689,,,,,
Thailand,THA,1937,0.0366,,,,,
Trinidad & Tobago,TTO,1937,7.2474,,,,,
Tunisia,TUN,1937,0.0293,,,,,
Turkey,TUR,1937,4.2466,,,,,
Turkmenistan,TKM,1937,4.0261,,,,,
Ukraine,UKR,1937,66.7636,,,,,
United Kingdom,GBR,1937,468.1639,,,,,
United States of America,USA,1937,1789.5599,,,,,
Uruguay,URY,1937,0.0733,,,,,
Uzbekistan,UZB,1937,14.0303,,,,,
Venezuela,VEN,1937,9.3982,,,,,
Vietnam,VNM,1937,6.1225,,,,,
Zimbabwe,ZWE,1937,2.7333,,,,,
World,WLD,1937,4429.776,3297.433333333333,,,,
Albania,ALB,1938,0.3481,,,,,
Algeria,DZA,1938,0.033,,,,,
Argentina,ARG,1938,16.3488,,,,,
Armenia,ARM,1938,1.5203,,,,,
Australia,AUS,1938,28.0333,,,,,
Austria,AUT,1938,5.7855,,,,,
Azerbaijan,AZE,1938,5.7699,,,,,
Bahrain,BHR,1938,3.4771,,,,,
Barbados,BRB,1938,0.0,,,,,
Belarus,BLR,1938,12.4831,,,,,
Belgium,BEL,1938,79.1277,,,,,
Bolivia,BOL,1938,0.066,,,,,
Bosnia & Herzegovina,BIH,1938,1.2491,,,,,
Brazil,BRA,1938,6.0932,,,,,
Brunei,BRN,1938,0.2162,,,,,
Bulgaria,BGR,1938,3.1694,,,,,
Canada,CAN,1938,85.5471,,,,,
Chile,CHL,1938,5.529,,,,,
China,CHN,1938,55.3044,,,,,
Colombia,COL,1938,3.0045,,,,,
"Congo, Dem. Republic",COD,1938,0.1172,,,,,
Croatia,HRV,1938,1.4663,,,,,
Czech Republic,CZE,1938,48.2417,,,,,
Denmark,DNK,1938,14.634,,,,,
Ecuador,ECU,1938,1.0332,,,,,
Egypt,EGY,1938,0.8794,,,,,
Estonia,EST,1938,3.2098,,,,,
Finland,FIN,1938,5.6975,,,,,
France,FRA,1938,201.7948,,,,,
Georgia,GEO,1938,2.6388,,,,,
Germany,DEU,1938,601.3357,,,,,
Greece,GRC,1938,2.8469,,,,,
Hungary,HUN,1938,14.7732,,,,,
India,IND,1938,55.5756,,,,,
Indonesia,IDN,1938,26.7325,,,,,
Iran,IRN,1938,31.7779,,,,,
Iraq,IRQ,1938,5.9174,,,,,
Ireland,IRL,1938,9.9661,,,,,
Israel,ISR,1938,0.0476,,,,,
Italy,ITA,1938,45.0012,,,,,
Kazakhstan,KAZ,1938,28.7757,,,,,
Korea (North),PRK,1938,2.8616,,,,,
Korea (South),KOR,1938,6.2105,,,,,
Kyrgyzstan,KGZ,1938,1.8206,,,,,
Latvia,LVA,1938,1.7934,,,,,
Lebanon,LBN,1938,0.0623,,,,,
Lithuania,LTU,1938,3.0103,,,,,
"Macedonia, FYR",MKD,1938,0.7089,,,,,
Malaysia,MYS,1938,1.9126,,,,,
Mexico,MEX,1938,24.263,,,,,
Moldova,MDA,1938,2.6286,,,,,
Morocco,MAR,1938,0.4653,,,,,
Mozambique,MOZ,1938,0.0366,,,,,
Myanmar,MMR,1938,3.0888,,,,,
Netherlands,NLD,1938,43.3085,,,,,
New Zealand,NZL,1938,4.2466,,,,,
Nigeria,NGA,1938,0.9746,,,,,
Norway,NOR,1938,10.4754,,,,,
Peru,PER,1938,8.0095,,,,,
Philippines,PHL,1938,0.1576,,,,,
Poland,POL,1938,59.9394,,,,,
Portugal,PRT,1938,4.1183,,,,,
Romania,ROU,1938,26.7179,,,,,
Russian Federation,RUS,1938,246.5571,,,,,
Saudi Arabia,SAU,1938,0.2052,,,,,
Serbia,SRB,1938,4.0148,,,,,
Slovakia,SVK,1938,13.3318,,,,,
Slovenia,SVN,1938,1.1017,,,,,
South Africa,ZAF,1938,38.7028,,,,,
Spain,ESP,1938,13.2234,,,,,
Sweden,SWE,1938,26.139,,,,,
Switzerland,CHE,1938,10.4607,,,,,
Syria,SYR,1938,0.0623,,,,,
Taiwan,TWN,1938,5.899,,,,,
Tajikistan,TJK,1938,0.9171,,,,,
Thailand,THA,1938,0.0403,,,,,
Trinidad & Tobago,TTO,1938,8.3393,,,,,
Tunisia,TUN,1938,0.033,,,,,
Turkey,TUR,1938,4.6313,,,,,
Turkmenistan,TKM,1938,4.2493,,,,,
Ukraine,UKR,1938,70.4659,,,,,
United Kingdom,GBR,1938,448.9682,,,,,
United States of America,USA,1938,1513.4225,,,,,
Uruguay,URY,1938,0.0769,,,,,
Uzbekistan,UZB,1938,14.8075,,,,,
Venezuela,VEN,1938,6.1189,,,,,
Vietnam,VNM,1938,6.2215,,,,,
Zimbabwe,ZWE,1938,2.77,,,,,
World,WLD,1938,4187.952,3308.7999999999997,,,,
Albania,ALB,1939,0.4324,,,,,
Algeria,DZA,1939,0.1612,,,,,
Argentina,ARG,1939,17.382,,,,,
Armenia,ARM,1939,1.539,,,,,
Australia,AUS,1939,32.1443,,,,,
Austria,AUT,1939,6.3424,,,,,
Azerbaijan,AZE,1939,5.841,,,,,
Bahrain,BHR,1939,3.184,,,,,
Barbados,BRB,1939,0.0037,,,,,
Belarus,BLR,1939,12.6365,,,,,
Belgium,BEL,1939,73.7197,,,,,
Bolivia,BOL,1939,0.0843,,,,,
Bosnia & Herzegovina,BIH,1939,1.3146,,,,,
Brazil,BRA,1939,5.9467,,,,,
Brunei,BRN,1939,2.6271,,,,,
Bulgaria,BGR,1939,3.4808,,,,,
Canada,CAN,1939,95.0039,,,,,
Chile,CHL,1939,5.0087,,,,,
China,CHN,1939,67.1575,,,,,
Colombia,COL,1939,4.6386,,,,,
"Congo, Dem. Republic",COD,1939,0.0916,,,,,
Croatia,HRV,1939,1.5292,,,,,
Czech Republic,CZE,1939,52.9848,,,,,
Denmark,DNK,1939,16.3048,,,,,
Ecuador,ECU,1939,1.0662,,,,,
Egypt,EGY,1939,2.2314,,,,,
Eritrea,ERI,1939,0.0147,,,,,
Estonia,EST,1939,3.2492,,,,,
Finland,FIN,1939,4.8768,,,,,
France,FRA,1939,194.617,,,,,
Georgia,GEO,1939,2.6713,,,,,
Germany,DEU,1939,648.6819,,,,,
Greece,GRC,1939,0.2528,,,,,
Hungary,HUN,1939,14.4435,,,,,
India,IND,1939,54.3994,,,,,
Indonesia,IDN,1939,29.2057,,,,,
Iran,IRN,1939,30.0521,,,,,
Iraq,IRQ,1939,12.1572,,,,,
Ireland,IRL,1939,11.5306,,,,,
Israel,ISR,1939,0.055,,,,,
Italy,ITA,1939,46.1408,,,,,
Kazakhstan,KAZ,1939,29.1298,,,,,
Korea (North),PRK,1939,4.0004,,,,,
Korea (South),KOR,1939,7.8417,,,,,
Kyrgyzstan,KGZ,1939,1.8428,,,,,
Latvia,LVA,1939,1.8154,,,,,
Lebanon,LBN,1939,0.0586,,,,,
Lithuania,LTU,1939,3.047,,,,,
"Macedonia, FYR",MKD,1939,0.7426,,,,,
Malaysia,MYS,1939,1.7038,,,,,
Mexico,MEX,1939,22.6655,,,,,
Moldova,MDA,1939,2.661,,,,,
Morocco,MAR,1939,0.3188,,,,,
Mozambique,MOZ,1939,0.066,,,,,
Myanmar,MMR,1939,3.2316,,,,,
Netherlands,NLD,1939,40.7034,,,,,
New Zealand,NZL,1939,4.4628,,,,,
Nigeria,NGA,1939,0.8207,,,,,
Norway,NOR,1939,12.5162,,,,,
Peru,PER,1939,5.8477,,,,,
Philippines,PHL,1939,0.0843,,,,,
Poland,POL,1939,51.9006,,,,,
Portugal,PRT,1939,4.7522,,,,,
Romania,ROU,1939,25.19,,,,,
Russian Federation,RUS,1939,249.5828,,,,,
Saudi Arabia,SAU,1939,1.6525,,,,,
Serbia,SRB,1939,4.2153,,,,,
Slovakia,SVK,1939,14.6673,,,,,
Slovenia,SVN,1939,1.1532,,,,,
South Africa,ZAF,1939,40.1611,,,,,
Spain,ESP,1939,15.7186,,,,,
Sweden,SWE,1939,29.3047,,,,,
Switzerland,CHE,1939,11.8567,,,,,
Syria,SYR,1939,0.0586,,,,,
Taiwan,TWN,1939,7.1814,,,,,
Tajikistan,TJK,1939,0.9283,,,,,
Thailand,THA,1939,0.0476,,,,,
Trinidad & Tobago,TTO,1939,9.4531,,,,,
Tunisia,TUN,1939,0.0366,,,,,
Turkey,TUR,1939,4.9061,,,,,
Turkmenistan,TKM,1939,4.3014,,,,,
Ukraine,UKR,1939,71.3308,,,,,
United Kingdom,GBR,1939,452.4564,,,,,
United States of America,USA,1939,1667.8601,,,,,
Uruguay,URY,1939,0.0879,,,,,
Uzbekistan,UZB,1939,14.9882,,,,,
Venezuela,VEN,1939,6.9982,,,,,
Vietnam,VNM,1939,6.9396,,,,,
Zimbabwe,ZWE,1939,2.9678,,,,,
World,WLD,1939,4363.824,3301.8333333333335,,,,
Albania,ALB,1940,0.6925,,,,,
Algeria,DZA,1940,0.2382,,,,,
Argentina,ARG,1940,15.8651,,,,,
Armenia,ARM,1940,1.8451,,,,,
Australia,AUS,1940,29.0445,,,,,
Austria,AUT,1940,7.3463,,,,,
Azerbaijan,AZE,1940,7.0066,,,,,
Bahrain,BHR,1940,2.9678,,,,,
Barbados,BRB,1940,0.0,,,,,
Belarus,BLR,1940,15.153,,,,,
Belgium,BEL,1940,62.1048,,,,,
Bolivia,BOL,1940,0.1282,,,,,
Bosnia & Herzegovina,BIH,1940,1.5563,,,,,
Brazil,BRA,1940,6.4889,,,,,
Brunei,BRN,1940,2.9642,,,,,
Bulgaria,BGR,1940,4.1,,,,,
Canada,CAN,1940,108.6229,,,,,
Chile,CHL,1940,5.2615,,,,,
China,CHN,1940,86.104,,,,,
Colombia,COL,1940,4.166,,,,,
"Congo, Dem. Republic",COD,1940,0.0733,,,,,
Croatia,HRV,1940,1.6872,,,,,
Czech Republic,CZE,1940,59.7211,,,,,
Denmark,DNK,1940,14.8245,,,,,
Ecuador,ECU,1940,1.0882,,,,,
Egypt,EGY,1940,3.0301,,,,,
Eritrea,ERI,1940,0.0073,,,,,
Estonia,EST,1940,3.896,,,,,
Finland,FIN,1940,2.3156,,,,,
France,FRA,1940,137.7371,,,,,
Georgia,GEO,1940,3.2043,,,,,
Germany,DEU,1940,654.3648,,,,,
Greece,GRC,1940,0.2382,,,,,
Hungary,HUN,1940,15.8285,,,,,
Iceland,ISL,1940,0.033,,,,,
India,IND,1940,57.697,,,,,
Indonesia,IDN,1940,28.7331,,,,,
Iran,IRN,1940,27.1283,,,,,
Iraq,IRQ,1940,7.6907,,,,,
Ireland,IRL,1940,11.5233,,,,,
Israel,ISR,1940,0.0733,,,,,
Italy,ITA,1940,49.05,,,,,
Kazakhstan,KAZ,1940,34.9356,,,,,
Korea (North),PRK,1940,4.8043,,,,,
Korea (South),KOR,1940,10.4269,,,,,
Kyrgyzstan,KGZ,1940,2.207,,,,,
Latvia,LVA,1940,2.1765,,,,,
Lebanon,LBN,1940,0.022,,,,,
Lithuania,LTU,1940,3.65,,,,,
"Macedonia, FYR",MKD,1940,0.8483,,,,,
Malaysia,MYS,1940,2.5685,,,,,
Mexico,MEX,1940,23.2151,,,,,
Moldova,MDA,1940,3.1922,,,,,
Morocco,MAR,1940,0.3957,,,,,
Mozambique,MOZ,1940,0.066,,,,,
Myanmar,MMR,1940,3.173,,,,,
Netherlands,NLD,1940,33.4377,,,,,
New Zealand,NZL,1940,4.7632,,,,,
Nigeria,NGA,1940,0.8354,,,,,
Norway,NOR,1940,6.5109,,,,,
Peru,PER,1940,5.2981,,,,,
Philippines,PHL,1940,0.1136,,,,,
Poland,POL,1940,167.2469,,,,,
Portugal,PRT,1940,3.8985,,,,,
Romania,ROU,1940,23.9479,,,,,
Russian Federation,RUS,1940,299.2132,,,,,
Saudi Arabia,SAU,1940,2.1471,,,,,
Serbia,SRB,1940,4.9022,,,,,
Slovakia,SVK,1940,16.5231,,,,,
Slovenia,SVN,1940,1.3093,,,,,
South Africa,ZAF,1940,41.5204,,,,,
Spain,ESP,1940,21.6249,,,,,
Sweden,SWE,1940,18.4776,,,,,
Switzerland,CHE,1940,8.3136,,,,,
Syria,SYR,1940,0.022,,,,,
Taiwan,TWN,1940,7.7677,,,,,
Tajikistan,TJK,1940,1.1125,,,,,
Thailand,THA,1940,0.0586,,,,,
Trinidad & Tobago,TTO,1940,10.7355,,,,,
Tunisia,TUN,1940,0.055,,,,,
Turkey,TUR,1940,5.4667,,,,,
Turkmenistan,TKM,1940,5.1566,,,,,
Ukraine,UKR,1940,85.5179,,,,,
United Kingdom,GBR,1940,475.1475,,,,,
United States of America,USA,1940,1871.4906,,,,,
Uruguay,URY,1940,0.0843,,,,,
Uzbekistan,UZB,1940,17.9536,,,,,
Venezuela,VEN,1940,12.344,,,,,
Vietnam,VNM,1940,6.6318,,,,,
Zimbabwe,ZWE,1940,3.4258,,,,,
World,WLD,1940,4759.536,3254.1666666666665,,,,
Albania,ALB,1941,0.6265,,,,,
Algeria,DZA,1941,0.3114,,,,,
Argentina,ARG,1941,13.9452,,,,,
Armenia,ARM,1941,1.6209,,,,,
Australia,AUS,1941,34.5479,,,,,
Austria,AUT,1941,7.9802,,,,,
Azerbaijan,AZE,1941,6.1529,,,,,
Bahrain,BHR,1941,2.8506,,,,,
Barbados,BRB,1941,0.0,,,,,
Belarus,BLR,1941,13.3102,,,,,
Belgium,BEL,1941,65.1862,,,,,
Bolivia,BOL,1941,0.1063,,,,,
Brazil,BRA,1941,6.2838,,,,,
Brunei,BRN,1941,1.9676,,,,,
Bulgaria,BGR,1941,4.4224,,,,,
Canada,CAN,1941,120.1572,,,,,
Chile,CHL,1941,5.5693,,,,,
China,CHN,1941,107.6153,,,,,
Colombia,COL,1941,3.7336,,,,,
"Congo, Dem. Republic",COD,1941,0.1026,,,,,
Cuba,CUB,1941,0.0769,,,,,
Czech Republic,CZE,1941,60.1054,,,,,
Denmark,DNK,1941,17.4003,,,,,
Ecuador,ECU,1941,0.7291,,,,,
Egypt,EGY,1941,3.9535,,,,,
Eritrea,ERI,1941,0.0037,,,,,
Estonia,EST,1941,3.4224,,,,,
Ethiopia,ETH,1941,0.011,,,,,
Finland,FIN,1941,3.2463,,,,,
France,FRA,1941,119.9227,,,,,
Georgia,GEO,1941,2.8139,,,,,
Germany,DEU,1941,660.8354,,,,,
Greece,GRC,1941,0.1356,,,,,
Guatemala,GTM,1941,0.011,,,,,
Hungary,HUN,1941,17.8547,,,,,
Iceland,ISL,1941,0.0256,,,,,
India,IND,1941,58.9574,,,,,
Indonesia,IDN,1941,26.4834,,,,,
Iran,IRN,1941,20.8188,,,,,
Iraq,IRQ,1941,4.8072,,,,,
Ireland,IRL,1941,8.4492,,,,,
Israel,ISR,1941,0.0586,,,,,
Italy,ITA,1941,42.9018,,,,,
Kazakhstan,KAZ,1941,30.6836,,,,,
Korea (North),PRK,1941,5.6486,,,,,
Korea (South),KOR,1941,11.3414,,,,,
Kyrgyzstan,KGZ,1941,1.9405,,,,,
Latvia,LVA,1941,1.9121,,,,,
Lebanon,LBN,1941,0.022,,,,,
Lithuania,LTU,1941,3.2087,,,,,
Malaysia,MYS,1941,2.1801,,,,,
Mexico,MEX,1941,22.5483,,,,,
Moldova,MDA,1941,2.8031,,,,,
Morocco,MAR,1941,0.3884,,,,,
Mozambique,MOZ,1941,0.0586,,,,,
Myanmar,MMR,1941,3.184,,,,,
Netherlands,NLD,1941,37.131,,,,,
New Zealand,NZL,1941,5.005,,,,,
Nigeria,NGA,1941,0.9893,,,,,
Norway,NOR,1941,4.8145,,,,,
Peru,PER,1941,5.2505,,,,,
Philippines,PHL,1941,0.0916,,,,,
Poland,POL,1941,164.8067,,,,,
Portugal,PRT,1941,3.7812,,,,,
Romania,ROU,1941,22.5519,,,,,
Russian Federation,RUS,1941,262.874,,,,,
Saudi Arabia,SAU,1941,1.81,,,,,
Slovakia,SVK,1941,16.6371,,,,,
South Africa,ZAF,1941,44.3307,,,,,
Spain,ESP,1941,21.515,,,,,
Sweden,SWE,1941,15.048,,,,,
Switzerland,CHE,1941,6.6318,,,,,
Syria,SYR,1941,0.022,,,,,
Taiwan,TWN,1941,7.9326,,,,,
Tajikistan,TJK,1941,0.9777,,,,,
Thailand,THA,1941,0.0586,,,,,
Trinidad & Tobago,TTO,1941,9.8965,,,,,
Tunisia,TUN,1941,0.1356,,,,,
Turkey,TUR,1941,5.6169,,,,,
Turkmenistan,TKM,1941,4.5305,,,,,
Ukraine,UKR,1941,75.1299,,,,,
United Kingdom,GBR,1941,469.6772,,,,,
United States of America,USA,1941,2039.2139,,,,,
Uruguay,URY,1941,0.0879,,,,,
Uzbekistan,UZB,1941,15.7834,,,,,
Venezuela,VEN,1941,15.059,,,,,
Vietnam,VNM,1941,6.1775,,,,,
Zimbabwe,ZWE,1941,3.7446,,,,,
World,WLD,1941,4884.112,3190.7333333333336,,,,
Albania,ALB,1942,0.7438,,,,,
Algeria,DZA,1942,0.4983,,,,,
Argentina,ARG,1942,13.4799,,,,,
Armenia,ARM,1942,1.1161,,,,,
Australia,AUS,1942,36.5044,,,,,
Austria,AUT,1942,8.5481,,,,,
Azerbaijan,AZE,1942,4.2498,,,,,
Bahrain,BHR,1942,2.6161,,,,,
Barbados,BRB,1942,0.0,,,,,
Belarus,BLR,1942,9.1733,,,,,
Belgium,BEL,1942,61.0752,,,,,
Bolivia,BOL,1942,0.1319,,,,,
Brazil,BRA,1942,5.8734,,,,,
Brunei,BRN,1942,1.2458,,,,,
Bulgaria,BGR,1942,5.3494,,,,,
Canada,CAN,1942,131.0796,,,,,
Chile,CHL,1942,5.8111,,,,,
China,CHN,1942,113.8698,,,,,
Colombia,COL,1942,4.166,,,,,
"Congo, Dem. Republic",COD,1942,0.1429,,,,,
Cuba,CUB,1942,0.0843,,,,,
Czech Republic,CZE,1942,64.8261,,,,,
Denmark,DNK,1942,16.4733,,,,,
Ecuador,ECU,1942,1.0516,,,,,
Egypt,EGY,1942,3.8362,,,,,
Eritrea,ERI,1942,0.011,,,,,
Estonia,EST,1942,2.3578,,,,,
Ethiopia,ETH,1942,0.011,,,,,
Finland,FIN,1942,2.8103,,,,,
France,FRA,1942,122.5058,,,,,
Georgia,GEO,1942,1.9433,,,,,
Germany,DEU,1942,667.9289,,,,,
Greece,GRC,1942,0.2235,,,,,
Guatemala,GTM,1942,0.011,,,,,
Hungary,HUN,1942,18.8403,,,,,
India,IND,1942,58.8988,,,,,
Indonesia,IDN,1942,9.4568,,,,,
Iran,IRN,1942,29.5282,,,,,
Iraq,IRQ,1942,7.9619,,,,,
Ireland,IRL,1942,7.0129,,,,,
Israel,ISR,1942,0.1099,,,,,
Italy,ITA,1942,41.9015,,,,,
Kazakhstan,KAZ,1942,21.1659,,,,,
Korea (North),PRK,1942,6.178,,,,,
Korea (South),KOR,1942,12.578,,,,,
Kyrgyzstan,KGZ,1942,1.3266,,,,,
Latvia,LVA,1942,1.3163,,,,,
Lebanon,LBN,1942,0.3517,,,,,
Lithuania,LTU,1942,2.1964,,,,,
Malaysia,MYS,1942,0.6595,,,,,
Mexico,MEX,1942,18.9832,,,,,
Moldova,MDA,1942,1.9368,,,,,
Morocco,MAR,1942,0.3261,,,,,
Mozambique,MOZ,1942,0.0293,,,,,
Myanmar,MMR,1942,1.0259,,,,,
Netherlands,NLD,1942,34.5955,,,,,
New Zealand,NZL,1942,5.1003,,,,,
Nicaragua,NIC,1942,0.0,,,,,
Nigeria,NGA,1942,1.2421,,,,,
Norway,NOR,1942,4.624,,,,,
Peru,PER,1942,6.0419,,,,,
Poland,POL,1942,181.6135,,,,,
Portugal,PRT,1942,3.0265,,,,,
Romania,ROU,1942,23.6731,,,,,
Russian Federation,RUS,1942,180.8936,,,,,
Saudi Arabia,SAU,1942,1.9016,,,,,
Slovakia,SVK,1942,17.9436,,,,,
South Africa,ZAF,1942,48.4271,,,,,
Spain,ESP,1942,23.0649,,,,,
Sweden,SWE,1942,13.0255,,,,,
Switzerland,CHE,1942,5.8441,,,,,
Syria,SYR,1942,0.055,,,,,
Taiwan,TWN,1942,6.4157,,,,,
Tajikistan,TJK,1942,0.6713,,,,,
Trinidad & Tobago,TTO,1942,10.6659,,,,,
Tunisia,TUN,1942,0.1612,,,,,
Turkey,TUR,1942,4.9464,,,,,
Turkmenistan,TKM,1942,3.1169,,,,,
Ukraine,UKR,1942,51.7103,,,,,
United Kingdom,GBR,1942,468.9297,,,,,
United States of America,USA,1942,2193.8933,,,,,
Uruguay,URY,1942,0.0733,,,,,
Uzbekistan,UZB,1942,10.803,,,,,
Venezuela,VEN,1942,11.5526,,,,,
Vietnam,VNM,1942,3.2976,,,,,
Zimbabwe,ZWE,1942,4.1403,,,,,
World,WLD,1942,4913.424,3268.1,,,,
Albania,ALB,1943,0.4617,,,,,
Algeria,DZA,1943,0.469,,,,,
Argentina,ARG,1943,14.0844,,,,,
Armenia,ARM,1943,1.4247,,,,,
Australia,AUS,1943,34.9949,,,,,
Austria,AUT,1943,9.6143,,,,,
Azerbaijan,AZE,1943,5.4251,,,,,
Bahrain,BHR,1943,2.759,,,,,
Barbados,BRB,1943,0.0,,,,,
Belarus,BLR,1943,11.7102,,,,,
Belgium,BEL,1943,57.8546,,,,,
Bolivia,BOL,1943,0.1466,,,,,
Bosnia & Herzegovina,BIH,1943,0.0139,,,,,
Brazil,BRA,1943,6.4816,,,,,
Brunei,BRN,1943,1.8723,,,,,
Bulgaria,BGR,1943,5.8111,,,,,
Canada,CAN,1943,138.0705,,,,,
Chile,CHL,1943,6.1116,,,,,
China,CHN,1943,97.3048,,,,,
Colombia,COL,1943,3.73,,,,,
"Congo, Dem. Republic",COD,1943,0.2198,,,,,
Croatia,HRV,1943,0.133,,,,,
Cuba,CUB,1943,0.0843,,,,,
Czech Republic,CZE,1943,71.573,,,,,
Denmark,DNK,1943,20.6247,,,,,
Ecuador,ECU,1943,1.0552,,,,,
Egypt,EGY,1943,4.1037,,,,,
Eritrea,ERI,1943,0.0147,,,,,
Estonia,EST,1943,3.0098,,,,,
Ethiopia,ETH,1943,0.011,,,,,
Finland,FIN,1943,3.9425,,,,,
France,FRA,1943,125.2538,,,,,
Georgia,GEO,1943,2.4807,,,,,
Germany,DEU,1943,679.4632,,,,,
Greece,GRC,1943,0.2125,,,,,
Guatemala,GTM,1943,0.011,,,,,
Hungary,HUN,1943,19.2067,,,,,
Iceland,ISL,1943,0.0183,,,,,
India,IND,1943,51.2923,,,,,
Indonesia,IDN,1943,19.0272,,,,,
Iran,IRN,1943,30.4552,,,,,
Iraq,IRQ,1943,10.959,,,,,
Ireland,IRL,1943,7.1118,,,,,
Israel,ISR,1943,0.0843,,,,,
Italy,ITA,1943,7.1228,,,,,
Kazakhstan,KAZ,1943,27.0194,,,,,
Korea (North),PRK,1943,6.0414,,,,,
Korea (South),KOR,1943,12.1321,,,,,
Kyrgyzstan,KGZ,1943,1.6935,,,,,
Latvia,LVA,1943,1.6803,,,,,
Lebanon,LBN,1943,0.0366,,,,,
Lithuania,LTU,1943,2.8039,,,,,
"Macedonia, FYR",MKD,1943,0.0371,,,,,
Malaysia,MYS,1943,1.319,,,,,
Mexico,MEX,1943,19.0638,,,,,
Moldova,MDA,1943,2.4725,,,,,
Morocco,MAR,1943,0.3554,,,,,
Mozambique,MOZ,1943,0.0476,,,,,
Myanmar,MMR,1943,0.4104,,,,,
Netherlands,NLD,1943,34.9289,,,,,
New Zealand,NZL,1943,5.3714,,,,,
Nicaragua,NIC,1943,0.0073,,,,,
Nigeria,NGA,1943,1.363,,,,,
Norway,NOR,1943,5.4447,,,,,
Peru,PER,1943,6.5732,,,,,
Poland,POL,1943,197.7864,,,,,
Portugal,PRT,1943,2.9459,,,,,
Romania,ROU,1943,22.1086,,,,,
Russian Federation,RUS,1943,230.9204,,,,,
Saudi Arabia,SAU,1943,1.9932,,,,,
Serbia,SRB,1943,0.1281,,,,,
Slovakia,SVK,1943,19.8108,,,,,
Slovenia,SVN,1943,0.0652,,,,,
South Africa,ZAF,1943,48.7715,,,,,
Spain,ESP,1943,23.8563,,,,,
Sweden,SWE,1943,15.8431,,,,,
Switzerland,CHE,1943,6.1702,,,,,
Syria,SYR,1943,0.0366,,,,,
Taiwan,TWN,1943,6.4303,,,,,
Tajikistan,TJK,1943,0.8569,,,,,
Thailand,THA,1943,0.033,,,,,
Trinidad & Tobago,TTO,1943,10.2739,,,,,
Tunisia,TUN,1943,0.0476,,,,,
Turkey,TUR,1943,6.1189,,,,,
Turkmenistan,TKM,1943,3.9789,,,,,
Ukraine,UKR,1943,66.0109,,,,,
United Kingdom,GBR,1943,454.8453,,,,,
United States of America,USA,1943,2267.1843,,,,,
Uruguay,URY,1943,0.066,,,,,
Uzbekistan,UZB,1943,13.7906,,,,,
Venezuela,VEN,1943,10.3325,,,,,
Vietnam,VNM,1943,2.7077,,,,,
Zimbabwe,ZWE,1943,4.7192,,,,,
World,WLD,1943,5096.624,3250.133333333333,,,,
Albania,ALB,1944,0.1539,,,,,
Algeria,DZA,1944,0.502,,,,,
Argentina,ARG,1944,13.9562,,,,,
Armenia,ARM,1944,1.3343,,,,,
Australia,AUS,1944,34.2108,,,,,
Austria,AUT,1944,9.3908,,,,,
Azerbaijan,AZE,1944,5.0809,,,,,
Bahrain,BHR,1944,2.8176,,,,,
Barbados,BRB,1944,0.0,,,,,
Belarus,BLR,1944,10.9672,,,,,
Belgium,BEL,1944,33.1445,,,,,
Bolivia,BOL,1944,0.1392,,,,,
Bosnia & Herzegovina,BIH,1944,0.0138,,,,,
Brazil,BRA,1944,5.899,,,,,
Brunei,BRN,1944,2.4952,,,,,
Bulgaria,BGR,1944,4.3895,,,,,
Canada,CAN,1944,140.4081,,,,,
Chile,CHL,1944,6.1409,,,,,
China,CHN,1944,97.8618,,,,,
Colombia,COL,1944,4.7449,,,,,
"Congo, Dem. Republic",COD,1944,0.1722,,,,,
Croatia,HRV,1944,0.015,,,,,
Cuba,CUB,1944,0.0879,,,,,
Czech Republic,CZE,1944,68.2618,,,,,
Denmark,DNK,1944,20.2839,,,,,
Ecuador,ECU,1944,1.33,,,,,
Egypt,EGY,1944,4.3638,,,,,
Eritrea,ERI,1944,0.0183,,,,,
Estonia,EST,1944,2.8188,,,,,
Finland,FIN,1944,2.726,,,,,
France,FRA,1944,79.9924,,,,,
Georgia,GEO,1944,2.3233,,,,,
Germany,DEU,1944,600.2731,,,,,
Greece,GRC,1944,0.1099,,,,,
Guatemala,GTM,1944,0.011,,,,,
Hungary,HUN,1944,15.8578,,,,,
Iceland,ISL,1944,0.0183,,,,,
India,IND,1944,52.4575,,,,,
Indonesia,IDN,1944,8.7716,,,,,
Iran,IRN,1944,41.656,,,,,
Iraq,IRQ,1944,12.7727,,,,,
Ireland,IRL,1944,6.357,,,,,
Israel,ISR,1944,0.0879,,,,,
Italy,ITA,1944,3.5871,,,,,
Kazakhstan,KAZ,1944,25.3049,,,,,
Korea (North),PRK,1944,6.2772,,,,,
Korea (South),KOR,1944,12.9222,,,,,
Kyrgyzstan,KGZ,1944,1.5861,,,,,
Latvia,LVA,1944,1.5737,,,,,
Lebanon,LBN,1944,0.066,,,,,
Lithuania,LTU,1944,2.6259,,,,,
"Macedonia, FYR",MKD,1944,0.0075,,,,,
Malaysia,MYS,1944,1.1029,,,,,
Mexico,MEX,1944,20.1264,,,,,
Moldova,MDA,1944,2.3156,,,,,
Morocco,MAR,1944,0.4214,,,,,
Mozambique,MOZ,1944,0.0586,,,,,
Myanmar,MMR,1944,0.3078,,,,,
Netherlands,NLD,1944,23.336,,,,,
New Zealand,NZL,1944,5.4704,,,,,
Nicaragua,NIC,1944,0.0037,,,,,
Nigeria,NGA,1944,1.6561,,,,,
Norway,NOR,1944,4.8841,,,,,
Peru,PER,1944,6.4523,,,,,
Poland,POL,1944,189.0368,,,,,
Portugal,PRT,1944,3.2426,,,,,
Romania,ROU,1944,15.0554,,,,,
Russian Federation,RUS,1944,216.2679,,,,,
Saudi Arabia,SAU,1944,3.261,,,,,
Serbia,SRB,1944,0.0436,,,,,
Slovakia,SVK,1944,18.8644,,,,,
Slovenia,SVN,1944,0.0116,,,,,
South Africa,ZAF,1944,54.5716,,,,,
Spain,ESP,1944,25.8019,,,,,
Sweden,SWE,1944,12.4466,,,,,
Switzerland,CHE,1944,4.4518,,,,,
Syria,SYR,1944,0.0183,,,,,
Taiwan,TWN,1944,4.6313,,,,,
Tajikistan,TJK,1944,0.8025,,,,,
Thailand,THA,1944,0.0147,,,,,
Trinidad & Tobago,TTO,1944,10.7722,,,,,
Tunisia,TUN,1944,0.0916,,,,,
Turkey,TUR,1944,7.0239,,,,,
Turkmenistan,TKM,1944,3.7264,,,,,
Ukraine,UKR,1944,61.8224,,,,,
United Kingdom,GBR,1944,442.0396,,,,,
United States of America,USA,1944,2440.3816,,,,,
Uruguay,URY,1944,0.0953,,,,,
Uzbekistan,UZB,1944,12.9156,,,,,
Venezuela,VEN,1944,15.125,,,,,
Vietnam,VNM,1944,1.4253,,,,,
Zimbabwe,ZWE,1944,4.7962,,,,,
World,WLD,1944,5067.312,3271.7666666666664,,,,
Albania,ALB,1945,0.1209,,,,,
Algeria,DZA,1945,0.6156,,,,,
Argentina,ARG,1945,13.6704,,,,,
Armenia,ARM,1945,1.4125,,,,,
Australia,AUS,1945,32.6975,,,,,
Austria,AUT,1945,4.5653,,,,,
Azerbaijan,AZE,1945,5.3724,,,,,
Bahrain,BHR,1945,3.0631,,,,,
Barbados,BRB,1945,0.0,,,,,
Belarus,BLR,1945,11.6054,,,,,
Belgium,BEL,1945,38.7578,,,,,
Bolivia,BOL,1945,0.1685,,,,,
Bosnia & Herzegovina,BIH,1945,0.7789,,,,,
Brazil,BRA,1945,6.826,,,,,
Brunei,BRN,1945,0.9197,,,,,
Bulgaria,BGR,1945,5.2102,,,,,
Canada,CAN,1945,130.5263,,,,,
Chile,CHL,1945,5.6426,,,,,
China,CHN,1945,50.3544,,,,,
Colombia,COL,1945,4.4774,,,,,
"Congo, Dem. Republic",COD,1945,0.1685,,,,,
Croatia,HRV,1945,0.8651,,,,,
Cuba,CUB,1945,0.1099,,,,,
Czech Republic,CZE,1945,36.2279,,,,,
Denmark,DNK,1945,14.0441,,,,,
Ecuador,ECU,1945,1.2274,,,,,
Egypt,EGY,1945,4.3565,,,,,
Estonia,EST,1945,2.9833,,,,,
Finland,FIN,1945,0.6449,,,,,
France,FRA,1945,107.172,,,,,
Georgia,GEO,1945,2.4567,,,,,
Germany,DEU,1945,116.0645,,,,,
Greece,GRC,1945,0.066,,,,,
Guatemala,GTM,1945,0.0147,,,,,
Hungary,HUN,1945,8.1964,,,,,
Iceland,ISL,1945,0.0147,,,,,
India,IND,1945,58.1953,,,,,
Indonesia,IDN,1945,3.8069,,,,,
Iran,IRN,1945,52.8972,,,,,
Iraq,IRQ,1945,14.132,,,,,
Ireland,IRL,1945,6.8334,,,,,
Israel,ISR,1945,0.0733,,,,,
Italy,ITA,1945,4.3528,,,,,
Kazakhstan,KAZ,1945,26.769,,,,,
Korea (North),PRK,1945,0.066,,,,,
Korea (South),KOR,1945,0.0037,,,,,
Kyrgyzstan,KGZ,1945,1.6832,,,,,
Latvia,LVA,1945,1.6659,,,,,
Lebanon,LBN,1945,0.0733,,,,,
Lithuania,LTU,1945,2.7855,,,,,
Luxembourg,LUX,1945,0.0256,,,,,
"Macedonia, FYR",MKD,1945,0.4297,,,,,
Madagascar,MDG,1945,0.0073,,,,,
Malaysia,MYS,1945,0.6119,,,,,
Mexico,MEX,1945,22.6179,,,,,
Moldova,MDA,1945,2.4481,,,,,
Morocco,MAR,1945,0.524,,,,,
Mozambique,MOZ,1945,0.0513,,,,,
Myanmar,MMR,1945,0.2968,,,,,
Netherlands,NLD,1945,14.6523,,,,,
New Zealand,NZL,1945,5.6169,,,,,
Nicaragua,NIC,1945,0.0073,,,,,
Nigeria,NGA,1945,1.3813,,,,,
Norway,NOR,1945,4.0121,,,,,
Peru,PER,1945,6.2728,,,,,
Philippines,PHL,1945,0.0147,,,,,
Poland,POL,1945,59.4631,,,,,
Portugal,PRT,1945,3.3379,,,,,
Romania,ROU,1945,18.9062,,,,,
Russian Federation,RUS,1945,228.9784,,,,,
Saudi Arabia,SAU,1945,8.8119,,,,,
Serbia,SRB,1945,2.4682,,,,,
Slovakia,SVK,1945,10.0117,,,,,
Slovenia,SVN,1945,0.6647,,,,,
South Africa,ZAF,1945,55.8723,,,,,
Spain,ESP,1945,28.2751,,,,,
Sweden,SWE,1945,4.5507,,,,,
Switzerland,CHE,1945,1.6232,,,,,
Syria,SYR,1945,0.0183,,,,,
Taiwan,TWN,1945,2.1874,,,,,
Tajikistan,TJK,1945,0.8504,,,,,
Trinidad & Tobago,TTO,1945,11.0176,,,,,
Tunisia,TUN,1945,0.0953,,,,,
Turkey,TUR,1945,7.0898,,,,,
Turkmenistan,TKM,1945,3.9458,,,,,
Ukraine,UKR,1945,65.4511,,,,,
United Kingdom,GBR,1945,417.641,,,,,
United States of America,USA,1945,2355.3401,,,,,
Uruguay,URY,1945,0.1099,,,,,
Uzbekistan,UZB,1945,13.7009,,,,,
Venezuela,VEN,1945,15.7589,,,,,
Vietnam,VNM,1945,0.6119,,,,,
Zimbabwe,ZWE,1945,4.4628,,,,,
World,WLD,1945,4253.904,3278.366666666667,,,,
Albania,ALB,1946,0.4836,,,,,
Algeria,DZA,1946,0.7658,,,,,
Argentina,ARG,1946,13.707,,,,,
Armenia,ARM,1946,1.5872,,,,,
Australia,AUS,1946,35.4236,,,,,
Austria,AUT,1946,12.758,,,,,
Azerbaijan,AZE,1946,6.0323,,,,,
Bahrain,BHR,1946,3.3599,,,,,
Bangladesh,BGD,1946,0.1322,,,,,
Barbados,BRB,1946,0.0,,,,,
Belarus,BLR,1946,13.0379,,,,,
Belgium,BEL,1946,56.4183,,,,,
Bolivia,BOL,1946,0.1576,,,,,
Bosnia & Herzegovina,BIH,1946,1.5208,,,,,
Brazil,BRA,1946,7.4672,,,,,
Brunei,BRN,1946,0.9453,,,,,
Bulgaria,BGR,1946,4.9757,,,,,
Cambodia,KHM,1946,0.0263,,,,,
Canada,CAN,1946,138.4332,,,,,
Chile,CHL,1946,5.4337,,,,,
China,CHN,1946,31.2759,,,,,
Colombia,COL,1946,4.9611,,,,,
"Congo, Dem. Republic",COD,1946,0.3114,,,,,
Croatia,HRV,1946,1.7412,,,,,
Cuba,CUB,1946,0.1685,,,,,
Czech Republic,CZE,1946,45.023,,,,,
Denmark,DNK,1946,17.6458,,,,,
Ecuador,ECU,1946,1.1029,,,,,
Egypt,EGY,1946,4.2246,,,,,
Estonia,EST,1946,3.3518,,,,,
Finland,FIN,1946,3.2829,,,,,
France,FRA,1946,165.2574,,,,,
Georgia,GEO,1946,2.7586,,,,,
Germany,DEU,1946,271.6929,,,,,
Greece,GRC,1946,0.1246,,,,,
Guatemala,GTM,1946,0.0147,,,,,
Hungary,HUN,1946,10.7941,,,,,
Iceland,ISL,1946,0.011,,,,,
India,IND,1946,57.4992,,,,,
Indonesia,IDN,1946,1.3447,,,,,
Iran,IRN,1946,60.2362,,,,,
Iraq,IRQ,1946,14.3556,,,,,
Ireland,IRL,1946,8.1964,,,,,
Israel,ISR,1946,0.1319,,,,,
Italy,ITA,1946,22.1745,,,,,
Kazakhstan,KAZ,1946,30.0666,,,,,
Korea (North),PRK,1946,0.0733,,,,,
Korea (South),KOR,1946,0.4836,,,,,
Kuwait,KWT,1946,2.4549,,,,,
Kyrgyzstan,KGZ,1946,1.8946,,,,,
Laos,LAO,1946,0.0096,,,,,
Latvia,LVA,1946,1.8721,,,,,
Lebanon,LBN,1946,0.0733,,,,,
Lithuania,LTU,1946,3.1345,,,,,
Luxembourg,LUX,1946,0.0366,,,,,
"Macedonia, FYR",MKD,1946,0.8521,,,,,
Malaysia,MYS,1946,0.6046,,,,,
Mexico,MEX,1946,25.6224,,,,,
Moldova,MDA,1946,2.7486,,,,,
Morocco,MAR,1946,0.6888,,,,,
Mozambique,MOZ,1946,0.0586,,,,,
Myanmar,MMR,1946,0.0073,,,,,
Netherlands,NLD,1946,31.1037,,,,,
New Zealand,NZL,1946,5.5326,,,,,
Nicaragua,NIC,1946,0.0037,,,,,
Nigeria,NGA,1946,1.6378,,,,,
Norway,NOR,1946,7.0752,,,,,
Pakistan,PAK,1946,0.6189,,,,,
Peru,PER,1946,5.7671,,,,,
Philippines,PHL,1946,0.1136,,,,,
Poland,POL,1946,104.5999,,,,,
Portugal,PRT,1946,3.8912,,,,,
Romania,ROU,1946,17.47,,,,,
Russian Federation,RUS,1946,257.337,,,,,
Saudi Arabia,SAU,1946,25.1534,,,,,
Serbia,SRB,1946,4.8566,,,,,
Slovakia,SVK,1946,12.5238,,,,,
Slovenia,SVN,1946,1.3214,,,,,
South Africa,ZAF,1946,56.0482,,,,,
Spain,ESP,1946,28.0956,,,,,
Sweden,SWE,1946,17.382,,,,,
Switzerland,CHE,1946,5.7671,,,,,
Syria,SYR,1946,0.022,,,,,
Taiwan,TWN,1946,2.8652,,,,,
Tajikistan,TJK,1946,0.9562,,,,,
Trinidad & Tobago,TTO,1946,10.937,,,,,
Tunisia,TUN,1946,0.1282,,,,,
Turkey,TUR,1946,7.0239,,,,,
Turkmenistan,TKM,1946,4.4347,,,,,
Ukraine,UKR,1946,73.5535,,,,,
United Kingdom,GBR,1946,436.1552,,,,,
United States of America,USA,1946,2253.0302,,,,,
Uruguay,URY,1946,0.1429,,,,,
Uzbekistan,UZB,1946,15.4177,,,,,
Venezuela,VEN,1946,80.0511,,,,,
Vietnam,VNM,1946,0.6787,,,,,
Zimbabwe,ZWE,1946,4.3125,,,,,
World,WLD,1946,4536.032,3581.9666666666667,,,,
Albania,ALB,1947,0.927,,,,,
Algeria,DZA,1947,0.7438,,,,,
Argentina,ARG,1947,14.5168,,,,,
Armenia,ARM,1947,1.9111,,,,,
Australia,AUS,1947,38.0177,,,,,
Austria,AUT,1947,17.6312,,,,,
Azerbaijan,AZE,1947,7.2612,,,,,
Bahrain,BHR,1947,3.9498,,,,,
Bangladesh,BGD,1947,0.1367,,,,,
Barbados,BRB,1947,0.0037,,,,,
Belarus,BLR,1947,15.6976,,,,,
Belgium,BEL,1947,82.0406,,,,,
Bolivia,BOL,1947,0.1685,,,,,
Bosnia & Herzegovina,BIH,1947,2.0919,,,,,
Brazil,BRA,1947,8.9512,,,,,
Brunei,BRN,1947,5.3531,,,,,
Bulgaria,BGR,1947,5.91,,,,,
Cambodia,KHM,1947,0.026,,,,,
Canada,CAN,1947,143.5555,,,,,
Chile,CHL,1947,5.7085,,,,,
China,CHN,1947,33.5916,,,,,
Colombia,COL,1947,5.0636,,,,,
"Congo, Dem. Republic",COD,1947,0.3298,,,,,
Croatia,HRV,1947,2.4621,,,,,
Cuba,CUB,1947,0.1905,,,,,
Czech Republic,CZE,1947,51.0723,,,,,
Denmark,DNK,1947,21.4564,,,,,
Dominican Republic,DOM,1947,0.0073,,,,,
Ecuador,ECU,1947,1.1542,,,,,
Egypt,EGY,1947,4.4151,,,,,
Estonia,EST,1947,4.0358,,,,,
Finland,FIN,1947,5.452,,,,,
France,FRA,1947,183.636,,,,,
Georgia,GEO,1947,3.3207,,,,,
Germany,DEU,1947,317.6725,,,,,
Greece,GRC,1947,0.1685,,,,,
Guatemala,GTM,1947,0.0147,,,,,
Hungary,HUN,1947,13.8353,,,,,
Iceland,ISL,1947,0.0037,,,,,
India,IND,1947,58.5984,,,,,
Indonesia,IDN,1947,4.056,,,,,
Iran,IRN,1947,63.4678,,,,,
Iraq,IRQ,1947,14.4252,,,,,
Ireland,IRL,1947,8.8156,,,,,
Israel,ISR,1947,0.1649,,,,,
Italy,ITA,1947,36.8049,,,,,
Kazakhstan,KAZ,1947,36.197,,,,,
Korea (North),PRK,1947,0.0733,,,,,
Korea (South),KOR,1947,0.894,,,,,
Kuwait,KWT,1947,6.7491,,,,,
Kyrgyzstan,KGZ,1947,2.283,,,,,
Laos,LAO,1947,0.0095,,,,,
Latvia,LVA,1947,2.2543,,,,,
Lebanon,LBN,1947,0.0843,,,,,
Lithuania,LTU,1947,3.7766,,,,,
Luxembourg,LUX,1947,0.044,,,,,
"Macedonia, FYR",MKD,1947,1.1888,,,,,
Madagascar,MDG,1947,0.0037,,,,,
Malaysia,MYS,1947,0.6888,,,,,
Mexico,MEX,1947,29.356,,,,,
Moldova,MDA,1947,3.3084,,,,,
Morocco,MAR,1947,0.8354,,,,,
Mozambique,MOZ,1947,0.0623,,,,,
Myanmar,MMR,1947,0.0256,,,,,
Netherlands,NLD,1947,44.6019,,,,,
New Zealand,NZL,1947,5.452,,,,,
Nicaragua,NIC,1947,0.0073,,,,,
Nigeria,NGA,1947,1.5609,,,,,
Norway,NOR,1947,10.6293,,,,,
Pakistan,PAK,1947,0.64,,,,,
Peru,PER,1947,5.91,,,,,
Philippines,PHL,1947,0.1979,,,,,
Poland,POL,1947,91.5524,,,,,
Portugal,PRT,1947,5.5436,,,,,
Romania,ROU,1947,16.3488,,,,,
Russian Federation,RUS,1947,309.884,,,,,
Saudi Arabia,SAU,1947,37.7319,,,,,
Serbia,SRB,1947,6.7282,,,,,
Slovakia,SVK,1947,14.2385,,,,,
Slovenia,SVN,1947,1.848,,,,,
South Africa,ZAF,1947,55.8394,,,,,
Spain,ESP,1947,31.1806,,,,,
Sweden,SWE,1947,25.0984,,,,,
Switzerland,CHE,1947,9.4495,,,,,
Syria,SYR,1947,0.0256,,,,,
Taiwan,TWN,1947,3.62,,,,,
Tajikistan,TJK,1947,1.1518,,,,,
Thailand,THA,1947,0.0293,,,,,
Trinidad & Tobago,TTO,1947,12.0033,,,,,
Tunisia,TUN,1947,0.1282,,,,,
Turkey,TUR,1947,7.4819,,,,,
Turkmenistan,TKM,1947,5.3403,,,,,
Ukraine,UKR,1947,88.5709,,,,,
United Kingdom,GBR,1947,461.3013,,,,,
United States of America,USA,1947,2480.7662,,,,,
Uruguay,URY,1947,0.1466,,,,,
Uzbekistan,UZB,1947,18.5763,,,,,
Venezuela,VEN,1947,20.5001,,,,,
Vietnam,VNM,1947,0.6717,,,,,
Zimbabwe,ZWE,1947,4.0377,,,,,
World,WLD,1947,5103.952,3699.2999999999997,,,,
Albania,ALB,1948,0.7035,,,,,
Algeria,DZA,1948,0.8061,,,,,
Argentina,ARG,1948,17.3967,,,,,
Armenia,ARM,1948,2.0335,,,,,
Australia,AUS,1948,38.4244,,,,,
Austria,AUT,1948,24.4865,,,,,
Azerbaijan,AZE,1948,7.7211,,,,,
Bahrain,BHR,1948,4.5763,,,,,
Bangladesh,BGD,1948,0.1268,,,,,
Barbados,BRB,1948,0.0037,,,,,
Belarus,BLR,1948,16.6992,,,,,
Belgium,BEL,1948,85.0708,,,,,
Bolivia,BOL,1948,0.2015,,,,,
Bosnia & Herzegovina,BIH,1948,2.3689,,,,,
Brazil,BRA,1948,7.852,,,,,
Brunei,BRN,1948,0.0843,,,,,
Bulgaria,BGR,1948,6.2215,,,,,
Cambodia,KHM,1948,0.0359,,,,,
Canada,CAN,1948,158.512,,,,,
Chile,CHL,1948,6.2068,,,,,
China,CHN,1948,23.849,,,,,
Colombia,COL,1948,4.4847,,,,,
"Congo, Dem. Republic",COD,1948,0.3737,,,,,
Croatia,HRV,1948,2.7555,,,,,
Cuba,CUB,1948,0.1832,,,,,
Czech Republic,CZE,1948,55.1892,,,,,
Denmark,DNK,1948,17.0779,,,,,
Dominican Republic,DOM,1948,0.022,,,,,
Ecuador,ECU,1948,1.2861,,,,,
Egypt,EGY,1948,6.1519,,,,,
Estonia,EST,1948,4.2936,,,,,
Ethiopia,ETH,1948,0.0037,,,,,
Finland,FIN,1948,8.4602,,,,,
France,FRA,1948,196.526,,,,,
Georgia,GEO,1948,3.531,,,,,
Germany,DEU,1948,377.8427,,,,,
Greece,GRC,1948,1.3557,,,,,
Guatemala,GTM,1948,0.0147,,,,,
Hungary,HUN,1948,16.3817,,,,,
Iceland,ISL,1948,0.0037,,,,,
India,IND,1948,58.6203,,,,,
Indonesia,IDN,1948,15.4951,,,,,
Iran,IRN,1948,77.9516,,,,,
Iraq,IRQ,1948,-0.0953,,,,,
Ireland,IRL,1948,8.4455,,,,,
Israel,ISR,1948,0.0806,,,,,
Italy,ITA,1948,35.5445,,,,,
Kazakhstan,KAZ,1948,38.4994,,,,,
Korea (North),PRK,1948,1.4033,,,,,
Korea (South),KOR,1948,1.6708,,,,,
Kuwait,KWT,1948,0.3371,,,,,
Kyrgyzstan,KGZ,1948,2.4327,,,,,
Laos,LAO,1948,0.0131,,,,,
Latvia,LVA,1948,2.3987,,,,,
Lebanon,LBN,1948,0.1026,,,,,
Lithuania,LTU,1948,4.0232,,,,,
Luxembourg,LUX,1948,0.0513,,,,,
"Macedonia, FYR",MKD,1948,1.3381,,,,,
Madagascar,MDG,1948,0.0037,,,,,
Malaysia,MYS,1948,1.1542,,,,,
Mexico,MEX,1948,30.5101,,,,,
Moldova,MDA,1948,3.5177,,,,,
Morocco,MAR,1948,0.9416,,,,,
Mozambique,MOZ,1948,0.044,,,,,
Myanmar,MMR,1948,0.1539,,,,,
Netherlands,NLD,1948,47.2693,,,,,
New Zealand,NZL,1948,5.507,,,,,
Nicaragua,NIC,1948,0.0073,,,,,
Nigeria,NGA,1948,1.6378,,,,,
Norway,NOR,1948,10.9883,,,,,
Pakistan,PAK,1948,0.7306,,,,,
Panama,PAN,1948,0.022,,,,,
Peru,PER,1948,6.3827,,,,,
Philippines,PHL,1948,0.2162,,,,,
Poland,POL,1948,88.9326,,,,,
Portugal,PRT,1948,5.2542,,,,,
Romania,ROU,1948,23.3763,,,,,
Russian Federation,RUS,1948,329.7596,,,,,
Saudi Arabia,SAU,1948,17.9426,,,,,
Serbia,SRB,1948,7.5959,,,,,
Slovakia,SVK,1948,15.3978,,,,,
Slovenia,SVN,1948,2.0779,,,,,
South Africa,ZAF,1948,57.1034,,,,,
Spain,ESP,1948,32.7232,,,,,
Sweden,SWE,1948,30.8069,,,,,
Switzerland,CHE,1948,10.2152,,,,,
Syria,SYR,1948,0.0256,,,,,
Taiwan,TWN,1948,4.5434,,,,,
Tajikistan,TJK,1948,1.2262,,,,,
Thailand,THA,1948,0.0403,,,,,
Trinidad & Tobago,TTO,1948,12.6408,,,,,
Tunisia,TUN,1948,0.1466,,,,,
Turkey,TUR,1948,7.7017,,,,,
Turkmenistan,TKM,1948,5.6831,,,,,
Ukraine,UKR,1948,94.2478,,,,,
United Kingdom,GBR,1948,475.5982,,,,,
United States of America,USA,1948,2577.0488,,,,,
Uruguay,URY,1948,0.1466,,,,,
Uzbekistan,UZB,1948,19.7895,,,,,
Venezuela,VEN,1948,25.5491,,,,,
Vietnam,VNM,1948,0.9513,,,,,
Zimbabwe,ZWE,1948,4.536,,,,,
World,WLD,1948,5382.416,3724.6,,,,
Afghanistan,AFG,1949,0.0147,,,,,
Albania,ALB,1949,1.0149,,,,,
Algeria,DZA,1949,0.905,,,,,
Argentina,ARG,1949,15.3705,,,,,
Armenia,ARM,1949,2.3115,,,,,
Australia,AUS,1949,37.6513,,,,,
Austria,AUT,1949,26.575,,,,,
Azerbaijan,AZE,1949,8.7751,,,,,
Bahrain,BHR,1949,4.6093,,,,,
Bangladesh,BGD,1949,0.1823,,,,,
Barbados,BRB,1949,0.0037,,,,,
Belarus,BLR,1949,18.9815,,,,,
Belgium,BEL,1949,80.7875,,,,,
Benin,BEN,1949,0.0,,,,,
Bolivia,BOL,1949,0.2931,,,,,
Bosnia & Herzegovina,BIH,1949,2.711,,,,,
Brazil,BRA,1949,7.3756,,,,,
Brunei,BRN,1949,11.4683,,,,,
Bulgaria,BGR,1949,7.4526,,,,,
Burkina Faso,BFA,1949,0.0,,,,,
Cambodia,KHM,1949,0.0377,,,,,
Canada,CAN,1949,145.0358,,,,,
Chile,CHL,1949,5.8771,,,,,
China,CHN,1949,59.3092,,,,,
Colombia,COL,1949,5.1369,,,,,
"Congo, Dem. Republic",COD,1949,0.4763,,,,,
Cote d'Ivoire,CIV,1949,0.0,,,,,
Croatia,HRV,1949,3.1413,,,,,
Cuba,CUB,1949,0.1832,,,,,
Czech Republic,CZE,1949,58.0164,,,,,
Denmark,DNK,1949,16.88,,,,,
Dominican Republic,DOM,1949,0.0256,,,,,
Ecuador,ECU,1949,1.3007,,,,,
Egypt,EGY,1949,7.4636,,,,,
Estonia,EST,1949,4.8806,,,,,
Ethiopia,ETH,1949,0.0037,,,,,
Finland,FIN,1949,4.9354,,,,,
France,FRA,1949,229.0769,,,,,
Georgia,GEO,1949,4.0131,,,,,
Germany,DEU,1949,432.1871,,,,,
Greece,GRC,1949,1.6415,,,,,
Guatemala,GTM,1949,0.0183,,,,,
Guinea,GIN,1949,0.0,,,,,
Hungary,HUN,1949,20.4121,,,,,
Iceland,ISL,1949,0.0037,,,,,
India,IND,1949,61.8813,,,,,
Indonesia,IDN,1949,21.9034,,,,,
Iran,IRN,1949,84.0338,,,,,
Iraq,IRQ,1949,1.1285,,,,,
Ireland,IRL,1949,8.3466,,,,,
Israel,ISR,1949,0.1209,,,,,
Italy,ITA,1949,39.7837,,,,,
Kazakhstan,KAZ,1949,43.7588,,,,,
Korea (North),PRK,1949,1.7807,,,,,
Korea (South),KOR,1949,2.1764,,,,,
Kuwait,KWT,1949,1.0626,,,,,
Kyrgyzstan,KGZ,1949,2.7665,,,,,
Laos,LAO,1949,0.0137,,,,,
Latvia,LVA,1949,2.7267,,,,,
Lebanon,LBN,1949,0.1172,,,,,
Lithuania,LTU,1949,4.5749,,,,,
Luxembourg,LUX,1949,0.0586,,,,,
"Macedonia, FYR",MKD,1949,1.5283,,,,,
Madagascar,MDG,1949,0.0037,,,,,
Malaysia,MYS,1949,1.2238,,,,,
Mali,MLI,1949,0.0,,,,,
Mauritania,MRT,1949,0.0,,,,,
Mexico,MEX,1949,28.9676,,,,,
Moldova,MDA,1949,3.9978,,,,,
Morocco,MAR,1949,1.0882,,,,,
Mozambique,MOZ,1949,0.055,,,,,
Myanmar,MMR,1949,0.1026,,,,,
Netherlands,NLD,1949,50.5009,,,,,
New Zealand,NZL,1949,5.6132,,,,,
Nicaragua,NIC,1949,0.0073,,,,,
Niger,NER,1949,0.0,,,,,
Nigeria,NGA,1949,1.4839,,,,,
Norway,NOR,1949,10.4094,,,,,
Pakistan,PAK,1949,1.0304,,,,,
Panama,PAN,1949,0.0256,,,,,
Peru,PER,1949,6.6318,,,,,
Philippines,PHL,1949,0.3188,,,,,
Poland,POL,1949,105.4389,,,,,
Portugal,PRT,1949,5.5216,,,,,
Qatar,QAT,1949,0.2601,,,,,
Romania,ROU,1949,23.1162,,,,,
Russian Federation,RUS,1949,374.862,,,,,
Saudi Arabia,SAU,1949,18.3896,,,,,
Senegal,SEN,1949,0.022,,,,,
Serbia,SRB,1949,8.6841,,,,,
Slovakia,SVK,1949,16.1869,,,,,
Slovenia,SVN,1949,2.3725,,,,,
South Africa,ZAF,1949,60.5879,,,,,
Spain,ESP,1949,35.768,,,,,
Sweden,SWE,1949,26.8388,,,,,
Switzerland,CHE,1949,8.5335,,,,,
Syria,SYR,1949,0.0293,,,,,
Taiwan,TWN,1949,4.4774,,,,,
Tajikistan,TJK,1949,1.3941,,,,,
Thailand,THA,1949,0.0623,,,,,
Trinidad & Tobago,TTO,1949,13.751,,,,,
Tunisia,TUN,1949,0.1282,,,,,
Turkey,TUR,1949,7.9692,,,,,
Turkmenistan,TKM,1949,6.4605,,,,,
Ukraine,UKR,1949,107.1371,,,,,
United Kingdom,GBR,1949,485.1466,,,,,
United States of America,USA,1949,2159.9903,,,,,
Uruguay,URY,1949,0.1502,,,,,
Uzbekistan,UZB,1949,22.5034,,,,,
Venezuela,VEN,1949,28.7148,,,,,
Vietnam,VNM,1949,1.0258,,,,,
Zimbabwe,ZWE,1949,5.1296,,,,,
World,WLD,1949,5199.216,3757.966666666667,,,,
Afghanistan,AFG,1950,0.0879,,,,,
Albania,ALB,1950,0.3004,,,,,
Algeria,DZA,1950,3.7849,,,,,
Angola,AGO,1950,0.1832,,,,,
Argentina,ARG,1950,29.9276,,,,,
Armenia,ARM,1950,2.5764,,,,,
Australia,AUS,1950,54.7438,,,,,
Austria,AUT,1950,20.8995,,,,,
Azerbaijan,AZE,1950,9.7753,,,,,
Bahamas,BHS,1950,0.055,,,,,
Bahrain,BHR,1950,1.3813,,,,,
Bangladesh,BGD,1950,1.0871,,,,,
Barbados,BRB,1950,0.0733,,,,,
Belarus,BLR,1950,21.1529,,,,,
Belgium,BEL,1950,76.2149,,,,,
Belize,BLZ,1950,0.0183,,,,,
Benin,BEN,1950,0.0771,,,,,
Bolivia,BOL,1950,0.4983,,,,,
Bosnia & Herzegovina,BIH,1950,2.6047,,,,,
Brazil,BRA,1950,19.6574,,,,,
Brunei,BRN,1950,0.414,,,,,
Bulgaria,BGR,1950,7.4965,,,,,
Burkina Faso,BFA,1950,0.0375,,,,,
Burundi,BDI,1950,0.0126,,,,,
Cambodia,KHM,1950,0.0529,,,,,
Cameroon,CMR,1950,0.1429,,,,,
Canada,CAN,1950,154.1408,,,,,
Cape Verde,CPV,1950,0.1063,,,,,
Central African Republic,CAF,1950,0.0308,,,,,
Chad,TCD,1950,0.0252,,,,,
Chile,CHL,1950,8.4528,,,,,
China,CHN,1950,78.6478,,,,,
Colombia,COL,1950,7.5002,,,,,
Congo,COG,1950,0.0842,,,,,
"Congo, Dem. Republic",COD,1950,1.4803,,,,,
Costa Rica,CRI,1950,0.2858,,,,,
Cote d'Ivoire,CIV,1950,0.3295,,,,,
Croatia,HRV,1950,3.0157,,,,,
Cuba,CUB,1950,5.6096,,,,,
Cyprus,CYP,1950,0.2638,,,,,
Czech Republic,CZE,1950,59.7578,,,,,
Denmark,DNK,1950,21.9913,,,,,
Djibouti,DJI,1950,0.011,,,,,
Dominican Republic,DOM,1950,0.3481,,,,,
Ecuador,ECU,1950,0.7401,,,,,
Egypt,EGY,1950,10.2372,,,,,
El Salvador,SLV,1950,0.2675,,,,,
Equatorial Guinea,GNQ,1950,0.011,,,,,
Estonia,EST,1950,5.4393,,,,,
Ethiopia,ETH,1950,0.0916,,,,,
Fiji,FJI,1950,0.1209,,,,,
Finland,FIN,1950,6.5439,,,,,
France,FRA,1950,202.3041,,,,,
Gabon,GAB,1950,0.0357,,,,,
Gambia,GMB,1950,0.0147,,,,,
Georgia,GEO,1950,4.4707,,,,,
Germany,DEU,1950,510.7066,,,,,
Ghana,GHA,1950,0.6375,,,,,
Greece,GRC,1950,4.1293,,,,,
Grenada,GRD,1950,0.0073,,,,,
Guatemala,GTM,1950,0.6192,,,,,
Guinea,GIN,1950,0.302,,,,,
Guinea-Bissau,GNB,1950,0.0073,,,,,
Guyana,GUY,1950,0.2601,,,,,
Haiti,HTI,1950,0.1136,,,,,
Honduras,HND,1950,0.3004,,,,,
Hungary,HUN,1950,18.3933,,,,,
Iceland,ISL,1950,0.7401,,,,,
India,IND,1950,66.5785,,,,,
Indonesia,IDN,1950,9.8268,,,,,
Iran,IRN,1950,-5.3971,,,,,
Iraq,IRQ,1950,1.6488,,,,,
Ireland,IRL,1950,9.7316,,,,,
Israel,ISR,1950,1.6708,,,,,
Italy,ITA,1950,41.4545,,,,,
Jamaica,JAM,1950,0.2748,,,,,
Japan,JPN,1950,102.559,,,,,
Jordan,JOR,1950,0.1722,,,,,
Kazakhstan,KAZ,1950,48.7573,,,,,
Kenya,KEN,1950,0.9087,,,,,
Korea (North),PRK,1950,0.7804,,,,,
Korea (South),KOR,1950,2.1874,,,,,
Kuwait,KWT,1950,0.3847,,,,,
Kyrgyzstan,KGZ,1950,3.0873,,,,,
Laos,LAO,1950,0.0193,,,,,
Latvia,LVA,1950,3.0393,,,,,
Lebanon,LBN,1950,1.4729,,,,,
Liberia,LBR,1950,0.0476,,,,,
Libya,LBY,1950,0.1429,,,,,
Lithuania,LTU,1950,5.1042,,,,,
Luxembourg,LUX,1950,7.4196,,,,,
"Macedonia, FYR",MKD,1950,1.4677,,,,,
Madagascar,MDG,1950,0.3041,,,,,
Malawi,MWI,1950,0.2211,,,,,
Malaysia,MYS,1950,3.2561,,,,,
Mali,MLI,1950,0.0715,,,,,
Malta,MLT,1950,0.2455,,,,,
Mauritania,MRT,1950,0.0318,,,,,
Mauritius,MUS,1950,0.1979,,,,,
Mexico,MEX,1950,27.8354,,,,,
Moldova,MDA,1950,4.4532,,,,,
Mongolia,MNG,1950,0.2858,,,,,
Morocco,MAR,1950,2.5648,,,,,
Mozambique,MOZ,1950,0.905,,,,,
Myanmar,MMR,1950,0.8024,,,,,
Nepal,NPL,1950,0.0256,,,,,
Netherlands,NLD,1950,51.2887,,,,,
New Zealand,NZL,1950,8.5701,,,,,
Nicaragua,NIC,1950,0.1905,,,,,
Niger,NER,1950,0.0309,,,,,
Nigeria,NGA,1950,2.257,,,,,
Norway,NOR,1950,8.4345,,,,,
Pakistan,PAK,1950,5.2626,,,,,
Panama,PAN,1950,0.5166,,,,,
Papua New Guinea,PNG,1950,0.055,,,,,
Paraguay,PRY,1950,0.0623,,,,,
Peru,PER,1950,4.547,,,,,
Philippines,PHL,1950,3.6054,,,,,
Poland,POL,1950,112.1294,,,,,
Portugal,PRT,1950,5.6206,,,,,
Qatar,QAT,1950,0.3517,,,,,
Romania,ROU,1950,19.4229,,,,,
Russian Federation,RUS,1950,417.857,,,,,
Rwanda,RWA,1950,0.0167,,,,,
Saint Lucia,LCA,1950,0.0037,,,,,
Saint Vincent & Grenadines,VCT,1950,0.0037,,,,,
Samoa,WSM,1950,0.0037,,,,,
Saudi Arabia,SAU,1950,5.1406,,,,,
Senegal,SEN,1950,0.4167,,,,,
Serbia,SRB,1950,8.3417,,,,,
Sierra Leone,SLE,1950,0.1576,,,,,
Singapore,SGP,1950,1.9505,,,,,
Slovakia,SVK,1950,16.6805,,,,,
Slovenia,SVN,1950,2.2783,,,,,
South Africa,ZAF,1950,61.0349,,,,,
Spain,ESP,1950,33.042,,,,,
Sri Lanka,LKA,1950,1.6232,,,,,
Sudan,SDN,1950,0.5533,,,,,
Suriname,SUR,1950,0.2125,,,,,
Swaziland,SWZ,1950,0.0037,,,,,
Sweden,SWE,1950,28.6671,,,,,
Switzerland,CHE,1950,10.2336,,,,,
Syria,SYR,1950,0.4104,,,,,
Taiwan,TWN,1950,3.7812,,,,,
Tajikistan,TJK,1950,1.5546,,,,,
Tanzania,TZA,1950,0.4983,,,,,
Thailand,THA,1950,0.9526,,,,,
Togo,TGO,1950,0.0256,,,,,
Tonga,TON,1950,0.0073,,,,,
Trinidad & Tobago,TTO,1950,2.3486,,,,,
Tunisia,TUN,1950,1.2201,,,,,
Turkey,TUR,1950,9.4861,,,,,
Turkmenistan,TKM,1950,7.2017,,,,,
Uganda,UGA,1950,0.1063,,,,,
Ukraine,UKR,1950,119.4211,,,,,
United Kingdom,GBR,1950,500.4364,,,,,
United States of America,USA,1950,2492.8207,,,,,
Uruguay,URY,1950,2.4549,,,,,
Uzbekistan,UZB,1950,25.1076,,,,,
Venezuela,VEN,1950,10.4607,,,,,
Vietnam,VNM,1950,1.4044,,,,,
Yemen,YEM,1950,0.0586,,,,,
Zambia,ZMB,1950,2.0992,,,,,
Zimbabwe,ZWE,1950,3.4285,,,,,
World,WLD,1950,5891.712,3803.433333333333,,,,
Afghanistan,AFG,1951,0.0916,,,,,
Albania,ALB,1951,0.403,,,,,
Algeria,DZA,1951,4.133,,,,,
Angola,AGO,1951,0.2492,,,,,
Argentina,ARG,1951,34.9692,,,,,
Armenia,ARM,1951,2.7922,,,,,
Australia,AUS,1951,59.0344,,,,,
Austria,AUT,1951,23.2664,,,,,
Azerbaijan,AZE,1951,10.5905,,,,,
Bahamas,BHS,1951,0.066,,,,,
Bahrain,BHR,1951,1.1761,,,,,
Bangladesh,BGD,1951,1.3431,,,,,
Barbados,BRB,1951,0.1099,,,,,
Belarus,BLR,1951,22.9221,,,,,
Belgium,BEL,1951,89.4676,,,,,
Belize,BLZ,1951,0.0256,,,,,
Benin,BEN,1951,0.0644,,,,,
Bolivia,BOL,1951,0.4617,,,,,
Bosnia & Herzegovina,BIH,1951,2.4647,,,,,
Brazil,BRA,1951,21.6506,,,,,
Brunei,BRN,1951,0.3004,,,,,
Bulgaria,BGR,1951,8.1707,,,,,
Burkina Faso,BFA,1951,0.0313,,,,,
Burundi,BDI,1951,0.011,,,,,
Cambodia,KHM,1951,0.0445,,,,,
Cameroon,CMR,1951,0.1832,,,,,
Canada,CAN,1951,162.6926,,,,,
Cape Verde,CPV,1951,0.0806,,,,,
Central African Republic,CAF,1951,0.0411,,,,,
Chad,TCD,1951,0.0336,,,,,
Chile,CHL,1951,9.9844,,,,,
China,CHN,1951,101.7236,,,,,
Colombia,COL,1951,8.1707,,,,,
Congo,COG,1951,0.1122,,,,,
"Congo, Dem. Republic",COD,1951,1.7477,,,,,
Costa Rica,CRI,1951,0.3114,,,,,
Cote d'Ivoire,CIV,1951,0.2752,,,,,
Croatia,HRV,1951,2.8547,,,,,
Cuba,CUB,1951,6.4706,,,,,
Cyprus,CYP,1951,0.2785,,,,,
Czech Republic,CZE,1951,63.639,,,,,
Denmark,DNK,1951,21.9254,,,,,
Djibouti,DJI,1951,0.0256,,,,,
Dominica,DMA,1951,0.0037,,,,,
Dominican Republic,DOM,1951,0.3591,,,,,
Ecuador,ECU,1951,0.7035,,,,,
Egypt,EGY,1951,10.5633,,,,,
El Salvador,SLV,1951,0.3224,,,,,
Equatorial Guinea,GNQ,1951,0.011,,,,,
Estonia,EST,1951,5.8944,,,,,
Ethiopia,ETH,1951,0.0623,,,,,
Fiji,FJI,1951,0.1356,,,,,
Finland,FIN,1951,7.9765,,,,,
France,FRA,1951,228.7618,,,,,
Gabon,GAB,1951,0.0475,,,,,
Gambia,GMB,1951,0.0147,,,,,
Georgia,GEO,1951,4.8436,,,,,
Germany,DEU,1951,576.9298,,,,,
Ghana,GHA,1951,0.8794,,,,,
Greece,GRC,1951,4.58,,,,,
Grenada,GRD,1951,0.011,,,,,
Guatemala,GTM,1951,0.6375,,,,,
Guinea,GIN,1951,0.2523,,,,,
Guinea-Bissau,GNB,1951,0.0037,,,,,
Guyana,GUY,1951,0.2858,,,,,
Haiti,HTI,1951,0.1319,,,,,
Honduras,HND,1951,0.3481,,,,,
Hungary,HUN,1951,22.1892,,,,,
Iceland,ISL,1951,0.6449,,,,,
India,IND,1951,69.7223,,,,,
Indonesia,IDN,1951,9.3908,,,,,
Iran,IRN,1951,6.914,,,,,
Iraq,IRQ,1951,2.4292,,,,,
Ireland,IRL,1951,10.5084,,,,,
Israel,ISR,1951,2.9202,,,,,
Italy,ITA,1951,48.8448,,,,,
Jamaica,JAM,1951,0.5203,,,,,
Japan,JPN,1951,123.4841,,,,,
Jordan,JOR,1951,0.1612,,,,,
Kazakhstan,KAZ,1951,52.8303,,,,,
Kenya,KEN,1951,1.3923,,,,,
Korea (North),PRK,1951,0.9966,,,,,
Korea (South),KOR,1951,2.9239,,,,,
Kuwait,KWT,1951,0.1172,,,,,
Kyrgyzstan,KGZ,1951,3.3482,,,,,
Laos,LAO,1951,0.0162,,,,,
Latvia,LVA,1951,3.2939,,,,,
Lebanon,LBN,1951,1.418,,,,,
Liberia,LBR,1951,0.044,,,,,
Libya,LBY,1951,0.1685,,,,,
Lithuania,LTU,1951,5.5349,,,,,
Luxembourg,LUX,1951,9.0098,,,,,
"Macedonia, FYR",MKD,1951,1.3891,,,,,
Madagascar,MDG,1951,0.2455,,,,,
Malawi,MWI,1951,0.2438,,,,,
Malaysia,MYS,1951,4.8073,,,,,
Mali,MLI,1951,0.0597,,,,,
Malta,MLT,1951,0.2565,,,,,
Mauritania,MRT,1951,0.0266,,,,,
Mauritius,MUS,1951,0.1392,,,,,
Mexico,MEX,1951,31.2173,,,,,
Moldova,MDA,1951,4.8244,,,,,
Mongolia,MNG,1951,0.2931,,,,,
Morocco,MAR,1951,2.9275,,,,,
Mozambique,MOZ,1951,0.9307,,,,,
Myanmar,MMR,1951,0.9197,,,,,
Nepal,NPL,1951,0.0293,,,,,
Netherlands,NLD,1951,54.971,,,,,
New Zealand,NZL,1951,8.1671,,,,,
Nicaragua,NIC,1951,0.2015,,,,,
Niger,NER,1951,0.0258,,,,,
Nigeria,NGA,1951,1.6854,,,,,
Norway,NOR,1951,9.4824,,,,,
Pakistan,PAK,1951,6.4979,,,,,
Panama,PAN,1951,0.5533,,,,,
Papua New Guinea,PNG,1951,0.0623,,,,,
Paraguay,PRY,1951,0.0476,,,,,
Peru,PER,1951,4.7742,,,,,
Philippines,PHL,1951,3.5541,,,,,
Poland,POL,1951,122.1394,,,,,
Portugal,PRT,1951,5.3934,,,,,
Qatar,QAT,1951,0.3884,,,,,
Romania,ROU,1951,22.5043,,,,,
Russian Federation,RUS,1951,452.8747,,,,,
Rwanda,RWA,1951,0.0146,,,,,
Saint Lucia,LCA,1951,0.011,,,,,
Saint Vincent & Grenadines,VCT,1951,0.0037,,,,,
Samoa,WSM,1951,0.0037,,,,,
Sao Tome & Principe,STP,1951,0.0037,,,,,
Saudi Arabia,SAU,1951,-0.3481,,,,,
Senegal,SEN,1951,0.3493,,,,,
Serbia,SRB,1951,7.8943,,,,,
Sierra Leone,SLE,1951,0.0953,,,,,
Singapore,SGP,1951,2.8797,,,,,
Slovakia,SVK,1951,17.7714,,,,,
Slovenia,SVN,1951,2.1564,,,,,
South Africa,ZAF,1951,65.1459,,,,,
Spain,ESP,1951,33.1226,,,,,
Sri Lanka,LKA,1951,1.5462,,,,,
Sudan,SDN,1951,0.7218,,,,,
Suriname,SUR,1951,0.2345,,,,,
Swaziland,SWZ,1951,0.0037,,,,,
Sweden,SWE,1951,33.445,,,,,
Switzerland,CHE,1951,12.3,,,,,
Syria,SYR,1951,0.3811,,,,,
Taiwan,TWN,1951,4.9098,,,,,
Tajikistan,TJK,1951,1.6853,,,,,
Tanzania,TZA,1951,0.447,,,,,
Thailand,THA,1951,1.0919,,,,,
Togo,TGO,1951,0.0256,,,,,
Tonga,TON,1951,0.0073,,,,,
Trinidad & Tobago,TTO,1951,2.5135,,,,,
Tunisia,TUN,1951,1.3777,,,,,
Turkey,TUR,1951,10.1896,,,,,
Turkmenistan,TKM,1951,7.8054,,,,,
Uganda,UGA,1951,0.1392,,,,,
Ukraine,UKR,1951,129.4263,,,,,
United Kingdom,GBR,1951,544.8331,,,,,
United States of America,USA,1951,2569.6658,,,,,
Uruguay,URY,1951,2.6234,,,,,
Uzbekistan,UZB,1951,27.2264,,,,,
Venezuela,VEN,1951,13.9012,,,,,
Vietnam,VNM,1951,1.2254,,,,,
Yemen,YEM,1951,0.0403,,,,,
Zambia,ZMB,1951,2.3135,,,,,
Zimbabwe,ZWE,1951,3.7778,,,,,
World,WLD,1951,6386.352,4613.766666666666,,,,
Afghanistan,AFG,1952,0.0953,,,,,
Albania,ALB,1952,0.3774,,,,,
Algeria,DZA,1952,3.8912,,,,,
Angola,AGO,1952,0.3114,,,,,
Argentina,ARG,1952,36.1014,,,,,
Armenia,ARM,1952,2.9899,,,,,
Australia,AUS,1952,60.2068,,,,,
Austria,AUT,1952,22.0756,,,,,
Azerbaijan,AZE,1952,11.3377,,,,,
Bahamas,BHS,1952,0.0769,,,,,
Bahrain,BHR,1952,1.2861,,,,,
Bangladesh,BGD,1952,1.4184,,,,,
Barbados,BRB,1952,0.0879,,,,,
Belarus,BLR,1952,24.5435,,,,,
Belgium,BEL,1952,83.4806,,,,,
Belize,BLZ,1952,0.0256,,,,,
Benin,BEN,1952,0.0713,,,,,
Bolivia,BOL,1952,0.513,,,,,
Bosnia & Herzegovina,BIH,1952,2.4675,,,,,
Brazil,BRA,1952,24.9299,,,,,
Brunei,BRN,1952,0.3224,,,,,
Bulgaria,BGR,1952,9.4311,,,,,
Burkina Faso,BFA,1952,0.0347,,,,,
Burundi,BDI,1952,0.022,,,,,
Cambodia,KHM,1952,0.0661,,,,,
Cameroon,CMR,1952,0.2785,,,,,
Canada,CAN,1952,159.4206,,,,,
Cape Verde,CPV,1952,0.0366,,,,,
Central African Republic,CAF,1952,0.0533,,,,,
Chad,TCD,1952,0.0436,,,,,
Chile,CHL,1952,10.49,,,,,
China,CHN,1952,128.2217,,,,,
Colombia,COL,1952,8.636,,,,,
Congo,COG,1952,0.1456,,,,,
"Congo, Dem. Republic",COD,1952,2.0885,,,,,
Costa Rica,CRI,1952,0.3884,,,,,
Cote d'Ivoire,CIV,1952,0.3047,,,,,
Croatia,HRV,1952,2.8819,,,,,
Cuba,CUB,1952,6.2874,,,,,
Cyprus,CYP,1952,0.3151,,,,,
Czech Republic,CZE,1952,68.045,,,,,
Denmark,DNK,1952,22.9,,,,,
Djibouti,DJI,1952,0.0256,,,,,
Dominica,DMA,1952,0.0073,,,,,
Dominican Republic,DOM,1952,0.5936,,,,,
Ecuador,ECU,1952,0.894,,,,,
Egypt,EGY,1952,10.8967,,,,,
El Salvador,SLV,1952,0.3884,,,,,
Equatorial Guinea,GNQ,1952,0.011,,,,,
Estonia,EST,1952,6.3116,,,,,
Ethiopia,ETH,1952,0.0989,,,,,
Fiji,FJI,1952,0.1576,,,,,
Finland,FIN,1952,8.6617,,,,,
France,FRA,1952,227.0214,,,,,
Gabon,GAB,1952,0.0617,,,,,
Gambia,GMB,1952,0.011,,,,,
Georgia,GEO,1952,5.1853,,,,,
Germany,DEU,1952,611.0453,,,,,
Ghana,GHA,1952,0.8684,,,,,
Greece,GRC,1952,4.8035,,,,,
Grenada,GRD,1952,0.011,,,,,
Guatemala,GTM,1952,0.6449,,,,,
Guinea,GIN,1952,0.2793,,,,,
Guinea-Bissau,GNB,1952,0.011,,,,,
Guyana,GUY,1952,0.3334,,,,,
Haiti,HTI,1952,0.1466,,,,,
Honduras,HND,1952,0.3591,,,,,
Hungary,HUN,1952,27.2125,,,,,
Iceland,ISL,1952,0.7768,,,,,
India,IND,1952,73.4962,,,,,
Indonesia,IDN,1952,12.7251,,,,,
Iran,IRN,1952,4.0927,,,,,
Iraq,IRQ,1952,1.9602,,,,,
Ireland,IRL,1952,9.6217,,,,,
Israel,ISR,1952,3.6603,,,,,
Italy,ITA,1952,50.6475,,,,,
Jamaica,JAM,1952,0.5643,,,,,
Japan,JPN,1952,130.4384,,,,,
Jordan,JOR,1952,0.1942,,,,,
Kazakhstan,KAZ,1952,56.5635,,,,,
Kenya,KEN,1952,1.5902,,,,,
Korea (North),PRK,1952,0.8904,,,,,
Korea (South),KOR,1952,3.4625,,,,,
Kuwait,KWT,1952,-0.436,,,,,
Kyrgyzstan,KGZ,1952,3.5873,,,,,
Laos,LAO,1952,0.024,,,,,
Latvia,LVA,1952,3.5272,,,,,
Lebanon,LBN,1952,1.1322,,,,,
Liberia,LBR,1952,0.055,,,,,
Libya,LBY,1952,0.1612,,,,,
Lithuania,LTU,1952,5.9296,,,,,
Luxembourg,LUX,1952,9.3982,,,,,
"Macedonia, FYR",MKD,1952,1.3967,,,,,
Madagascar,MDG,1952,0.3078,,,,,
Malawi,MWI,1952,0.2755,,,,,
Malaysia,MYS,1952,5.8545,,,,,
Mali,MLI,1952,0.0661,,,,,
Malta,MLT,1952,0.2418,,,,,
Mauritania,MRT,1952,0.0294,,,,,
Mauritius,MUS,1952,0.1759,,,,,
Mexico,MEX,1952,33.434,,,,,
Moldova,MDA,1952,5.1647,,,,,
Mongolia,MNG,1952,0.3004,,,,,
Morocco,MAR,1952,3.5651,,,,,
Mozambique,MOZ,1952,1.0736,,,,,
Myanmar,MMR,1952,1.1322,,,,,
Nepal,NPL,1952,0.0293,,,,,
Netherlands,NLD,1952,54.7218,,,,,
New Zealand,NZL,1952,9.3212,,,,,
Nicaragua,NIC,1952,0.2748,,,,,
Niger,NER,1952,0.0286,,,,,
Nigeria,NGA,1952,2.1837,,,,,
Norway,NOR,1952,9.6913,,,,,
Pakistan,PAK,1952,6.8623,,,,,
Panama,PAN,1952,0.7181,,,,,
Papua New Guinea,PNG,1952,0.0843,,,,,
Paraguay,PRY,1952,0.1026,,,,,
Peru,PER,1952,5.1919,,,,,
Philippines,PHL,1952,4.0524,,,,,
Poland,POL,1952,128.0531,,,,,
Portugal,PRT,1952,5.3531,,,,,
Qatar,QAT,1952,0.1942,,,,,
Romania,ROU,1952,26.6373,,,,,
Russian Federation,RUS,1952,484.9673,,,,,
Rwanda,RWA,1952,0.0293,,,,,
Saint Lucia,LCA,1952,0.0073,,,,,
Saint Vincent & Grenadines,VCT,1952,0.011,,,,,
Samoa,WSM,1952,0.0073,,,,,
Sao Tome & Principe,STP,1952,0.0037,,,,,
Saudi Arabia,SAU,1952,-0.1722,,,,,
Senegal,SEN,1952,0.3986,,,,,
Serbia,SRB,1952,7.9203,,,,,
Sierra Leone,SLE,1952,0.1795,,,,,
Singapore,SGP,1952,3.507,,,,,
Slovakia,SVK,1952,19.0007,,,,,
Slovenia,SVN,1952,2.1697,,,,,
Solomon Islands,SLB,1952,0.0037,,,,,
South Africa,ZAF,1952,70.8911,,,,,
Spain,ESP,1952,37.6146,,,,,
Sri Lanka,LKA,1952,1.9419,,,,,
Sudan,SDN,1952,0.7584,,,,,
Suriname,SUR,1952,0.2675,,,,,
Swaziland,SWZ,1952,0.0037,,,,,
Sweden,SWE,1952,34.5295,,,,,
Switzerland,CHE,1952,11.2338,,,,,
Syria,SYR,1952,0.4763,,,,,
Taiwan,TWN,1952,6.39,,,,,
Tajikistan,TJK,1952,1.805,,,,,
Tanzania,TZA,1952,0.5423,,,,,
Thailand,THA,1952,1.2824,,,,,
Togo,TGO,1952,0.044,,,,,
Tonga,TON,1952,0.0073,,,,,
Trinidad & Tobago,TTO,1952,2.792,,,,,
Tunisia,TUN,1952,1.4436,,,,,
Turkey,TUR,1952,10.4754,,,,,
Turkmenistan,TKM,1952,8.3587,,,,,
Uganda,UGA,1952,0.1429,,,,,
Ukraine,UKR,1952,138.5958,,,,,
United Kingdom,GBR,1952,528.4294,,,,,
United States of America,USA,1952,2499.4013,,,,,
Uruguay,URY,1952,3.1547,,,,,
Uzbekistan,UZB,1952,29.1678,,,,,
Venezuela,VEN,1952,14.9821,,,,,
Vietnam,VNM,1952,1.7749,,,,,
Yemen,YEM,1952,0.0586,,,,,
Zambia,ZMB,1952,2.6054,,,,,
Zimbabwe,ZWE,1952,4.2493,,,,,
World,WLD,1952,6481.616,4710.566666666667,,,,
Afghanistan,AFG,1953,0.1026,,,,,
Albania,ALB,1953,0.414,,,,,
Algeria,DZA,1953,3.9974,,,,,
Angola,AGO,1953,0.2748,,,,,
Argentina,ARG,1953,35.1414,,,,,
Armenia,ARM,1953,3.1631,,,,,
Australia,AUS,1953,59.4374,,,,,
Austria,AUT,1953,21.7202,,,,,
Azerbaijan,AZE,1953,11.991,,,,,
Bahamas,BHS,1953,0.0806,,,,,
Bahrain,BHR,1953,0.9966,,,,,
Bangladesh,BGD,1953,1.4393,,,,,
Barbados,BRB,1953,0.1099,,,,,
Belarus,BLR,1953,25.9629,,,,,
Belgium,BEL,1953,82.3924,,,,,
Belize,BLZ,1953,0.0293,,,,,
Benin,BEN,1953,0.0595,,,,,
Bolivia,BOL,1953,0.5386,,,,,
Bosnia & Herzegovina,BIH,1953,2.4513,,,,,
Brazil,BRA,1953,25.179,,,,,
Brunei,BRN,1953,0.3444,,,,,
Bulgaria,BGR,1953,10.589,,,,,
Burkina Faso,BFA,1953,0.0289,,,,,
Burundi,BDI,1953,0.0189,,,,,
Cambodia,KHM,1953,0.0605,,,,,
Cameroon,CMR,1953,0.2052,,,,,
Canada,CAN,1953,159.3547,,,,,
Cape Verde,CPV,1953,0.022,,,,,
Central African Republic,CAF,1953,0.045,,,,,
Chad,TCD,1953,0.0368,,,,,
Chile,CHL,1953,10.3032,,,,,
China,CHN,1953,134.1061,,,,,
Colombia,COL,1953,10.7648,,,,,
Congo,COG,1953,0.1228,,,,,
"Congo, Dem. Republic",COD,1953,2.2937,,,,,
Costa Rica,CRI,1953,0.4324,,,,,
Cote d'Ivoire,CIV,1953,0.2542,,,,,
Croatia,HRV,1953,2.8586,,,,,
Cuba,CUB,1953,6.1922,,,,,
Cyprus,CYP,1953,0.3664,,,,,
Czech Republic,CZE,1953,70.5204,,,,,
Denmark,DNK,1953,23.1565,,,,,
Djibouti,DJI,1953,0.0293,,,,,
Dominica,DMA,1953,0.0037,,,,,
Dominican Republic,DOM,1953,0.6229,,,,,
Ecuador,ECU,1953,0.8207,,,,,
Egypt,EGY,1953,10.7832,,,,,
El Salvador,SLV,1953,0.4177,,,,,
Equatorial Guinea,GNQ,1953,0.011,,,,,
Estonia,EST,1953,6.6768,,,,,
Ethiopia,ETH,1953,0.1832,,,,,
Fiji,FJI,1953,0.1685,,,,,
Finland,FIN,1953,7.5662,,,,,
France,FRA,1953,214.5858,,,,,
Gabon,GAB,1953,0.052,,,,,
Gambia,GMB,1953,0.011,,,,,
Georgia,GEO,1953,5.4842,,,,,
Germany,DEU,1953,623.5285,,,,,
Ghana,GHA,1953,1.0186,,,,,
Greece,GRC,1953,4.8841,,,,,
Grenada,GRD,1953,0.011,,,,,
Guatemala,GTM,1953,0.6815,,,,,
Guinea,GIN,1953,0.2331,,,,,
Guinea-Bissau,GNB,1953,0.0073,,,,,
Guyana,GUY,1953,0.447,,,,,
Haiti,HTI,1953,0.1576,,,,,
Honduras,HND,1953,0.3334,,,,,
Hungary,HUN,1953,31.7742,,,,,
Iceland,ISL,1953,0.9197,,,,,
India,IND,1953,74.8775,,,,,
Indonesia,IDN,1953,13.0768,,,,,
Iran,IRN,1953,3.8252,,,,,
Iraq,IRQ,1953,2.5318,,,,,
Ireland,IRL,1953,9.5374,,,,,
Israel,ISR,1953,4.0414,,,,,
Italy,ITA,1953,56.0262,,,,,
Jamaica,JAM,1953,0.6156,,,,,
Japan,JPN,1953,145.8052,,,,,
Jordan,JOR,1953,0.2125,,,,,
Kazakhstan,KAZ,1953,59.8296,,,,,
Kenya,KEN,1953,1.5132,,,,,
Korea (North),PRK,1953,1.7367,,,,,
Korea (South),KOR,1953,4.6899,,,,,
Kuwait,KWT,1953,-0.0513,,,,,
Kyrgyzstan,KGZ,1953,3.7975,,,,,
Laos,LAO,1953,0.022,,,,,
Latvia,LVA,1953,3.7316,,,,,
Lebanon,LBN,1953,1.2091,,,,,
Liberia,LBR,1953,0.0586,,,,,
Libya,LBY,1953,0.2492,,,,,
Lithuania,LTU,1953,6.2764,,,,,
Luxembourg,LUX,1953,8.6544,,,,,
"Macedonia, FYR",MKD,1953,1.3864,,,,,
Madagascar,MDG,1953,0.2565,,,,,
Malawi,MWI,1953,0.3011,,,,,
Malaysia,MYS,1953,5.931,,,,,
Mali,MLI,1953,0.0552,,,,,
Malta,MLT,1953,0.2308,,,,,
Mauritania,MRT,1953,0.0245,,,,,
Mauritius,MUS,1953,0.1869,,,,,
Mexico,MEX,1953,33.0493,,,,,
Moldova,MDA,1953,5.462,,,,,
Mongolia,MNG,1953,0.3041,,,,,
Morocco,MAR,1953,4.1733,,,,,
Mozambique,MOZ,1953,1.0809,,,,,
Myanmar,MMR,1953,1.3044,,,,,
Nepal,NPL,1953,0.0366,,,,,
Netherlands,NLD,1953,55.2678,,,,,
New Zealand,NZL,1953,8.5554,,,,,
Nicaragua,NIC,1953,0.2858,,,,,
Niger,NER,1953,0.0239,,,,,
Nigeria,NGA,1953,2.4402,,,,,
Norway,NOR,1953,9.7829,,,,,
Pakistan,PAK,1953,6.9879,,,,,
Panama,PAN,1953,0.7145,,,,,
Papua New Guinea,PNG,1953,0.0953,,,,,
Paraguay,PRY,1953,0.1209,,,,,
Peru,PER,1953,5.5143,,,,,
Philippines,PHL,1953,4.0341,,,,,
Poland,POL,1953,139.2064,,,,,
Portugal,PRT,1953,5.932,,,,,
Qatar,QAT,1953,0.3664,,,,,
Romania,ROU,1953,30.631,,,,,
Russian Federation,RUS,1953,513.0859,,,,,
Rwanda,RWA,1953,0.0251,,,,,
Saint Lucia,LCA,1953,0.011,,,,,
Saint Vincent & Grenadines,VCT,1953,0.0073,,,,,
Samoa,WSM,1953,0.0073,,,,,
Sao Tome & Principe,STP,1953,0.0037,,,,,
Saudi Arabia,SAU,1953,0.4763,,,,,
Senegal,SEN,1953,0.3283,,,,,
Serbia,SRB,1953,7.8653,,,,,
Sierra Leone,SLE,1953,0.1685,,,,,
Singapore,SGP,1953,3.5441,,,,,
Slovakia,SVK,1953,19.6946,,,,,
Slovenia,SVN,1953,2.1535,,,,,
Solomon Islands,SLB,1953,0.0037,,,,,
South Africa,ZAF,1953,71.0047,,,,,
Spain,ESP,1953,38.941,,,,,
Sri Lanka,LKA,1953,2.0665,,,,,
Sudan,SDN,1953,0.8317,,,,,
Suriname,SUR,1953,0.3114,,,,,
Swaziland,SWZ,1953,0.0037,,,,,
Sweden,SWE,1953,32.5583,,,,,
Switzerland,CHE,1953,10.3398,,,,,
Syria,SYR,1953,0.513,,,,,
Taiwan,TWN,1953,6.4743,,,,,
Tajikistan,TJK,1953,1.9101,,,,,
Tanzania,TZA,1953,0.5276,,,,,
Thailand,THA,1953,1.6451,,,,,
Togo,TGO,1953,0.0293,,,,,
Tonga,TON,1953,0.0073,,,,,
Trinidad & Tobago,TTO,1953,2.9385,,,,,
Tunisia,TUN,1953,1.3777,,,,,
Turkey,TUR,1953,12.9669,,,,,
Turkmenistan,TKM,1953,8.8435,,,,,
Uganda,UGA,1953,0.2088,,,,,
Ukraine,UKR,1953,146.6289,,,,,
United Kingdom,GBR,1953,540.0883,,,,,
United States of America,USA,1953,2562.1289,,,,,
Uruguay,URY,1953,3.5064,,,,,
Uzbekistan,UZB,1953,30.8741,,,,,
Venezuela,VEN,1953,15.2203,,,,,
Vietnam,VNM,1953,1.6688,,,,,
Yemen,YEM,1953,0.0696,,,,,
Zambia,ZMB,1953,2.8396,,,,,
Zimbabwe,ZWE,1953,4.6269,,,,,
World,WLD,1953,6642.832,4696.633333333334,,,,
Afghanistan,AFG,1954,0.1099,,,,,
Albania,ALB,1954,0.502,,,,,
Algeria,DZA,1954,4.155,,,,,
Angola,AGO,1954,0.3517,,,,,
Argentina,ARG,1954,36.7609,,,,,
Armenia,ARM,1954,3.4544,,,,,
Australia,AUS,1954,67.8463,,,,,
Austria,AUT,1954,24.5122,,,,,
Azerbaijan,AZE,1954,13.0902,,,,,
Bahamas,BHS,1954,0.0843,,,,,
Bahrain,BHR,1954,1.0442,,,,,
Bangladesh,BGD,1954,1.4566,,,,,
Barbados,BRB,1954,0.1136,,,,,
Belarus,BLR,1954,28.3508,,,,,
Belgium,BEL,1954,85.7523,,,,,
Belize,BLZ,1954,0.0293,,,,,
Benin,BEN,1954,0.0698,,,,,
Bolivia,BOL,1954,0.7878,,,,,
Bosnia & Herzegovina,BIH,1954,2.932,,,,,
Brazil,BRA,1954,29.5648,,,,,
Brunei,BRN,1954,0.3554,,,,,
Bulgaria,BGR,1954,11.395,,,,,
Burkina Faso,BFA,1954,0.0339,,,,,
Burundi,BDI,1954,0.0079,,,,,
Cambodia,KHM,1954,0.0959,,,,,
Cameroon,CMR,1954,0.2308,,,,,
Canada,CAN,1954,162.982,,,,,
Cape Verde,CPV,1954,0.022,,,,,
Central African Republic,CAF,1954,0.0475,,,,,
Chad,TCD,1954,0.0389,,,,,
Chile,CHL,1954,11.0286,,,,,
China,CHN,1954,161.26,,,,,
Colombia,COL,1954,9.6253,,,,,
Congo,COG,1954,0.1298,,,,,
"Congo, Dem. Republic",COD,1954,2.8176,,,,,
Costa Rica,CRI,1954,0.4067,,,,,
Cote d'Ivoire,CIV,1954,0.298,,,,,
Croatia,HRV,1954,3.3971,,,,,
Cuba,CUB,1954,5.9503,,,,,
Cyprus,CYP,1954,0.4433,,,,,
Czech Republic,CZE,1954,75.324,,,,,
Denmark,DNK,1954,25.582,,,,,
Djibouti,DJI,1954,0.033,,,,,
Dominica,DMA,1954,0.0037,,,,,
Dominican Republic,DOM,1954,0.6265,,,,,
Ecuador,ECU,1954,0.9636,,,,,
Egypt,EGY,1954,11.6662,,,,,
El Salvador,SLV,1954,0.469,,,,,
Equatorial Guinea,GNQ,1954,0.0293,,,,,
Estonia,EST,1954,7.2913,,,,,
Ethiopia,ETH,1954,0.2675,,,,,
Fiji,FJI,1954,0.1576,,,,,
Finland,FIN,1954,9.16,,,,,
France,FRA,1954,226.3912,,,,,
Gabon,GAB,1954,0.055,,,,,
Gambia,GMB,1954,0.0147,,,,,
Georgia,GEO,1954,5.987,,,,,
Germany,DEU,1954,659.7728,,,,,
Ghana,GHA,1954,1.0039,,,,,
Greece,GRC,1954,5.0856,,,,,
Grenada,GRD,1954,0.011,,,,,
Guatemala,GTM,1954,0.7438,,,,,
Guinea,GIN,1954,0.2732,,,,,
Guinea-Bissau,GNB,1954,0.0073,,,,,
Guyana,GUY,1954,0.469,,,,,
Haiti,HTI,1954,0.2162,,,,,
Honduras,HND,1954,0.3774,,,,,
Hungary,HUN,1954,34.0092,,,,,
Iceland,ISL,1954,0.7804,,,,,
India,IND,1954,78.7394,,,,,
Indonesia,IDN,1954,14.7476,,,,,
Iran,IRN,1954,1.0479,,,,,
Iraq,IRQ,1954,3.0521,,,,,
Ireland,IRL,1954,9.0904,,,,,
Israel,ISR,1954,4.3272,,,,,
Italy,ITA,1954,64.9774,,,,,
Jamaica,JAM,1954,0.7914,,,,,
Japan,JPN,1954,142.5772,,,,,
Jordan,JOR,1954,0.2528,,,,,
Kazakhstan,KAZ,1954,65.325,,,,,
Kenya,KEN,1954,1.7001,,,,,
Korea (North),PRK,1954,4.7852,,,,,
Korea (South),KOR,1954,5.1589,,,,,
Kuwait,KWT,1954,1.4033,,,,,
Kyrgyzstan,KGZ,1954,4.151,,,,,
Laos,LAO,1954,0.0349,,,,,
Latvia,LVA,1954,4.0754,,,,,
Lebanon,LBN,1954,1.2604,,,,,
Liberia,LBR,1954,0.1026,,,,,
Libya,LBY,1954,0.3004,,,,,
Lithuania,LTU,1954,6.8595,,,,,
Luxembourg,LUX,1954,8.7826,,,,,
"Macedonia, FYR",MKD,1954,1.6528,,,,,
Madagascar,MDG,1954,0.2895,,,,,
Malawi,MWI,1954,0.3321,,,,,
Malaysia,MYS,1954,6.4324,,,,,
Mali,MLI,1954,0.0647,,,,,
Malta,MLT,1954,0.3114,,,,,
Mauritania,MRT,1954,0.0288,,,,,
Mauritius,MUS,1954,0.1869,,,,,
Mexico,MEX,1954,32.529,,,,,
Moldova,MDA,1954,5.9625,,,,,
Mongolia,MNG,1954,0.491,,,,,
Morocco,MAR,1954,3.5871,,,,,
Mozambique,MOZ,1954,1.1468,,,,,
Myanmar,MMR,1954,1.4619,,,,,
Nepal,NPL,1954,0.0403,,,,,
Netherlands,NLD,1954,58.3968,,,,,
New Zealand,NZL,1954,9.0684,,,,,
Nicaragua,NIC,1954,0.3151,,,,,
Niger,NER,1954,0.028,,,,,
Nigeria,NGA,1954,2.5721,,,,,
Norway,NOR,1954,9.8855,,,,,
Pakistan,PAK,1954,7.1025,,,,,
Panama,PAN,1954,0.6339,,,,,
Papua New Guinea,PNG,1954,0.0953,,,,,
Paraguay,PRY,1954,0.1832,,,,,
Peru,PER,1954,6.2398,,,,,
Philippines,PHL,1954,5.3311,,,,,
Poland,POL,1954,147.5859,,,,,
Portugal,PRT,1954,5.7928,,,,,
Qatar,QAT,1954,0.6082,,,,,
Romania,ROU,1954,33.5109,,,,,
Russian Federation,RUS,1954,560.385,,,,,
Rwanda,RWA,1954,0.0105,,,,,
Saint Lucia,LCA,1954,0.0073,,,,,
Saint Vincent & Grenadines,VCT,1954,0.0073,,,,,
Samoa,WSM,1954,0.011,,,,,
Sao Tome & Principe,STP,1954,0.0037,,,,,
Saudi Arabia,SAU,1954,1.2384,,,,,
Senegal,SEN,1954,0.3908,,,,,
Serbia,SRB,1954,9.3918,,,,,
Sierra Leone,SLE,1954,0.1282,,,,,
Singapore,SGP,1954,3.8268,,,,,
Slovakia,SVK,1954,21.0429,,,,,
Slovenia,SVN,1954,2.5658,,,,,
Solomon Islands,SLB,1954,0.0037,,,,,
South Africa,ZAF,1954,73.9102,,,,,
Spain,ESP,1954,39.7361,,,,,
Sri Lanka,LKA,1954,1.7844,,,,,
Sudan,SDN,1954,0.8171,,,,,
Suriname,SUR,1954,0.3371,,,,,
Swaziland,SWZ,1954,0.0037,,,,,
Sweden,SWE,1954,34.5039,,,,,
Switzerland,CHE,1954,12.6042,,,,,
Syria,SYR,1954,0.5752,,,,,
Taiwan,TWN,1954,6.4926,,,,,
Tajikistan,TJK,1954,2.0867,,,,,
Tanzania,TZA,1954,0.5386,,,,,
Thailand,THA,1954,2.0482,,,,,
Togo,TGO,1954,0.033,,,,,
Tonga,TON,1954,0.0073,,,,,
Trinidad & Tobago,TTO,1954,2.8359,,,,,
Tunisia,TUN,1954,1.4033,,,,,
Turkey,TUR,1954,13.4322,,,,,
Turkmenistan,TKM,1954,9.659,,,,,
Uganda,UGA,1954,0.2198,,,,,
Ukraine,UKR,1954,160.1418,,,,,
United Kingdom,GBR,1954,552.7107,,,,,
United States of America,USA,1954,2444.1005,,,,,
Uruguay,URY,1954,3.7373,,,,,
Uzbekistan,UZB,1954,33.743,,,,,
Venezuela,VEN,1954,16.4733,,,,,
Vietnam,VNM,1954,2.5402,,,,,
Yemen,YEM,1954,4.4554,,,,,
Zambia,ZMB,1954,3.1246,,,,,
Zimbabwe,ZWE,1954,5.0878,,,,,
World,WLD,1954,6734.432,4895.0,,,,
Afghanistan,AFG,1955,0.1539,,,,,
Albania,ALB,1955,0.6632,,,,,
Algeria,DZA,1955,4.6093,,,,,
Angola,AGO,1955,0.414,,,,,
Argentina,ARG,1955,39.5675,,,,,
Armenia,ARM,1955,3.9169,,,,,
Australia,AUS,1955,70.6822,,,,,
Austria,AUT,1955,29.0775,,,,,
Azerbaijan,AZE,1955,14.8396,,,,,
Bahamas,BHS,1955,0.1282,,,,,
Bahrain,BHR,1955,1.4033,,,,,
Bangladesh,BGD,1955,1.5019,,,,,
Barbados,BRB,1955,0.1282,,,,,
Belarus,BLR,1955,32.1444,,,,,
Belgium,BEL,1955,92.0397,,,,,
Belize,BLZ,1955,0.0293,,,,,
Benin,BEN,1955,0.068,,,,,
Bolivia,BOL,1955,0.9307,,,,,
Bosnia & Herzegovina,BIH,1955,3.3591,,,,,
Brazil,BRA,1955,33.9176,,,,,
Brunei,BRN,1955,0.3004,,,,,
Bulgaria,BGR,1955,12.0949,,,,,
Burkina Faso,BFA,1955,0.033,,,,,
Burundi,BDI,1955,0.0094,,,,,
Cambodia,KHM,1955,0.1026,,,,,
Cameroon,CMR,1955,0.2345,,,,,
Canada,CAN,1955,167.3972,,,,,
Cape Verde,CPV,1955,0.022,,,,,
Central African Republic,CAF,1955,0.0462,,,,,
Chad,TCD,1955,0.0378,,,,,
Chile,CHL,1955,11.4647,,,,,
China,CHN,1955,190.8907,,,,,
Colombia,COL,1955,11.9483,,,,,
Congo,COG,1955,0.1263,,,,,
"Congo, Dem. Republic",COD,1955,3.3892,,,,,
Costa Rica,CRI,1955,0.3481,,,,,
Cote d'Ivoire,CIV,1955,0.2904,,,,,
Croatia,HRV,1955,3.8879,,,,,
Cuba,CUB,1955,6.7784,,,,,
Cyprus,CYP,1955,0.4507,,,,,
Czech Republic,CZE,1955,78.1803,,,,,
Denmark,DNK,1955,27.0696,,,,,
Djibouti,DJI,1955,0.0366,,,,,
Dominica,DMA,1955,0.0037,,,,,
Dominican Republic,DOM,1955,0.916,,,,,
Ecuador,ECU,1955,1.1981,,,,,
Egypt,EGY,1955,10.6476,,,,,
El Salvador,SLV,1955,0.4617,,,,,
Equatorial Guinea,GNQ,1955,0.0366,,,,,
Estonia,EST,1955,8.2671,,,,,
Ethiopia,ETH,1955,0.2272,,,,,
Fiji,FJI,1955,0.1722,,,,,
Finland,FIN,1955,10.9297,,,,,
France,FRA,1955,239.0247,,,,,
Gabon,GAB,1955,0.0535,,,,,
Gambia,GMB,1955,0.0147,,,,,
Georgia,GEO,1955,6.7872,,,,,
Germany,DEU,1955,723.5374,,,,,
Ghana,GHA,1955,1.1871,,,,,
Greece,GRC,1955,5.9577,,,,,
Grenada,GRD,1955,0.011,,,,,
Guatemala,GTM,1955,0.916,,,,,
Guinea,GIN,1955,0.2662,,,,,
Guinea-Bissau,GNB,1955,0.011,,,,,
Guyana,GUY,1955,0.5203,,,,,
Haiti,HTI,1955,0.2675,,,,,
Honduras,HND,1955,0.436,,,,,
Hungary,HUN,1955,35.7093,,,,,
Iceland,ISL,1955,0.9123,,,,,
India,IND,1955,85.4408,,,,,
Indonesia,IDN,1955,20.8445,,,,,
Iran,IRN,1955,4.1733,,,,,
Iraq,IRQ,1955,4.0964,,,,,
Ireland,IRL,1955,11.7175,,,,,
Israel,ISR,1955,4.8182,,,,,
Italy,ITA,1955,73.3093,,,,,
Jamaica,JAM,1955,0.9856,,,,,
Japan,JPN,1955,141.9177,,,,,
Jordan,JOR,1955,0.3811,,,,,
Kazakhstan,KAZ,1955,74.0618,,,,,
Kenya,KEN,1955,1.9859,,,,,
Korea (North),PRK,1955,7.3463,,,,,
Korea (South),KOR,1955,6.445,,,,,
Kuwait,KWT,1955,1.8467,,,,,
Kyrgyzstan,KGZ,1955,4.709,,,,,
Laos,LAO,1955,0.0256,,,,,
Latvia,LVA,1955,4.6211,,,,,
Lebanon,LBN,1955,1.5792,,,,,
Liberia,LBR,1955,0.0586,,,,,
Libya,LBY,1955,0.4287,,,,,
Lithuania,LTU,1955,7.781,,,,,
Luxembourg,LUX,1955,9.8818,,,,,
"Macedonia, FYR",MKD,1955,1.8925,,,,,
Madagascar,MDG,1955,0.3004,,,,,
Malawi,MWI,1955,0.3919,,,,,
Malaysia,MYS,1955,6.9131,,,,,
Mali,MLI,1955,0.063,,,,,
Malta,MLT,1955,0.3408,,,,,
Mauritania,MRT,1955,0.028,,,,,
Mauritius,MUS,1955,0.1282,,,,,
Mexico,MEX,1955,34.863,,,,,
Moldova,MDA,1955,6.7592,,,,,
Mongolia,MNG,1955,0.5899,,,,,
Morocco,MAR,1955,3.5577,,,,,
Mozambique,MOZ,1955,1.3703,,,,,
Myanmar,MMR,1955,1.4216,,,,,
Nepal,NPL,1955,0.044,,,,,
Netherlands,NLD,1955,60.9946,,,,,
New Zealand,NZL,1955,9.3945,,,,,
Nicaragua,NIC,1955,0.392,,,,,
Niger,NER,1955,0.0273,,,,,
Nigeria,NGA,1955,2.6967,,,,,
Norway,NOR,1955,11.417,,,,,
Pakistan,PAK,1955,7.3174,,,,,
Panama,PAN,1955,0.7108,,,,,
Papua New Guinea,PNG,1955,0.1282,,,,,
Paraguay,PRY,1955,0.1905,,,,,
Peru,PER,1955,6.1262,,,,,
Philippines,PHL,1955,6.6208,,,,,
Poland,POL,1955,154.2214,,,,,
Portugal,PRT,1955,6.467,,,,,
Qatar,QAT,1955,0.4177,,,,,
Romania,ROU,1955,36.7866,,,,,
Russian Federation,RUS,1955,635.4378,,,,,
Rwanda,RWA,1955,0.0125,,,,,
Saint Lucia,LCA,1955,0.011,,,,,
Saint Vincent & Grenadines,VCT,1955,0.0073,,,,,
Samoa,WSM,1955,0.011,,,,,
Sao Tome & Principe,STP,1955,0.0037,,,,,
Saudi Arabia,SAU,1955,2.1141,,,,,
Senegal,SEN,1955,0.4075,,,,,
Serbia,SRB,1955,10.7569,,,,,
Sierra Leone,SLE,1955,0.1832,,,,,
Singapore,SGP,1955,4.1082,,,,,
Slovakia,SVK,1955,21.8616,,,,,
Slovenia,SVN,1955,2.9377,,,,,
Solomon Islands,SLB,1955,0.011,,,,,
South Africa,ZAF,1955,82.9456,,,,,
Spain,ESP,1955,40.2893,,,,,
Sri Lanka,LKA,1955,1.6671,,,,,
Sudan,SDN,1955,0.927,,,,,
Suriname,SUR,1955,0.3114,,,,,
Swaziland,SWZ,1955,0.0037,,,,,
Sweden,SWE,1955,39.1022,,,,,
Switzerland,CHE,1955,13.6228,,,,,
Syria,SYR,1955,1.6451,,,,,
Taiwan,TWN,1955,7.1998,,,,,
Tajikistan,TJK,1955,2.3666,,,,,
Tanzania,TZA,1955,0.5569,,,,,
Thailand,THA,1955,2.3743,,,,,
Togo,TGO,1955,0.0403,,,,,
Tonga,TON,1955,0.0073,,,,,
Trinidad & Tobago,TTO,1955,2.7187,,,,,
Tunisia,TUN,1955,1.5975,,,,,
Turkey,TUR,1955,13.6191,,,,,
Turkmenistan,TKM,1955,10.9528,,,,,
Uganda,UGA,1955,0.2638,,,,,
Ukraine,UKR,1955,181.5873,,,,,
United Kingdom,GBR,1955,576.6403,,,,,
United States of America,USA,1955,2680.0768,,,,,
Uruguay,URY,1955,3.9205,,,,,
Uzbekistan,UZB,1955,38.276,,,,,
Venezuela,VEN,1955,23.3617,,,,,
Vietnam,VNM,1955,3.5248,,,,,
Yemen,YEM,1955,2.4842,,,,,
Zambia,ZMB,1955,3.684,,,,,
Zimbabwe,ZWE,1955,5.9965,,,,,
World,WLD,1955,7375.632,5058.166666666667,,,,
Afghanistan,AFG,1956,0.1832,,,,,
Albania,ALB,1956,0.8391,,,,,
Algeria,DZA,1956,5.0014,,,,,
Angola,AGO,1956,0.502,,,,,
Argentina,ARG,1956,44.3051,,,,,
Armenia,ARM,1956,4.2945,,,,,
Australia,AUS,1956,73.0382,,,,,
Austria,AUT,1956,28.2091,,,,,
Azerbaijan,AZE,1956,16.2694,,,,,
Bahamas,BHS,1956,0.1392,,,,,
Bahrain,BHR,1956,1.0552,,,,,
Bangladesh,BGD,1956,1.7819,,,,,
Barbados,BRB,1956,0.1282,,,,,
Belarus,BLR,1956,35.2426,,,,,
Belgium,BEL,1956,96.7992,,,,,
Belize,BLZ,1956,0.0293,,,,,
Benin,BEN,1956,0.0791,,,,,
Bolivia,BOL,1956,1.1029,,,,,
Bosnia & Herzegovina,BIH,1956,3.8547,,,,,
Brazil,BRA,1956,36.4568,,,,,
Brunei,BRN,1956,0.3004,,,,,
Bulgaria,BGR,1956,12.9742,,,,,
Burkina Faso,BFA,1956,0.0385,,,,,
Burundi,BDI,1956,0.011,,,,,
Cambodia,KHM,1956,0.1319,,,,,
Cameroon,CMR,1956,0.2382,,,,,
Canada,CAN,1956,186.5013,,,,,
Cape Verde,CPV,1956,0.0293,,,,,
Central African Republic,CAF,1956,0.061,,,,,
Chad,TCD,1956,0.0499,,,,,
Chile,CHL,1956,11.6222,,,,,
China,CHN,1956,216.3482,,,,,
Colombia,COL,1956,12.6005,,,,,
Congo,COG,1956,0.1666,,,,,
"Congo, Dem. Republic",COD,1956,3.1767,,,,,
Costa Rica,CRI,1956,0.4836,,,,,
Cote d'Ivoire,CIV,1956,0.338,,,,,
Croatia,HRV,1956,4.4228,,,,,
Cuba,CUB,1956,5.8441,,,,,
Cyprus,CYP,1956,0.6742,,,,,
Czech Republic,CZE,1956,83.8808,,,,,
Denmark,DNK,1956,26.3771,,,,,
Djibouti,DJI,1956,0.0293,,,,,
Dominica,DMA,1956,0.0037,,,,,
Dominican Republic,DOM,1956,0.9856,,,,,
Ecuador,ECU,1956,1.2971,,,,,
Egypt,EGY,1956,9.9478,,,,,
El Salvador,SLV,1956,0.5276,,,,,
Equatorial Guinea,GNQ,1956,0.0366,,,,,
Estonia,EST,1956,9.064,,,,,
Ethiopia,ETH,1956,0.2418,,,,,
Fiji,FJI,1956,0.1979,,,,,
Finland,FIN,1956,12.1718,,,,,
France,FRA,1956,268.5456,,,,,
Gabon,GAB,1956,0.0706,,,,,
Gambia,GMB,1956,0.0183,,,,,
Georgia,GEO,1956,7.4412,,,,,
Germany,DEU,1956,766.256,,,,,
Ghana,GHA,1956,1.0772,,,,,
Greece,GRC,1956,6.2874,,,,,
Grenada,GRD,1956,0.011,,,,,
Guatemala,GTM,1956,0.9783,,,,,
Guinea,GIN,1956,0.3099,,,,,
Guinea-Bissau,GNB,1956,0.011,,,,,
Guyana,GUY,1956,0.5496,,,,,
Haiti,HTI,1956,0.2638,,,,,
Honduras,HND,1956,0.4543,,,,,
Hungary,HUN,1956,33.1702,,,,,
Iceland,ISL,1956,0.949,,,,,
India,IND,1956,88.4563,,,,,
Indonesia,IDN,1956,21.8118,,,,,
Iran,IRN,1956,10.054,,,,,
Iraq,IRQ,1956,6.3973,,,,,
Ireland,IRL,1956,10.9224,,,,,
Israel,ISR,1956,4.7962,,,,,
Italy,ITA,1956,83.5209,,,,,
Jamaica,JAM,1956,1.2604,,,,,
Japan,JPN,1956,160.6884,,,,,
Jordan,JOR,1956,0.4507,,,,,
Kazakhstan,KAZ,1956,81.199,,,,,
Kenya,KEN,1956,2.2204,,,,,
Korea (North),PRK,1956,8.9658,,,,,
Korea (South),KOR,1956,7.5552,,,,,
Kuwait,KWT,1956,1.0406,,,,,
Kyrgyzstan,KGZ,1956,5.1634,,,,,
Laos,LAO,1956,0.0586,,,,,
Latvia,LVA,1956,5.0666,,,,,
Lebanon,LBN,1956,1.843,,,,,
Liberia,LBR,1956,0.0476,,,,,
Libya,LBY,1956,0.3298,,,,,
Lithuania,LTU,1956,8.5317,,,,,
Luxembourg,LUX,1956,10.3691,,,,,
"Macedonia, FYR",MKD,1956,2.162,,,,,
Madagascar,MDG,1956,0.3188,,,,,
Malawi,MWI,1956,0.4281,,,,,
Malaysia,MYS,1956,6.985,,,,,
Mali,MLI,1956,0.0733,,,,,
Malta,MLT,1956,0.2968,,,,,
Mauritania,MRT,1956,0.0326,,,,,
Mauritius,MUS,1956,0.2162,,,,,
Mexico,MEX,1956,37.6073,,,,,
Moldova,MDA,1956,7.4104,,,,,
Mongolia,MNG,1956,0.6888,,,,,
Morocco,MAR,1956,3.5248,,,,,
Mozambique,MOZ,1956,1.5499,,,,,
Myanmar,MMR,1956,1.6561,,,,,
Nepal,NPL,1956,0.0476,,,,,
Netherlands,NLD,1956,65.0836,,,,,
New Zealand,NZL,1956,9.6766,,,,,
Nicaragua,NIC,1956,0.3774,,,,,
Niger,NER,1956,0.0317,,,,,
Nigeria,NGA,1956,3.0155,,,,,
Norway,NOR,1956,11.9556,,,,,
Pakistan,PAK,1956,8.6678,,,,,
Panama,PAN,1956,0.6339,,,,,
Papua New Guinea,PNG,1956,0.1282,,,,,
Paraguay,PRY,1956,0.1979,,,,,
Peru,PER,1956,6.3131,,,,,
Philippines,PHL,1956,6.2508,,,,,
Poland,POL,1956,166.4335,,,,,
Portugal,PRT,1956,7.1668,,,,,
Qatar,QAT,1956,0.5056,,,,,
Romania,ROU,1956,40.7876,,,,,
Russian Federation,RUS,1956,696.6964,,,,,
Rwanda,RWA,1956,0.0146,,,,,
Saint Lucia,LCA,1956,0.011,,,,,
Saint Vincent & Grenadines,VCT,1956,0.0073,,,,,
Samoa,WSM,1956,0.011,,,,,
Sao Tome & Principe,STP,1956,0.0073,,,,,
Saudi Arabia,SAU,1956,1.6305,,,,,
Senegal,SEN,1956,0.4708,,,,,
Serbia,SRB,1956,12.3165,,,,,
Sierra Leone,SLE,1956,0.1795,,,,,
Singapore,SGP,1956,4.1535,,,,,
Slovakia,SVK,1956,23.4598,,,,,
Slovenia,SVN,1956,3.3536,,,,,
Solomon Islands,SLB,1956,0.011,,,,,
South Africa,ZAF,1956,87.2728,,,,,
Spain,ESP,1956,42.3522,,,,,
Sri Lanka,LKA,1956,1.418,,,,,
Sudan,SDN,1956,0.8977,,,,,
Suriname,SUR,1956,0.3408,,,,,
Swaziland,SWZ,1956,0.0037,,,,,
Sweden,SWE,1956,43.3854,,,,,
Switzerland,CHE,1956,17.0669,,,,,
Syria,SYR,1956,2.0042,,,,,
Taiwan,TWN,1956,7.6871,,,,,
Tajikistan,TJK,1956,2.5948,,,,,
Tanzania,TZA,1956,0.6632,,,,,
Thailand,THA,1956,2.6234,,,,,
Togo,TGO,1956,0.0403,,,,,
Tonga,TON,1956,0.0073,,,,,
Trinidad & Tobago,TTO,1956,2.8836,,,,,
Tunisia,TUN,1956,1.5609,,,,,
Turkey,TUR,1956,14.3629,,,,,
Turkmenistan,TKM,1956,12.0087,,,,,
Uganda,UGA,1956,0.2638,,,,,
Ukraine,UKR,1956,199.0924,,,,,
United Kingdom,GBR,1956,574.0096,,,,,
United States of America,USA,1956,2806.3712,,,,,
Uruguay,URY,1956,4.0194,,,,,
Uzbekistan,UZB,1956,41.969,,,,,
Venezuela,VEN,1956,24.3546,,,,,
Vietnam,VNM,1956,2.9092,,,,,
Yemen,YEM,1956,2.3303,,,,,
Zambia,ZMB,1956,4.0174,,,,,
Zimbabwe,ZWE,1956,6.5355,,,,,
World,WLD,1956,7859.28,5275.966666666667,,,,
Afghanistan,AFG,1957,0.2931,,,,,
Albania,ALB,1957,1.5059,,,,,
Algeria,DZA,1957,5.54,,,,,
Angola,AGO,1957,0.6192,,,,,
Antigua & Barbuda,ATG,1957,0.022,,,,,
Argentina,ARG,1957,47.6173,,,,,
Armenia,ARM,1957,4.6993,,,,,
Australia,AUS,1957,74.5258,,,,,
Austria,AUT,1957,29.1874,,,,,
Azerbaijan,AZE,1957,17.7974,,,,,
Bahamas,BHS,1957,0.1759,,,,,
Bahrain,BHR,1957,0.7548,,,,,
Bangladesh,BGD,1957,1.82,,,,,
Barbados,BRB,1957,0.1392,,,,,
Belarus,BLR,1957,38.561,,,,,
Belgium,BEL,1957,96.5024,,,,,
Belize,BLZ,1957,0.0293,,,,,
Benin,BEN,1957,0.0807,,,,,
Bolivia,BOL,1957,1.0076,,,,,
Bosnia & Herzegovina,BIH,1957,4.168,,,,,
Brazil,BRA,1957,35.8083,,,,,
Brunei,BRN,1957,0.2931,,,,,
Bulgaria,BGR,1957,14.3922,,,,,
Burkina Faso,BFA,1957,0.0392,,,,,
Burundi,BDI,1957,0.0126,,,,,
Cambodia,KHM,1957,0.1612,,,,,
Cameroon,CMR,1957,0.2601,,,,,
Canada,CAN,1957,178.642,,,,,
Cape Verde,CPV,1957,0.0183,,,,,
Central African Republic,CAF,1957,0.0655,,,,,
Chad,TCD,1957,0.0536,,,,,
Chile,CHL,1957,11.3144,,,,,
China,CHN,1957,256.3444,,,,,
Colombia,COL,1957,13.6557,,,,,
Congo,COG,1957,0.1789,,,,,
"Congo, Dem. Republic",COD,1957,3.3306,,,,,
Costa Rica,CRI,1957,0.4617,,,,,
Cote d'Ivoire,CIV,1957,0.3447,,,,,
Croatia,HRV,1957,4.8306,,,,,
Cuba,CUB,1957,13.8682,,,,,
Cyprus,CYP,1957,0.8171,,,,,
Czech Republic,CZE,1957,87.585,,,,,
Denmark,DNK,1957,24.9042,,,,,
Djibouti,DJI,1957,0.044,,,,,
Dominica,DMA,1957,0.0037,,,,,
Dominican Republic,DOM,1957,1.0332,,,,,
Ecuador,ECU,1957,1.1322,,,,,
Egypt,EGY,1957,11.9227,,,,,
El Salvador,SLV,1957,0.5972,,,,,
Equatorial Guinea,GNQ,1957,0.033,,,,,
Estonia,EST,1957,9.9179,,,,,
Ethiopia,ETH,1957,0.3224,,,,,
Fiji,FJI,1957,0.1612,,,,,
Finland,FIN,1957,12.2451,,,,,
France,FRA,1957,277.548,,,,,
Gabon,GAB,1957,0.0758,,,,,
Gambia,GMB,1957,0.022,,,,,
Georgia,GEO,1957,8.1401,,,,,
Germany,DEU,1957,777.9625,,,,,
Ghana,GHA,1957,1.2897,,,,,
Greece,GRC,1957,6.8187,,,,,
Grenada,GRD,1957,0.011,,,,,
Guatemala,GTM,1957,0.9856,,,,,
Guinea,GIN,1957,0.316,,,,,
Guinea-Bissau,GNB,1957,0.011,,,,,
Guyana,GUY,1957,0.5386,,,,,
Haiti,HTI,1957,0.2528,,,,,
Honduras,HND,1957,0.5752,,,,,
Hungary,HUN,1957,38.45,,,,,
Iceland,ISL,1957,0.9636,,,,,
India,IND,1957,99.2358,,,,,
Indonesia,IDN,1957,22.4164,,,,,
Iran,IRN,1957,13.1391,,,,,
Iraq,IRQ,1957,5.9723,,,,,
Ireland,IRL,1957,9.7206,,,,,
Israel,ISR,1957,5.1736,,,,,
Italy,ITA,1957,87.1263,,,,,
Jamaica,JAM,1957,1.6048,,,,,
Japan,JPN,1957,188.1317,,,,,
Jordan,JOR,1957,0.4946,,,,,
Kazakhstan,KAZ,1957,88.8368,,,,,
Kenya,KEN,1957,2.2827,,,,,
Korea (North),PRK,1957,11.2924,,,,,
Korea (South),KOR,1957,8.2147,,,,,
Kuwait,KWT,1957,2.1984,,,,,
Kyrgyzstan,KGZ,1957,5.6542,,,,,
Laos,LAO,1957,0.0586,,,,,
Latvia,LVA,1957,5.5443,,,,,
Lebanon,LBN,1957,2.0225,,,,,
Liberia,LBR,1957,0.0843,,,,,
Libya,LBY,1957,0.3114,,,,,
Lithuania,LTU,1957,9.3414,,,,,
Luxembourg,LUX,1957,10.8344,,,,,
"Macedonia, FYR",MKD,1957,2.3498,,,,,
Madagascar,MDG,1957,0.3151,,,,,
Malawi,MWI,1957,0.4423,,,,,
Malaysia,MYS,1957,2.9788,,,,,
Mali,MLI,1957,0.0748,,,,,
Malta,MLT,1957,0.3078,,,,,
Mauritania,MRT,1957,0.0333,,,,,
Mauritius,MUS,1957,0.2198,,,,,
Mexico,MEX,1957,43.2279,,,,,
Moldova,MDA,1957,8.106,,,,,
Mongolia,MNG,1957,0.7621,,,,,
Morocco,MAR,1957,3.0594,,,,,
Mozambique,MOZ,1957,1.7697,,,,,
Myanmar,MMR,1957,2.0995,,,,,
Nepal,NPL,1957,0.055,,,,,
Netherlands,NLD,1957,64.4095,,,,,
New Zealand,NZL,1957,10.3068,,,,,
Nicaragua,NIC,1957,0.4177,,,,,
Niger,NER,1957,0.0324,,,,,
Nigeria,NGA,1957,3.184,,,,,
Norway,NOR,1957,11.3621,,,,,
Pakistan,PAK,1957,8.9742,,,,,
Panama,PAN,1957,0.7621,,,,,
Papua New Guinea,PNG,1957,0.1466,,,,,
Paraguay,PRY,1957,0.2125,,,,,
Peru,PER,1957,6.6758,,,,,
Philippines,PHL,1957,6.7308,,,,,
Poland,POL,1957,178.7006,,,,,
Portugal,PRT,1957,7.786,,,,,
Qatar,QAT,1957,0.3114,,,,,
Romania,ROU,1957,45.9392,,,,,
Russian Federation,RUS,1957,762.4155,,,,,
Rwanda,RWA,1957,0.0167,,,,,
Saint Lucia,LCA,1957,0.011,,,,,
Saint Vincent & Grenadines,VCT,1957,0.0073,,,,,
Samoa,WSM,1957,0.0147,,,,,
Sao Tome & Principe,STP,1957,0.011,,,,,
Saudi Arabia,SAU,1957,2.0995,,,,,
Senegal,SEN,1957,0.4823,,,,,
Serbia,SRB,1957,13.3519,,,,,
Sierra Leone,SLE,1957,0.3884,,,,,
Singapore,SGP,1957,1.7331,,,,,
Slovakia,SVK,1957,24.5297,,,,,
Slovenia,SVN,1957,3.648,,,,,
Solomon Islands,SLB,1957,0.011,,,,,
South Africa,ZAF,1957,89.6654,,,,,
Spain,ESP,1957,50.2334,,,,,
Sri Lanka,LKA,1957,2.3156,,,,,
Sudan,SDN,1957,1.1542,,,,,
Suriname,SUR,1957,0.3737,,,,,
Swaziland,SWZ,1957,0.0037,,,,,
Sweden,SWE,1957,38.8531,,,,,
Switzerland,CHE,1957,17.7008,,,,,
Syria,SYR,1957,1.9822,,,,,
Taiwan,TWN,1957,8.1854,,,,,
Tajikistan,TJK,1957,2.8402,,,,,
Tanzania,TZA,1957,0.7621,,,,,
Thailand,THA,1957,2.9202,,,,,
Togo,TGO,1957,0.0476,,,,,
Tonga,TON,1957,0.0073,,,,,
Trinidad & Tobago,TTO,1957,2.5685,,,,,
Tunisia,TUN,1957,1.5755,,,,,
Turkey,TUR,1957,15.975,,,,,
Turkmenistan,TKM,1957,13.1418,,,,,
Uganda,UGA,1957,0.2785,,,,,
Ukraine,UKR,1957,217.8683,,,,,
United Kingdom,GBR,1957,570.3969,,,,,
United States of America,USA,1957,2785.054,,,,,
Uruguay,URY,1957,4.4334,,,,,
Uzbekistan,UZB,1957,45.9525,,,,,
Venezuela,VEN,1957,26.2672,,,,,
Vietnam,VNM,1957,2.8799,,,,,
Yemen,YEM,1957,2.9568,,,,,
Zambia,ZMB,1957,4.1387,,,,,
Zimbabwe,ZWE,1957,6.7261,,,,,
World,WLD,1957,8189.04,5386.7,,,,
Afghanistan,AFG,1958,0.3298,,,,,
Albania,ALB,1958,1.2018,,,,,
Algeria,DZA,1958,5.2175,,,,,
Angola,AGO,1958,0.5936,,,,,
Antigua & Barbuda,ATG,1958,0.0293,,,,,
Argentina,ARG,1958,44.2025,,,,,
Armenia,ARM,1958,5.0157,,,,,
Australia,AUS,1958,77.6182,,,,,
Austria,AUT,1958,28.0956,,,,,
Azerbaijan,AZE,1958,18.9872,,,,,
Bahamas,BHS,1958,0.1795,,,,,
Bahrain,BHR,1958,1.2897,,,,,
Bangladesh,BGD,1958,2.0546,,,,,
Barbados,BRB,1958,0.1539,,,,,
Belarus,BLR,1958,41.1514,,,,,
Belgium,BEL,1958,87.7015,,,,,
Belize,BLZ,1958,0.0403,,,,,
Benin,BEN,1958,0.1246,,,,,
Bolivia,BOL,1958,0.9197,,,,,
Bosnia & Herzegovina,BIH,1958,4.1068,,,,,
Brazil,BRA,1958,38.7578,,,,,
Brunei,BRN,1958,0.3224,,,,,
Bulgaria,BGR,1958,15.6306,,,,,
Burkina Faso,BFA,1958,0.0037,,,,,
Burundi,BDI,1958,0.0126,,,,,
Cambodia,KHM,1958,0.1979,,,,,
Cameroon,CMR,1958,0.2821,,,,,
Canada,CAN,1958,178.0411,,,,,
Cape Verde,CPV,1958,0.0147,,,,,
Central African Republic,CAF,1958,0.0752,,,,,
Chad,TCD,1958,0.0614,,,,,
Chile,CHL,1958,11.6698,,,,,
China,CHN,1958,525.381,,,,,
Colombia,COL,1958,13.9818,,,,,
Congo,COG,1958,0.2052,,,,,
"Congo, Dem. Republic",COD,1958,2.9312,,,,,
Costa Rica,CRI,1958,0.447,,,,,
Cote d'Ivoire,CIV,1958,0.4983,,,,,
Croatia,HRV,1958,4.762,,,,,
Cuba,CUB,1958,18.0012,,,,,
Cyprus,CYP,1958,0.7694,,,,,
Czech Republic,CZE,1958,95.6927,,,,,
Denmark,DNK,1958,26.7912,,,,,
Djibouti,DJI,1958,0.0476,,,,,
Dominica,DMA,1958,0.0073,,,,,
Dominican Republic,DOM,1958,1.0662,,,,,
Ecuador,ECU,1958,1.3227,,,,,
Egypt,EGY,1958,13.6887,,,,,
El Salvador,SLV,1958,0.5972,,,,,
Equatorial Guinea,GNQ,1958,0.0476,,,,,
Estonia,EST,1958,10.5847,,,,,
Ethiopia,ETH,1958,0.3188,,,,,
Fiji,FJI,1958,0.1759,,,,,
Finland,FIN,1958,10.6109,,,,,
France,FRA,1958,266.2079,,,,,
Gabon,GAB,1958,0.0869,,,,,
Gambia,GMB,1958,0.0256,,,,,
Georgia,GEO,1958,8.6845,,,,,
Germany,DEU,1958,756.4438,,,,,
Ghana,GHA,1958,1.363,,,,,
Greece,GRC,1958,7.4526,,,,,
Grenada,GRD,1958,0.0147,,,,,
Guatemala,GTM,1958,1.1285,,,,,
Guinea,GIN,1958,0.1649,,,,,
Guinea-Bissau,GNB,1958,0.011,,,,,
Guyana,GUY,1958,0.458,,,,,
Haiti,HTI,1958,0.2748,,,,,
Honduras,HND,1958,0.5862,,,,,
Hungary,HUN,1958,39.2488,,,,,
Iceland,ISL,1958,1.0919,,,,,
India,IND,1958,103.7278,,,,,
Indonesia,IDN,1958,22.2038,,,,,
Iran,IRN,1958,15.3595,,,,,
Iraq,IRQ,1958,6.6685,,,,,
Ireland,IRL,1958,8.9585,,,,,
Israel,ISR,1958,5.54,,,,,
Italy,ITA,1958,87.6465,,,,,
Jamaica,JAM,1958,1.3593,,,,,
Japan,JPN,1958,181.2214,,,,,
Jordan,JOR,1958,0.524,,,,,
Kazakhstan,KAZ,1958,94.7929,,,,,
Kenya,KEN,1958,2.0885,,,,,
Korea (North),PRK,1958,15.638,,,,,
Korea (South),KOR,1958,9.0061,,,,,
Kuwait,KWT,1958,3.6896,,,,,
Kyrgyzstan,KGZ,1958,6.0406,,,,,
Laos,LAO,1958,0.0733,,,,,
Latvia,LVA,1958,5.9177,,,,,
Lebanon,LBN,1958,1.9529,,,,,
Liberia,LBR,1958,0.1612,,,,,
Libya,LBY,1958,0.3481,,,,,
Lithuania,LTU,1958,9.9782,,,,,
Luxembourg,LUX,1958,10.087,,,,,
"Macedonia, FYR",MKD,1958,2.3159,,,,,
Madagascar,MDG,1958,0.3737,,,,,
Malawi,MWI,1958,0.3987,,,,,
Malaysia,MYS,1958,3.2426,,,,,
Malta,MLT,1958,0.3298,,,,,
Mauritius,MUS,1958,0.2125,,,,,
Mexico,MEX,1958,46.6391,,,,,
Moldova,MDA,1958,8.6475,,,,,
Mongolia,MNG,1958,1.1322,,,,,
Morocco,MAR,1958,3.2646,,,,,
Mozambique,MOZ,1958,1.8173,,,,,
Myanmar,MMR,1958,2.4109,,,,,
Nepal,NPL,1958,0.0586,,,,,
Netherlands,NLD,1958,66.6958,,,,,
New Zealand,NZL,1958,10.1823,,,,,
Nicaragua,NIC,1958,0.6009,,,,,
Niger,NER,1958,0.0256,,,,,
Nigeria,NGA,1958,3.7226,,,,,
Norway,NOR,1958,11.1899,,,,,
Pakistan,PAK,1958,10.0695,,,,,
Panama,PAN,1958,0.9233,,,,,
Papua New Guinea,PNG,1958,0.1466,,,,,
Paraguay,PRY,1958,0.2418,,,,,
Peru,PER,1958,7.3756,,,,,
Philippines,PHL,1958,7.5625,,,,,
Poland,POL,1958,176.7587,,,,,
Portugal,PRT,1958,7.5588,,,,,
Qatar,QAT,1958,0.1685,,,,,
Romania,ROU,1958,49.8011,,,,,
Russian Federation,RUS,1958,813.8039,,,,,
Rwanda,RWA,1958,0.0167,,,,,
Saint Lucia,LCA,1958,0.011,,,,,
Saint Vincent & Grenadines,VCT,1958,0.011,,,,,
Samoa,WSM,1958,0.011,,,,,
Sao Tome & Principe,STP,1958,0.0073,,,,,
Saudi Arabia,SAU,1958,3.3599,,,,,
Senegal,SEN,1958,0.3554,,,,,
Serbia,SRB,1958,13.1577,,,,,
Sierra Leone,SLE,1958,0.2052,,,,,
Singapore,SGP,1958,2.2973,,,,,
Slovakia,SVK,1958,26.8094,,,,,
Slovenia,SVN,1958,3.5955,,,,,
Solomon Islands,SLB,1958,0.011,,,,,
South Africa,ZAF,1958,96.2643,,,,,
Spain,ESP,1958,55.8943,,,,,
Sri Lanka,LKA,1958,1.9529,,,,,
Sudan,SDN,1958,1.2934,,,,,
Suriname,SUR,1958,0.3188,,,,,
Swaziland,SWZ,1958,0.0037,,,,,
Sweden,SWE,1958,42.0774,,,,,
Switzerland,CHE,1958,16.2901,,,,,
Syria,SYR,1958,2.1691,,,,,
Taiwan,TWN,1958,9.5777,,,,,
Tajikistan,TJK,1958,3.0326,,,,,
Tanzania,TZA,1958,0.8024,,,,,
Thailand,THA,1958,3.0191,,,,,
Togo,TGO,1958,0.0476,,,,,
Tonga,TON,1958,0.0073,,,,,
Trinidad & Tobago,TTO,1958,3.4808,,,,,
Tunisia,TUN,1958,1.4509,,,,,
Turkey,TUR,1958,16.0373,,,,,
Turkmenistan,TKM,1958,14.028,,,,,
Uganda,UGA,1958,0.2931,,,,,
Ukraine,UKR,1958,232.5466,,,,,
United Kingdom,GBR,1958,555.9351,,,,,
United States of America,USA,1958,2706.8276,,,,,
Uruguay,URY,1958,3.9791,,,,,
Uzbekistan,UZB,1958,49.0857,,,,,
Venezuela,VEN,1958,15.9274,,,,,
Vietnam,VNM,1958,5.016,,,,,
Yemen,YEM,1958,1.8833,,,,,
Zambia,ZMB,1958,3.7009,,,,,
Zimbabwe,ZWE,1958,5.9984,,,,,
World,WLD,1958,8408.88,5576.266666666666,,,,
Afghanistan,AFG,1959,0.3847,,,,,
Albania,ALB,1959,1.4436,,,,,
Algeria,DZA,1959,5.6609,,,,,
Angola,AGO,1959,0.6192,,,,,
Antigua & Barbuda,ATG,1959,0.0293,,,,,
Argentina,ARG,1959,48.9584,,,,,
Armenia,ARM,1959,5.2729,,,,,
Australia,AUS,1959,83.7187,,,,,
Austria,AUT,1959,27.9197,,,,,
Azerbaijan,AZE,1959,19.9482,,,,,
Bahamas,BHS,1959,0.2601,,,,,
Bahrain,BHR,1959,1.3117,,,,,
Bangladesh,BGD,1959,1.9972,,,,,
Barbados,BRB,1959,0.1539,,,,,
Belarus,BLR,1959,43.2533,,,,,
Belgium,BEL,1959,88.328,,,,,
Belize,BLZ,1959,0.0403,,,,,
Benin,BEN,1959,0.1026,,,,,
Bolivia,BOL,1959,0.949,,,,,
Bosnia & Herzegovina,BIH,1959,4.7107,,,,,
Brazil,BRA,1959,38.5856,,,,,
Brunei,BRN,1959,0.3298,,,,,
Bulgaria,BGR,1959,19.628,,,,,
Burkina Faso,BFA,1959,0.0073,,,,,
Burundi,BDI,1959,0.0472,,,,,
Cambodia,KHM,1959,0.2125,,,,,
Cameroon,CMR,1959,0.2785,,,,,
Canada,CAN,1959,181.3497,,,,,
Cape Verde,CPV,1959,0.0183,,,,,
Central African Republic,CAF,1959,0.0989,,,,,
Chad,TCD,1959,0.0623,,,,,
Chile,CHL,1959,11.5929,,,,,
China,CHN,1959,721.1595,,,,,
Colombia,COL,1959,15.594,,,,,
Comoros,COM,1959,0.011,,,,,
Congo,COG,1959,0.1869,,,,,
"Congo, Dem. Republic",COD,1959,2.7004,,,,,
Costa Rica,CRI,1959,0.3847,,,,,
Cote d'Ivoire,CIV,1959,0.5459,,,,,
Croatia,HRV,1959,5.456,,,,,
Cuba,CUB,1959,15.6673,,,,,
Cyprus,CYP,1959,0.8317,,,,,
Czech Republic,CZE,1959,95.7437,,,,,
Denmark,DNK,1959,26.0364,,,,,
Djibouti,DJI,1959,0.0366,,,,,
Dominica,DMA,1959,0.011,,,,,
Dominican Republic,DOM,1959,1.1139,,,,,
Ecuador,ECU,1959,1.2934,,,,,
Egypt,EGY,1959,12.7141,,,,,
El Salvador,SLV,1959,0.6046,,,,,
Equatorial Guinea,GNQ,1959,0.0476,,,,,
Estonia,EST,1959,11.1262,,,,,
Ethiopia,ETH,1959,0.3371,,,,,
Fiji,FJI,1959,0.1979,,,,,
Finland,FIN,1959,13.5605,,,,,
France,FRA,1959,261.9467,,,,,
Gabon,GAB,1959,0.0256,,,,,
Gambia,GMB,1959,0.0183,,,,,
Georgia,GEO,1959,9.1243,,,,,
Germany,DEU,1959,755.8576,,,,,
Ghana,GHA,1959,1.3264,,,,,
Greece,GRC,1959,8.1268,,,,,
Grenada,GRD,1959,0.0147,,,,,
Guatemala,GTM,1959,1.2384,,,,,
Guinea,GIN,1959,0.1576,,,,,
Guinea-Bissau,GNB,1959,0.0147,,,,,
Guyana,GUY,1959,0.5533,,,,,
Haiti,HTI,1959,0.2528,,,,,
Honduras,HND,1959,0.5862,,,,,
Hungary,HUN,1959,41.9125,,,,,
Iceland,ISL,1959,1.2384,,,,,
India,IND,1959,109.7331,,,,,
Indonesia,IDN,1959,23.8636,,,,,
Iran,IRN,1959,14.3629,,,,,
Iraq,IRQ,1959,7.317,,,,,
Ireland,IRL,1959,12.3147,,,,,
Israel,ISR,1959,5.6059,,,,,
Italy,ITA,1959,94.1428,,,,,
Jamaica,JAM,1959,1.8393,,,,,
Japan,JPN,1959,192.6898,,,,,
Jordan,JOR,1959,0.6559,,,,,
Kazakhstan,KAZ,1959,99.6168,,,,,
Kenya,KEN,1959,2.2057,,,,,
Korea (North),PRK,1959,19.8699,,,,,
Korea (South),KOR,1959,11.2228,,,,,
Kuwait,KWT,1959,3.7996,,,,,
Kyrgyzstan,KGZ,1959,6.3593,,,,,
Laos,LAO,1959,0.0769,,,,,
Latvia,LVA,1959,6.2214,,,,,
Lebanon,LBN,1959,2.4219,,,,,
Liberia,LBR,1959,0.1429,,,,,
Libya,LBY,1959,0.4287,,,,,
Lithuania,LTU,1959,10.5021,,,,,
Luxembourg,LUX,1959,10.4204,,,,,
"Macedonia, FYR",MKD,1959,2.6549,,,,,
Madagascar,MDG,1959,0.3737,,,,,
Malawi,MWI,1959,0.4391,,,,,
Malaysia,MYS,1959,2.6234,,,,,
Mali,MLI,1959,0.0476,,,,,
Malta,MLT,1959,0.3884,,,,,
Mauritania,MRT,1959,0.033,,,,,
Mauritius,MUS,1959,0.2235,,,,,
Mexico,MEX,1959,49.4677,,,,,
Moldova,MDA,1959,9.0845,,,,,
Mongolia,MNG,1959,1.341,,,,,
Morocco,MAR,1959,3.3709,,,,,
Mozambique,MOZ,1959,1.7954,,,,,
Myanmar,MMR,1959,2.7773,,,,,
Nepal,NPL,1959,0.066,,,,,
Netherlands,NLD,1959,67.1245,,,,,
New Zealand,NZL,1959,10.3215,,,,,
Nicaragua,NIC,1959,0.48,,,,,
Niger,NER,1959,0.022,,,,,
Nigeria,NGA,1959,3.5687,,,,,
Norway,NOR,1959,11.8127,,,,,
Pakistan,PAK,1959,9.7642,,,,,
Panama,PAN,1959,0.9929,,,,,
Papua New Guinea,PNG,1959,0.1612,,,,,
Paraguay,PRY,1959,0.3041,,,,,
Peru,PER,1959,7.2181,,,,,
Philippines,PHL,1959,7.2291,,,,,
Poland,POL,1959,189.6816,,,,,
Portugal,PRT,1959,7.9839,,,,,
Qatar,QAT,1959,0.1832,,,,,
Romania,ROU,1959,50.6548,,,,,
Russian Federation,RUS,1959,855.6334,,,,,
Rwanda,RWA,1959,0.0627,,,,,
Saint Lucia,LCA,1959,0.011,,,,,
Saint Vincent & Grenadines,VCT,1959,0.011,,,,,
Samoa,WSM,1959,0.0147,,,,,
Sao Tome & Principe,STP,1959,0.0073,,,,,
Saudi Arabia,SAU,1959,1.854,,,,,
Senegal,SEN,1959,0.3884,,,,,
Serbia,SRB,1959,15.0878,,,,,
Sierra Leone,SLE,1959,0.2382,,,,,
Singapore,SGP,1959,1.799,,,,,
Slovakia,SVK,1959,26.8757,,,,,
Slovenia,SVN,1959,4.1214,,,,,
Solomon Islands,SLB,1959,0.011,,,,,
South Africa,ZAF,1959,94.4836,,,,,
Spain,ESP,1959,52.1021,,,,,
Sri Lanka,LKA,1959,2.0518,,,,,
Sudan,SDN,1959,1.3667,,,,,
Suriname,SUR,1959,0.3664,,,,,
Swaziland,SWZ,1959,0.0037,,,,,
Sweden,SWE,1959,42.3998,,,,,
Switzerland,CHE,1959,16.6089,,,,,
Syria,SYR,1959,2.224,,,,,
Taiwan,TWN,1959,10.9957,,,,,
Tajikistan,TJK,1959,3.1899,,,,,
Tanzania,TZA,1959,0.6852,,,,,
Thailand,THA,1959,3.3232,,,,,
Togo,TGO,1959,0.055,,,,,
Tonga,TON,1959,0.0073,,,,,
Trinidad & Tobago,TTO,1959,3.0924,,,,,
Tunisia,TUN,1959,1.5938,,,,,
Turkey,TUR,1959,17.2025,,,,,
Turkmenistan,TKM,1959,14.7497,,,,,
Uganda,UGA,1959,0.414,,,,,
Ukraine,UKR,1959,244.4896,,,,,
United Arab Emirates,ARE,1959,0.011,,,,,
United Kingdom,GBR,1959,546.5003,,,,,
United States of America,USA,1959,2792.873,,,,,
Uruguay,URY,1959,4.3895,,,,,
Uzbekistan,UZB,1959,51.6636,,,,,
Venezuela,VEN,1959,29.4732,,,,,
Vietnam,VNM,1959,6.6062,,,,,
Yemen,YEM,1959,2.6014,,,,,
Zambia,ZMB,1959,4.1206,,,,,
Zimbabwe,ZWE,1959,6.7034,,,,,
World,WLD,1959,8855.888,5125.266666666666,,,,
Afghanistan,AFG,1960,0.4177,,,,,
Albania,ALB,1960,2.0225,,,,,
Algeria,DZA,1960,6.1555,,,,,
Angola,AGO,1960,0.5533,,,,,
Antigua & Barbuda,ATG,1960,0.0366,,,,,
Argentina,ARG,1960,48.7752,,,,,
Armenia,ARM,1960,5.4892,,,,,
Australia,AUS,1960,88.1302,,,,,
Austria,AUT,1960,30.7959,,,,,
Azerbaijan,AZE,1960,20.7494,,,,,
Bahamas,BHS,1960,0.4104,,,,,
Bahrain,BHR,1960,0.5752,,,,,
Bangladesh,BGD,1960,2.4053,,,,,
Barbados,BRB,1960,0.1722,,,,,
Belarus,BLR,1960,45.0165,,,,,
Belgium,BEL,1960,90.9222,,,,,
Belize,BLZ,1960,0.044,,,,,
Benin,BEN,1960,0.1612,,,,,
Bolivia,BOL,1960,1.0039,,,,,
Bosnia & Herzegovina,BIH,1960,5.1466,,,,,
Brazil,BRA,1960,46.324,,,,,
Brunei,BRN,1960,0.3334,,,,,
Bulgaria,BGR,1960,22.2735,,,,,
Burkina Faso,BFA,1960,0.044,,,,,
Burundi,BDI,1960,0.0456,,,,,
Cambodia,KHM,1960,0.2345,,,,,
Cameroon,CMR,1960,0.2711,,,,,
Canada,CAN,1960,189.5314,,,,,
Cape Verde,CPV,1960,0.022,,,,,
Central African Republic,CAF,1960,0.0879,,,,,
Chad,TCD,1960,0.055,,,,,
Chile,CHL,1960,11.9446,,,,,
China,CHN,1960,780.0876,,,,,
Colombia,COL,1960,16.03,,,,,
Comoros,COM,1960,0.011,,,,,
Congo,COG,1960,0.2235,,,,,
"Congo, Dem. Republic",COD,1960,2.3193,,,,,
Costa Rica,CRI,1960,0.491,,,,,
Cote d'Ivoire,CIV,1960,0.4617,,,,,
Croatia,HRV,1960,5.9563,,,,,
Cuba,CUB,1960,13.685,,,,,
Cyprus,CYP,1960,0.8867,,,,,
Czech Republic,CZE,1960,102.1122,,,,,
Denmark,DNK,1960,29.759,,,,,
Djibouti,DJI,1960,0.0403,,,,,
Dominica,DMA,1960,0.011,,,,,
Dominican Republic,DOM,1960,1.0406,,,,,
Ecuador,ECU,1960,1.7624,,,,,
Egypt,EGY,1960,16.041,,,,,
El Salvador,SLV,1960,0.6192,,,,,
Equatorial Guinea,GNQ,1960,0.022,,,,,
Estonia,EST,1960,11.581,,,,,
Ethiopia,ETH,1960,0.3517,,,,,
Fiji,FJI,1960,0.1942,,,,,
Finland,FIN,1960,15.092,,,,,
France,FRA,1960,270.9968,,,,,
Gabon,GAB,1960,0.1356,,,,,
Gambia,GMB,1960,0.0183,,,,,
Georgia,GEO,1960,9.4911,,,,,
Germany,DEU,1960,814.0162,,,,,
Ghana,GHA,1960,1.4619,,,,,
Greece,GRC,1960,9.3945,,,,,
Grenada,GRD,1960,0.022,,,,,
Guatemala,GTM,1960,1.3447,,,,,
Guinea,GIN,1960,0.4104,,,,,
Guinea-Bissau,GNB,1960,0.0183,,,,,
Guyana,GUY,1960,0.6595,,,,,
Haiti,HTI,1960,0.2858,,,,,
Honduras,HND,1960,0.6156,,,,,
Hungary,HUN,1960,45.331,,,,,
Iceland,ISL,1960,1.2164,,,,,
India,IND,1960,120.4833,,,,,
Indonesia,IDN,1960,21.3904,,,,,
Iran,IRN,1960,24.6844,,,,,
Iraq,IRQ,1960,8.2587,,,,,
Ireland,IRL,1960,11.1752,,,,,
Israel,ISR,1960,6.4633,,,,,
Italy,ITA,1960,109.2678,,,,,
Jamaica,JAM,1960,1.4693,,,,,
Japan,JPN,1960,232.5907,,,,,
Jordan,JOR,1960,0.7438,,,,,
Kazakhstan,KAZ,1960,103.6534,,,,,
Kenya,KEN,1960,2.4292,,,,,
Korea (North),PRK,1960,23.7977,,,,,
Korea (South),KOR,1960,12.5382,,,,,
Kuwait,KWT,1960,7.797,,,,,
Kyrgyzstan,KGZ,1960,6.6324,,,,,
Laos,LAO,1960,0.0806,,,,,
Latvia,LVA,1960,6.4771,,,,,
Lebanon,LBN,1960,2.5465,,,,,
Liberia,LBR,1960,0.1649,,,,,
Libya,LBY,1960,0.6925,,,,,
Lithuania,LTU,1960,10.9496,,,,,
Luxembourg,LUX,1960,11.5086,,,,,
"Macedonia, FYR",MKD,1960,2.8994,,,,,
Madagascar,MDG,1960,0.3994,,,,,
Malawi,MWI,1960,0.4193,,,,,
Malaysia,MYS,1960,3.5651,,,,,
Mali,MLI,1960,0.1209,,,,,
Malta,MLT,1960,0.3371,,,,,
Mauritania,MRT,1960,0.0366,,,,,
Mauritius,MUS,1960,0.1795,,,,,
Mexico,MEX,1960,54.3774,,,,,
Moldova,MDA,1960,9.4485,,,,,
Mongolia,MNG,1960,1.2934,,,,,
Morocco,MAR,1960,3.6384,,,,,
Mozambique,MOZ,1960,1.8833,,,,,
Myanmar,MMR,1960,2.715,,,,,
Nepal,NPL,1960,0.0806,,,,,
Netherlands,NLD,1960,73.4449,,,,,
New Zealand,NZL,1960,11.5343,,,,,
Nicaragua,NIC,1960,0.5313,,,,,
Niger,NER,1960,0.0293,,,,,
Nigeria,NGA,1960,3.4075,,,,,
Norway,NOR,1960,13.0915,,,,,
Pakistan,PAK,1960,11.7414,,,,,
Panama,PAN,1960,0.9966,,,,,
Papua New Guinea,PNG,1960,0.1795,,,,,
Paraguay,PRY,1960,0.3041,,,,,
Peru,PER,1960,8.1707,,,,,
Philippines,PHL,1960,8.3283,,,,,
Poland,POL,1960,199.6037,,,,,
Portugal,PRT,1960,8.2184,,,,,
Qatar,QAT,1960,0.1759,,,,,
Romania,ROU,1960,53.4065,,,,,
Russian Federation,RUS,1960,890.8717,,,,,
Rwanda,RWA,1960,0.0606,,,,,
Saint Lucia,LCA,1960,0.0147,,,,,
Saint Vincent & Grenadines,VCT,1960,0.011,,,,,
Samoa,WSM,1960,0.0147,,,,,
Sao Tome & Principe,STP,1960,0.011,,,,,
Saudi Arabia,SAU,1960,2.6747,,,,,
Senegal,SEN,1960,0.8281,,,,,
Serbia,SRB,1960,16.4808,,,,,
Sierra Leone,SLE,1960,0.7145,,,,,
Singapore,SGP,1960,1.396,,,,,
Slovakia,SVK,1960,28.6669,,,,,
Slovenia,SVN,1960,4.5007,,,,,
Solomon Islands,SLB,1960,0.011,,,,,
South Africa,ZAF,1960,97.8581,,,,,
Spain,ESP,1960,48.8888,,,,,
Sri Lanka,LKA,1960,2.257,,,,,
Sudan,SDN,1960,1.363,,,,,
Suriname,SUR,1960,0.4324,,,,,
Swaziland,SWZ,1960,0.033,,,,,
Sweden,SWE,1960,49.1819,,,,,
Switzerland,CHE,1960,19.5071,,,,,
Syria,SYR,1960,3.2207,,,,,
Taiwan,TWN,1960,11.8787,,,,,
Tajikistan,TJK,1960,3.3232,,,,,
Tanzania,TZA,1960,0.8244,,,,,
Thailand,THA,1960,3.7116,,,,,
Togo,TGO,1960,0.066,,,,,
Tonga,TON,1960,0.011,,,,,
Trinidad & Tobago,TTO,1960,2.5758,,,,,
Tunisia,TUN,1960,1.7221,,,,,
Turkey,TUR,1960,16.8068,,,,,
Turkmenistan,TKM,1960,15.358,,,,,
Uganda,UGA,1960,0.4214,,,,,
Ukraine,UKR,1960,254.5451,,,,,
United Arab Emirates,ARE,1960,0.011,,,,,
United Kingdom,GBR,1960,583.8218,,,,,
United States of America,USA,1960,2858.0153,,,,,
Uruguay,URY,1960,4.3162,,,,,
Uzbekistan,UZB,1960,53.8661,,,,,
Venezuela,VEN,1960,25.2193,,,,,
Vietnam,VNM,1960,7.4856,,,,,
Yemen,YEM,1960,3.631,,,,,
Zambia,ZMB,1960,3.9298,,,,,
Zimbabwe,ZWE,1960,6.39,,,,,
World,WLD,1960,9266.256,5081.266666666666,,,,
Afghanistan,AFG,1961,0.491,,,,,
Albania,ALB,1961,2.2827,,,,,
Algeria,DZA,1961,6.0639,,,,,
Angola,AGO,1961,0.4507,,,,,
Antigua & Barbuda,ATG,1961,0.0476,,,,,
Argentina,ARG,1961,51.1384,,,,,
Armenia,ARM,1961,5.6603,,,,,
Australia,AUS,1961,90.5118,,,,,
Austria,AUT,1961,31.8365,,,,,
Azerbaijan,AZE,1961,21.3831,,,,,
Bahamas,BHS,1961,0.5459,,,,,
Bahrain,BHR,1961,1.7697,,,,,
Bangladesh,BGD,1961,2.4871,,,,,
Barbados,BRB,1961,0.1979,,,,,
Belarus,BLR,1961,46.4111,,,,,
Belgium,BEL,1961,92.7175,,,,,
Belize,BLZ,1961,0.0366,,,,,
Benin,BEN,1961,0.1282,,,,,
Bolivia,BOL,1961,1.0406,,,,,
Bosnia & Herzegovina,BIH,1961,5.4046,,,,,
Brazil,BRA,1961,48.6103,,,,,
Brunei,BRN,1961,0.3041,,,,,
Bulgaria,BGR,1961,25.9521,,,,,
Burkina Faso,BFA,1961,0.0916,,,,,
Burundi,BDI,1961,0.0598,,,,,
Cambodia,KHM,1961,0.2858,,,,,
Cameroon,CMR,1961,0.2821,,,,,
Canada,CAN,1961,190.0297,,,,,
Cape Verde,CPV,1961,0.022,,,,,
Central African Republic,CAF,1961,0.0879,,,,,
Chad,TCD,1961,0.0513,,,,,
Chile,CHL,1961,12.2011,,,,,
China,CHN,1961,551.6152,,,,,
Colombia,COL,1961,17.895,,,,,
Comoros,COM,1961,0.011,,,,,
Congo,COG,1961,0.2675,,,,,
"Congo, Dem. Republic",COD,1961,2.3596,,,,,
Costa Rica,CRI,1961,0.491,,,,,
Cote d'Ivoire,CIV,1961,0.5533,,,,,
Croatia,HRV,1961,6.2267,,,,,
Cuba,CUB,1961,12.1755,,,,,
Cyprus,CYP,1961,0.8647,,,,,
Czech Republic,CZE,1961,110.8445,,,,,
Denmark,DNK,1961,31.7083,,,,,
Djibouti,DJI,1961,0.044,,,,,
Dominica,DMA,1961,0.011,,,,,
Dominican Republic,DOM,1961,1.0332,,,,,
Ecuador,ECU,1961,1.6451,,,,,
Egypt,EGY,1961,17.0706,,,,,
El Salvador,SLV,1961,0.5826,,,,,
Equatorial Guinea,GNQ,1961,0.022,,,,,
Estonia,EST,1961,11.9407,,,,,
Ethiopia,ETH,1961,0.3408,,,,,
Fiji,FJI,1961,0.1649,,,,,
Finland,FIN,1961,14.9235,,,,,
France,FRA,1961,280.9775,,,,,
Gabon,GAB,1961,0.1649,,,,,
Gambia,GMB,1961,0.022,,,,,
Georgia,GEO,1961,9.7813,,,,,
Germany,DEU,1961,834.923,,,,,
Ghana,GHA,1961,1.3447,,,,,
Greece,GRC,1961,9.8159,,,,,
Grenada,GRD,1961,0.0183,,,,,
Guatemala,GTM,1961,1.407,,,,,
Guinea,GIN,1961,0.6156,,,,,
Guinea-Bissau,GNB,1961,0.0293,,,,,
Guyana,GUY,1961,0.7365,,,,,
Haiti,HTI,1961,0.2968,,,,,
Honduras,HND,1961,0.7365,,,,,
Hungary,HUN,1961,48.94,,,,,
Iceland,ISL,1961,1.0919,,,,,
India,IND,1961,130.2918,,,,,
Indonesia,IDN,1961,26.0034,,,,,
Iran,IRN,1961,22.1196,,,,,
Iraq,IRQ,1961,8.713,,,,,
Ireland,IRL,1961,12.355,,,,,
Israel,ISR,1961,7.0642,,,,,
Italy,ITA,1961,124.4478,,,,,
Jamaica,JAM,1961,2.1288,,,,,
Japan,JPN,1961,282.8828,,,,,
Jordan,JOR,1961,0.9783,,,,,
Kazakhstan,KAZ,1961,106.8461,,,,,
Kenya,KEN,1961,2.4036,,,,,
Kiribati,KIR,1961,0.0073,,,,,
Korea (North),PRK,1961,26.4358,,,,,
Korea (South),KOR,1961,14.4508,,,,,
Kuwait,KWT,1961,9.9734,,,,,
Kyrgyzstan,KGZ,1961,6.8484,,,,,
Laos,LAO,1961,0.1136,,,,,
Latvia,LVA,1961,6.6793,,,,,
Lebanon,LBN,1961,2.6491,,,,,
Liberia,LBR,1961,0.1612,,,,,
Libya,LBY,1961,1.1981,,,,,
Lithuania,LTU,1961,11.3035,,,,,
Luxembourg,LUX,1961,11.5819,,,,,
"Macedonia, FYR",MKD,1961,3.0377,,,,,
Madagascar,MDG,1961,0.3591,,,,,
Malawi,MWI,1961,0.3557,,,,,
Malaysia,MYS,1961,3.9974,,,,,
Mali,MLI,1961,0.1172,,,,,
Malta,MLT,1961,0.2931,,,,,
Mauritania,MRT,1961,0.0476,,,,,
Mauritius,MUS,1961,0.1869,,,,,
Mexico,MEX,1961,58.0964,,,,,
Moldova,MDA,1961,9.7364,,,,,
Mongolia,MNG,1961,1.3923,,,,,
Morocco,MAR,1961,3.7776,,,,,
Mozambique,MOZ,1961,2.6308,,,,,
Myanmar,MMR,1961,2.5904,,,,,
Nepal,NPL,1961,0.0806,,,,,
Netherlands,NLD,1961,75.8265,,,,,
New Zealand,NZL,1961,11.7578,,,,,
Nicaragua,NIC,1961,0.5606,,,,,
Niger,NER,1961,0.055,,,,,
Nigeria,NGA,1961,4.111,,,,,
Norway,NOR,1961,13.3406,,,,,
Pakistan,PAK,1961,12.1579,,,,,
Panama,PAN,1961,1.1029,,,,,
Papua New Guinea,PNG,1961,0.2015,,,,,
Paraguay,PRY,1961,0.3627,,,,,
Peru,PER,1961,8.636,,,,,
Philippines,PHL,1961,8.713,,,,,
Poland,POL,1961,207.2652,,,,,
Portugal,PRT,1961,9.0831,,,,,
Qatar,QAT,1961,0.1612,,,,,
Romania,ROU,1961,55.7294,,,,,
Russian Federation,RUS,1961,918.7446,,,,,
Rwanda,RWA,1961,0.0794,,,,,
Saint Lucia,LCA,1961,0.0183,,,,,
Saint Vincent & Grenadines,VCT,1961,0.011,,,,,
Samoa,WSM,1961,0.0183,,,,,
Sao Tome & Principe,STP,1961,0.011,,,,,
Saudi Arabia,SAU,1961,3.5651,,,,,
Senegal,SEN,1961,0.8134,,,,,
Serbia,SRB,1961,17.2868,,,,,
Sierra Leone,SLE,1961,0.2895,,,,,
Singapore,SGP,1961,2.0921,,,,,
Slovakia,SVK,1961,31.1062,,,,,
Slovenia,SVN,1961,4.7135,,,,,
Solomon Islands,SLB,1961,0.0147,,,,,
South Africa,ZAF,1961,102.1303,,,,,
Spain,ESP,1961,53.63,,,,,
Sri Lanka,LKA,1961,2.334,,,,,
Sudan,SDN,1961,1.385,,,,,
Suriname,SUR,1961,0.4287,,,,,
Swaziland,SWZ,1961,0.0037,,,,,
Sweden,SWE,1961,48.8155,,,,,
Switzerland,CHE,1961,20.3718,,,,,
Syria,SYR,1961,3.0631,,,,,
Taiwan,TWN,1961,12.5345,,,,,
Tajikistan,TJK,1961,3.4287,,,,,
Tanzania,TZA,1961,0.7035,,,,,
Thailand,THA,1961,4.144,,,,,
Togo,TGO,1961,0.0916,,,,,
Tonga,TON,1961,0.011,,,,,
Trinidad & Tobago,TTO,1961,4.5983,,,,,
Tunisia,TUN,1961,1.766,,,,,
Turkey,TUR,1961,17.349,,,,,
Turkmenistan,TKM,1961,15.8391,,,,,
Uganda,UGA,1961,0.4067,,,,,
Ukraine,UKR,1961,262.4989,,,,,
United Arab Emirates,ARE,1961,0.011,,,,,
United Kingdom,GBR,1961,588.4567,,,,,
United States of America,USA,1961,2849.9508,,,,,
Uruguay,URY,1961,4.1183,,,,,
Uzbekistan,UZB,1961,55.6084,,,,,
Venezuela,VEN,1961,22.5226,,,,,
Vietnam,VNM,1961,7.9802,,,,,
Yemen,YEM,1961,2.6637,,,,,
Zambia,ZMB,1961,3.3448,,,,,
Zimbabwe,ZWE,1961,5.4449,,,,,
World,WLD,1961,9299.232,5367.633333333334,,,,
Afghanistan,AFG,1962,0.6888,,,,,
Albania,ALB,1962,2.4622,,,,,
Algeria,DZA,1962,5.6682,,,,,
Angola,AGO,1962,1.1835,,,,,
Antigua & Barbuda,ATG,1962,0.1026,,,,,
Argentina,ARG,1962,53.652,,,,,
Armenia,ARM,1962,5.9403,,,,,
Australia,AUS,1962,94.8353,,,,,
Austria,AUT,1962,33.8737,,,,,
Azerbaijan,AZE,1962,22.4273,,,,,
Bahamas,BHS,1962,0.7255,,,,,
Bahrain,BHR,1962,1.5902,,,,,
Bangladesh,BGD,1962,2.7305,,,,,
Barbados,BRB,1962,0.2638,,,,,
Belarus,BLR,1962,48.6976,,,,,
Belgium,BEL,1962,98.0413,,,,,
Belize,BLZ,1962,0.0696,,,,,
Benin,BEN,1962,0.1356,,,,,
Bolivia,BOL,1962,1.0992,,,,,
Bosnia & Herzegovina,BIH,1962,5.5394,,,,,
Brazil,BRA,1962,53.1353,,,,,
Brunei,BRN,1962,0.3664,,,,,
Bulgaria,BGR,1962,30.7116,,,,,
Burkina Faso,BFA,1962,0.0843,,,,,
Burundi,BDI,1962,0.044,,,,,
Cambodia,KHM,1962,0.3078,,,,,
Cameroon,CMR,1962,0.2895,,,,,
Canada,CAN,1962,202.4067,,,,,
Cape Verde,CPV,1962,0.0183,,,,,
Central African Republic,CAF,1962,0.0733,,,,,
Chad,TCD,1962,0.0843,,,,,
Chile,CHL,1962,13.7144,,,,,
China,CHN,1962,439.9988,,,,,
Colombia,COL,1962,19.1554,,,,,
Comoros,COM,1962,0.011,,,,,
Congo,COG,1962,0.2382,,,,,
"Congo, Dem. Republic",COD,1962,2.1728,,,,,
Costa Rica,CRI,1962,0.5496,,,,,
Cote d'Ivoire,CIV,1962,0.5862,,,,,
Croatia,HRV,1962,6.4007,,,,,
Cuba,CUB,1962,14.1577,,,,,
Cyprus,CYP,1962,0.905,,,,,
Czech Republic,CZE,1962,118.1679,,,,,
Denmark,DNK,1962,36.9001,,,,,
Djibouti,DJI,1962,0.0476,,,,,
Dominica,DMA,1962,0.011,,,,,
Dominican Republic,DOM,1962,1.2421,,,,,
Ecuador,ECU,1962,1.5645,,,,,
Egypt,EGY,1962,18.5801,,,,,
El Salvador,SLV,1962,0.6485,,,,,
Equatorial Guinea,GNQ,1962,0.022,,,,,
Estonia,EST,1962,12.5298,,,,,
Ethiopia,ETH,1962,0.3957,,,,,
Fiji,FJI,1962,0.2308,,,,,
Finland,FIN,1962,16.7994,,,,,
France,FRA,1962,298.4621,,,,,
Gabon,GAB,1962,0.0879,,,,,
Gambia,GMB,1962,0.0256,,,,,
Georgia,GEO,1962,10.2592,,,,,
Germany,DEU,1962,883.2548,,,,,
Ghana,GHA,1962,1.4363,,,,,
Greece,GRC,1962,10.1603,,,,,
Grenada,GRD,1962,0.0256,,,,,
Guatemala,GTM,1962,1.3813,,,,,
Guinea,GIN,1962,0.6595,,,,,
Guinea-Bissau,GNB,1962,0.0403,,,,,
Guyana,GUY,1962,0.6778,,,,,
Haiti,HTI,1962,0.3041,,,,,
Honduras,HND,1962,0.6998,,,,,
Hungary,HUN,1962,50.2041,,,,,
Iceland,ISL,1962,1.1981,,,,,
India,IND,1962,143.31,,,,,
Indonesia,IDN,1962,22.9769,,,,,
Iran,IRN,1962,21.6579,,,,,
Iraq,IRQ,1962,9.0244,,,,,
Ireland,IRL,1962,13.1098,,,,,
Israel,ISR,1962,7.9362,,,,,
Italy,ITA,1962,146.3365,,,,,
Jamaica,JAM,1962,2.1178,,,,,
Japan,JPN,1962,292.9808,,,,,
Jordan,JOR,1962,1.0479,,,,,
Kazakhstan,KAZ,1962,112.0913,,,,,
Kenya,KEN,1962,2.6198,,,,,
Kiribati,KIR,1962,0.011,,,,,
Korea (North),PRK,1962,30.697,,,,,
Korea (South),KOR,1962,17.2648,,,,,
Kuwait,KWT,1962,14.2749,,,,,
Kyrgyzstan,KGZ,1962,7.1964,,,,,
Laos,LAO,1962,0.1319,,,,,
Latvia,LVA,1962,7.0099,,,,,
Lebanon,LBN,1962,2.8249,,,,,
Liberia,LBR,1962,0.2528,,,,,
Libya,LBY,1962,1.0442,,,,,
Lithuania,LTU,1962,11.8753,,,,,
Luxembourg,LUX,1962,11.5416,,,,,
"Macedonia, FYR",MKD,1962,3.1182,,,,,
Madagascar,MDG,1962,0.3957,,,,,
Malawi,MWI,1962,0.343,,,,,
Malaysia,MYS,1962,4.0707,,,,,
Mali,MLI,1962,0.1392,,,,,
Malta,MLT,1962,0.3298,,,,,
Mauritania,MRT,1962,0.0623,,,,,
Mauritius,MUS,1962,0.2528,,,,,
Mexico,MEX,1962,59.4667,,,,,
Moldova,MDA,1962,10.2112,,,,,
Mongolia,MNG,1962,1.9712,,,,,
Morocco,MAR,1962,3.0741,,,,,
Mozambique,MOZ,1962,1.9822,,,,,
Myanmar,MMR,1962,2.8799,,,,,
Nepal,NPL,1962,0.0879,,,,,
Netherlands,NLD,1962,83.29,,,,,
New Zealand,NZL,1962,11.2008,,,,,
Nicaragua,NIC,1962,0.6595,,,,,
Niger,NER,1962,0.066,,,,,
Nigeria,NGA,1962,4.177,,,,,
Norway,NOR,1962,14.0661,,,,,
Pakistan,PAK,1962,13.3617,,,,,
Panama,PAN,1962,1.1908,,,,,
Papua New Guinea,PNG,1962,0.1979,,,,,
Paraguay,PRY,1962,0.392,,,,,
Peru,PER,1962,9.9624,,,,,
Philippines,PHL,1962,10.3398,,,,,
Poland,POL,1962,216.6377,,,,,
Portugal,PRT,1962,9.2956,,,,,
Qatar,QAT,1962,0.1905,,,,,
Romania,ROU,1962,63.8269,,,,,
Russian Federation,RUS,1962,964.2828,,,,,
Rwanda,RWA,1962,0.0843,,,,,
Saint Lucia,LCA,1962,0.0183,,,,,
Saint Vincent & Grenadines,VCT,1962,0.011,,,,,
Samoa,WSM,1962,0.0183,,,,,
Sao Tome & Principe,STP,1962,0.011,,,,,
Saudi Arabia,SAU,1962,6.2508,,,,,
Senegal,SEN,1962,0.8134,,,,,
Serbia,SRB,1962,17.7314,,,,,
Sierra Leone,SLE,1962,0.3261,,,,,
Singapore,SGP,1962,2.5721,,,,,
Slovakia,SVK,1962,33.1626,,,,,
Slovenia,SVN,1962,4.8396,,,,,
Solomon Islands,SLB,1962,0.0147,,,,,
South Africa,ZAF,1962,105.6771,,,,,
Spain,ESP,1962,60.0053,,,,,
Sri Lanka,LKA,1962,2.5611,,,,,
Sudan,SDN,1962,1.4839,,,,,
Suriname,SUR,1962,0.4946,,,,,
Sweden,SWE,1962,51.285,,,,,
Switzerland,CHE,1962,24.1311,,,,,
Syria,SYR,1962,3.206,,,,,
Taiwan,TWN,1962,14.1724,,,,,
Tajikistan,TJK,1962,3.6001,,,,,
Tanzania,TZA,1962,0.7658,,,,,
Thailand,THA,1962,5.0307,,,,,
Togo,TGO,1962,0.0879,,,,,
Tonga,TON,1962,0.011,,,,,
Trinidad & Tobago,TTO,1962,7.2327,,,,,
Tunisia,TUN,1962,1.7917,,,,,
Turkey,TUR,1962,21.6139,,,,,
Turkmenistan,TKM,1962,16.6249,,,,,
Uganda,UGA,1962,0.4287,,,,,
Ukraine,UKR,1962,275.4995,,,,,
United Arab Emirates,ARE,1962,0.0183,,,,,
United Kingdom,GBR,1962,592.8755,,,,,
United States of America,USA,1962,2961.842,,,,,
Uruguay,URY,1962,4.0121,,,,,
Uzbekistan,UZB,1962,58.4221,,,,,
Vanuatu,VUT,1962,0.0403,,,,,
Venezuela,VEN,1962,19.8772,,,,,
Vietnam,VNM,1962,9.3395,,,,,
Yemen,YEM,1962,3.8838,,,,,
Zambia,ZMB,1962,3.229,,,,,
Zimbabwe,ZWE,1962,5.2582,,,,,
World,WLD,1962,9683.952,5353.333333333333,,,,
Afghanistan,AFG,1963,0.7072,,,,,
Albania,ALB,1963,2.0812,,,,,
Algeria,DZA,1963,5.4227,,,,,
Angola,AGO,1963,1.1505,,,,,
Antigua & Barbuda,ATG,1963,0.0843,,,,,
Argentina,ARG,1963,50.0429,,,,,
Armenia,ARM,1963,6.3706,,,,,
Australia,AUS,1963,100.9469,,,,,
Austria,AUT,1963,36.9624,,,,,
Azerbaijan,AZE,1963,24.0536,,,,,
Bahamas,BHS,1963,0.7072,,,,,
Bahrain,BHR,1963,1.1945,,,,,
Bangladesh,BGD,1963,3.1467,,,,,
Barbados,BRB,1963,0.1905,,,,,
Belarus,BLR,1963,52.2265,,,,,
Belgium,BEL,1963,105.6991,,,,,
Belize,BLZ,1963,0.0623,,,,,
Benin,BEN,1963,0.1209,,,,,
Bolivia,BOL,1963,1.2164,,,,,
Bosnia & Herzegovina,BIH,1963,6.1596,,,,,
Brazil,BRA,1963,55.0772,,,,,
Brunei,BRN,1963,0.3554,,,,,
Bulgaria,BGR,1963,34.383,,,,,
Burkina Faso,BFA,1963,0.0879,,,,,
Burundi,BDI,1963,0.0476,,,,,
Cambodia,KHM,1963,0.3884,,,,,
Cameroon,CMR,1963,0.3004,,,,,
Canada,CAN,1963,206.4041,,,,,
Cape Verde,CPV,1963,0.0147,,,,,
Central African Republic,CAF,1963,0.0733,,,,,
Chad,TCD,1963,0.0916,,,,,
Chile,CHL,1963,14.3812,,,,,
China,CHN,1963,436.3348,,,,,
Colombia,COL,1963,20.9031,,,,,
Comoros,COM,1963,0.011,,,,,
Congo,COG,1963,0.2345,,,,,
"Congo, Dem. Republic",COD,1963,2.29,,,,,
Costa Rica,CRI,1963,0.6009,,,,,
Cote d'Ivoire,CIV,1963,0.6229,,,,,
Croatia,HRV,1963,7.1251,,,,,
Cuba,CUB,1963,13.0292,,,,,
Cyprus,CYP,1963,0.9856,,,,,
Czech Republic,CZE,1963,124.3255,,,,,
Denmark,DNK,1963,40.6741,,,,,
Djibouti,DJI,1963,0.066,,,,,
Dominica,DMA,1963,0.0147,,,,,
Dominican Republic,DOM,1963,1.2494,,,,,
Ecuador,ECU,1963,1.7954,,,,,
Egypt,EGY,1963,21.537,,,,,
El Salvador,SLV,1963,1.1248,,,,,
Equatorial Guinea,GNQ,1963,0.0256,,,,,
Estonia,EST,1963,13.4377,,,,,
Ethiopia,ETH,1963,0.425,,,,,
Fiji,FJI,1963,0.2418,,,,,
Finland,FIN,1963,19.3423,,,,,
France,FRA,1963,333.7464,,,,,
Gabon,GAB,1963,0.0733,,,,,
Gambia,GMB,1963,0.0293,,,,,
Georgia,GEO,1963,11.0031,,,,,
Germany,DEU,1963,945.5905,,,,,
Ghana,GHA,1963,1.7221,,,,,
Greece,GRC,1963,12.2488,,,,,
Grenada,GRD,1963,0.0147,,,,,
Guatemala,GTM,1963,1.5206,,,,,
Guinea,GIN,1963,0.6962,,,,,
Guinea-Bissau,GNB,1963,0.0476,,,,,
Guyana,GUY,1963,0.6156,,,,,
Haiti,HTI,1963,0.2492,,,,,
Honduras,HND,1963,0.7108,,,,,
Hungary,HUN,1963,55.7807,,,,,
Iceland,ISL,1963,1.3007,,,,,
India,IND,1963,153.822,,,,,
Indonesia,IDN,1963,22.7644,,,,,
Iran,IRN,1963,23.4533,,,,,
Iraq,IRQ,1963,9.3872,,,,,
Ireland,IRL,1963,13.4505,,,,,
Israel,ISR,1963,8.2074,,,,,
Italy,ITA,1963,164.6492,,,,,
Jamaica,JAM,1963,2.3963,,,,,
Japan,JPN,1963,324.9565,,,,,
Jordan,JOR,1963,1.2201,,,,,
Kazakhstan,KAZ,1963,120.2163,,,,,
Kenya,KEN,1963,2.8543,,,,,
Kiribati,KIR,1963,0.0183,,,,,
Korea (North),PRK,1963,32.8368,,,,,
Korea (South),KOR,1963,21.09,,,,,
Kuwait,KWT,1963,17.012,,,,,
Kyrgyzstan,KGZ,1963,7.7167,,,,,
Laos,LAO,1963,0.1466,,,,,
Latvia,LVA,1963,7.5177,,,,,
Lebanon,LBN,1963,3.0008,,,,,
Liberia,LBR,1963,0.3554,,,,,
Libya,LBY,1963,1.4656,,,,,
Lithuania,LTU,1963,12.7341,,,,,
Luxembourg,LUX,1963,11.439,,,,,
"Macedonia, FYR",MKD,1963,3.4693,,,,,
Madagascar,MDG,1963,0.4617,,,,,
Malawi,MWI,1963,0.3298,,,,,
Malaysia,MYS,1963,4.9647,,,,,
Mali,MLI,1963,0.1759,,,,,
Malta,MLT,1963,0.4104,,,,,
Mauritania,MRT,1963,0.0879,,,,,
Mauritius,MUS,1963,0.2052,,,,,
Mexico,MEX,1963,60.39,,,,,
Moldova,MDA,1963,10.9517,,,,,
Mongolia,MNG,1963,1.6012,,,,,
Morocco,MAR,1963,3.9571,,,,,
Mozambique,MOZ,1963,1.6598,,,,,
Myanmar,MMR,1963,2.6344,,,,,
Nepal,NPL,1963,0.0989,,,,,
Netherlands,NLD,1963,91.1493,,,,,
New Zealand,NZL,1963,12.2194,,,,,
Nicaragua,NIC,1963,0.8427,,,,,
Niger,NER,1963,0.0879,,,,,
Nigeria,NGA,1963,4.1989,,,,,
Norway,NOR,1963,14.9711,,,,,
Pakistan,PAK,1963,15.3528,,,,,
Panama,PAN,1963,1.1835,,,,,
Papua New Guinea,PNG,1963,0.2565,,,,,
Paraguay,PRY,1963,0.4104,,,,,
Peru,PER,1963,10.2299,,,,,
Philippines,PHL,1963,11.4756,,,,,
Poland,POL,1963,231.0335,,,,,
Portugal,PRT,1963,10.0174,,,,,
Qatar,QAT,1963,0.3627,,,,,
Romania,ROU,1963,69.4768,,,,,
Russian Federation,RUS,1963,1034.1284,,,,,
Rwanda,RWA,1963,0.0843,,,,,
Saint Lucia,LCA,1963,0.022,,,,,
Saint Vincent & Grenadines,VCT,1963,0.0147,,,,,
Samoa,WSM,1963,0.022,,,,,
Sao Tome & Principe,STP,1963,0.0073,,,,,
Saudi Arabia,SAU,1963,6.9433,,,,,
Senegal,SEN,1963,0.861,,,,,
Serbia,SRB,1963,19.7223,,,,,
Seychelles,SYC,1963,0.0073,,,,,
Sierra Leone,SLE,1963,0.3701,,,,,
Singapore,SGP,1963,3.4002,,,,,
Slovakia,SVK,1963,34.8167,,,,,
Slovenia,SVN,1963,5.385,,,,,
Solomon Islands,SLB,1963,0.0147,,,,,
South Africa,ZAF,1963,109.7331,,,,,
Spain,ESP,1963,58.7742,,,,,
Sri Lanka,LKA,1963,2.5318,,,,,
Sudan,SDN,1963,1.6781,,,,,
Suriname,SUR,1963,0.5313,,,,,
Sweden,SWE,1963,55.3227,,,,,
Switzerland,CHE,1963,29.0775,,,,,
Syria,SYR,1963,3.609,,,,,
Taiwan,TWN,1963,15.1177,,,,,
Tajikistan,TJK,1963,3.8607,,,,,
Tanzania,TZA,1963,0.8024,,,,,
Thailand,THA,1963,5.5656,,,,,
Togo,TGO,1963,0.1063,,,,,
Tonga,TON,1963,0.011,,,,,
Trinidad & Tobago,TTO,1963,1.308,,,,,
Tunisia,TUN,1963,1.9456,,,,,
Turkey,TUR,1963,22.6508,,,,,
Turkmenistan,TKM,1963,17.829,,,,,
Uganda,UGA,1963,0.4324,,,,,
Ukraine,UKR,1963,295.4559,,,,,
United Arab Emirates,ARE,1963,0.022,,,,,
United Kingdom,GBR,1963,603.3289,,,,,
United States of America,USA,1963,3096.0287,,,,,
Uruguay,URY,1963,4.3125,,,,,
Uzbekistan,UZB,1963,62.6471,,,,,
Vanuatu,VUT,1963,0.0366,,,,,
Venezuela,VEN,1963,25.9118,,,,,
Vietnam,VNM,1963,9.1124,,,,,
Yemen,YEM,1963,2.9165,,,,,
Zambia,ZMB,1963,3.1044,,,,,
Zimbabwe,ZWE,1963,5.0553,,,,,
World,WLD,1963,10204.24,5407.966666666667,,,,
Afghanistan,AFG,1964,0.8391,,,,,
Albania,ALB,1964,2.0152,,,,,
Algeria,DZA,1964,5.6462,,,,,
Angola,AGO,1964,1.2238,,,,,
Antigua & Barbuda,ATG,1964,0.0916,,,,,
Argentina,ARG,1964,55.6855,,,,,
Armenia,ARM,1964,6.7751,,,,,
Australia,AUS,1964,108.8941,,,,,
Austria,AUT,1964,38.908,,,,,
Azerbaijan,AZE,1964,25.5809,,,,,
Bahamas,BHS,1964,1.0845,,,,,
Bahrain,BHR,1964,1.5938,,,,,
Bangladesh,BGD,1964,3.2351,,,,,
Barbados,BRB,1964,0.1832,,,,,
Belarus,BLR,1964,55.5427,,,,,
Belgium,BEL,1964,103.5776,,,,,
Belize,BLZ,1964,0.0843,,,,,
Benin,BEN,1964,0.1429,,,,,
Bolivia,BOL,1964,1.3264,,,,,
Bosnia & Herzegovina,BIH,1964,6.9894,,,,,
Brazil,BRA,1964,56.1361,,,,,
Brunei,BRN,1964,0.3408,,,,,
Bulgaria,BGR,1964,42.8285,,,,,
Burkina Faso,BFA,1964,0.1099,,,,,
Burundi,BDI,1964,0.0476,,,,,
Cambodia,KHM,1964,0.3444,,,,,
Cameroon,CMR,1964,0.3371,,,,,
Canada,CAN,1964,233.3748,,,,,
Cape Verde,CPV,1964,0.0293,,,,,
Central African Republic,CAF,1964,0.0733,,,,,
Chad,TCD,1964,0.0989,,,,,
Chile,CHL,1964,14.9455,,,,,
China,CHN,1964,436.5619,,,,,
Colombia,COL,1964,21.024,,,,,
Comoros,COM,1964,0.011,,,,,
Congo,COG,1964,0.2675,,,,,
"Congo, Dem. Republic",COD,1964,1.9712,,,,,
Costa Rica,CRI,1964,0.6742,,,,,
Cote d'Ivoire,CIV,1964,0.7621,,,,,
Croatia,HRV,1964,8.0546,,,,,
Cuba,CUB,1964,14.2823,,,,,
Cyprus,CYP,1964,1.0003,,,,,
Czech Republic,CZE,1964,129.3731,,,,,
Denmark,DNK,1964,43.1583,,,,,
Djibouti,DJI,1964,0.0843,,,,,
Dominica,DMA,1964,0.0147,,,,,
Dominican Republic,DOM,1964,1.7477,,,,,
Ecuador,ECU,1964,2.1434,,,,,
Egypt,EGY,1964,25.5014,,,,,
El Salvador,SLV,1964,1.2311,,,,,
Equatorial Guinea,GNQ,1964,0.0256,,,,,
Estonia,EST,1964,14.291,,,,,
Ethiopia,ETH,1964,0.4067,,,,,
Fiji,FJI,1964,0.425,,,,,
Finland,FIN,1964,22.834,,,,,
France,FRA,1964,345.0169,,,,,
Gabon,GAB,1964,0.1905,,,,,
Gambia,GMB,1964,0.0293,,,,,
Georgia,GEO,1964,11.7017,,,,,
Germany,DEU,1964,969.0364,,,,,
Ghana,GHA,1964,1.6525,,,,,
Greece,GRC,1964,13.2124,,,,,
Grenada,GRD,1964,0.022,,,,,
Guatemala,GTM,1964,1.7697,,,,,
Guinea,GIN,1964,0.6998,,,,,
Guinea-Bissau,GNB,1964,0.0586,,,,,
Guyana,GUY,1964,0.6485,,,,,
Haiti,HTI,1964,0.3004,,,,,
Honduras,HND,1964,0.7218,,,,,
Hungary,HUN,1964,61.8227,,,,,
Iceland,ISL,1964,1.3044,,,,,
India,IND,1964,150.0445,,,,,
Indonesia,IDN,1964,22.376,,,,,
Iran,IRN,1964,26.9744,,,,,
Iraq,IRQ,1964,9.0684,,,,,
Ireland,IRL,1964,14.22,,,,,
Israel,ISR,1964,9.1453,,,,,
Italy,ITA,1964,175.8097,,,,,
Jamaica,JAM,1964,4.067,,,,,
Japan,JPN,1964,359.028,,,,,
Jordan,JOR,1964,1.2421,,,,,
Kazakhstan,KAZ,1964,127.8494,,,,,
Kenya,KEN,1964,2.8249,,,,,
Kiribati,KIR,1964,0.0183,,,,,
Korea (North),PRK,1964,35.6287,,,,,
Korea (South),KOR,1964,22.2038,,,,,
Kuwait,KWT,1964,7.5588,,,,,
Kyrgyzstan,KGZ,1964,8.2068,,,,,
Laos,LAO,1964,0.1722,,,,,
Latvia,LVA,1964,7.995,,,,,
Lebanon,LBN,1964,3.261,,,,,
Liberia,LBR,1964,0.4836,,,,,
Libya,LBY,1964,0.6595,,,,,
Lithuania,LTU,1964,13.5428,,,,,
Luxembourg,LUX,1964,12.3,,,,,
"Macedonia, FYR",MKD,1964,3.929,,,,,
Madagascar,MDG,1964,0.48,,,,,
Malawi,MWI,1964,0.3298,,,,,
Malaysia,MYS,1964,6.423,,,,,
Mali,MLI,1964,0.1759,,,,,
Malta,MLT,1964,0.4983,,,,,
Mauritania,MRT,1964,0.1172,,,,,
Mauritius,MUS,1964,0.3078,,,,,
Mexico,MEX,1964,66.344,,,,,
Moldova,MDA,1964,11.647,,,,,
Mongolia,MNG,1964,2.0445,,,,,
Morocco,MAR,1964,4.4188,,,,,
Mozambique,MOZ,1964,2.1398,,,,,
Myanmar,MMR,1964,2.8579,,,,,
Nauru,NRU,1964,0.0293,,,,,
Nepal,NPL,1964,0.1466,,,,,
Netherlands,NLD,1964,96.7882,,,,,
New Zealand,NZL,1964,13.0951,,,,,
Nicaragua,NIC,1964,0.949,,,,,
Niger,NER,1964,0.0953,,,,,
Nigeria,NGA,1964,5.3897,,,,,
Norway,NOR,1964,16.1766,,,,,
Oman,OMN,1964,0.011,,,,,
Pakistan,PAK,1964,15.7847,,,,,
Panama,PAN,1964,1.2421,,,,,
Papua New Guinea,PNG,1964,0.2675,,,,,
Paraguay,PRY,1964,0.4324,,,,,
Peru,PER,1964,12.2561,,,,,
Philippines,PHL,1964,12.8277,,,,,
Poland,POL,1964,242.9122,,,,,
Portugal,PRT,1964,11.0176,,,,,
Qatar,QAT,1964,0.3041,,,,,
Romania,ROU,1964,72.0562,,,,,
Russian Federation,RUS,1964,1099.7951,,,,,
Rwanda,RWA,1964,0.0366,,,,,
Saint Lucia,LCA,1964,0.022,,,,,
Saint Vincent & Grenadines,VCT,1964,0.0183,,,,,
Samoa,WSM,1964,0.0256,,,,,
Sao Tome & Principe,STP,1964,0.011,,,,,
Saudi Arabia,SAU,1964,7.0422,,,,,
Senegal,SEN,1964,0.9233,,,,,
Serbia,SRB,1964,22.3572,,,,,
Seychelles,SYC,1964,0.0073,,,,,
Sierra Leone,SLE,1964,0.3041,,,,,
Singapore,SGP,1964,3.7006,,,,,
Slovakia,SVK,1964,36.2397,,,,,
Slovenia,SVN,1964,6.0966,,,,,
Solomon Islands,SLB,1964,0.0183,,,,,
South Africa,ZAF,1964,119.56,,,,,
Spain,ESP,1964,64.3582,,,,,
Sri Lanka,LKA,1964,2.2717,,,,,
Sudan,SDN,1964,1.8576,,,,,
Suriname,SUR,1964,0.6082,,,,,
Swaziland,SWZ,1964,0.011,,,,,
Sweden,SWE,1964,60.3827,,,,,
Switzerland,CHE,1964,28.1395,,,,,
Syria,SYR,1964,4.3638,,,,,
Taiwan,TWN,1964,16.9167,,,,,
Tajikistan,TJK,1964,4.1059,,,,,
Tanzania,TZA,1964,1.0332,,,,,
Thailand,THA,1964,7.4782,,,,,
Togo,TGO,1964,0.1319,,,,,
Tonga,TON,1964,0.011,,,,,
Trinidad & Tobago,TTO,1964,3.7922,,,,,
Tunisia,TUN,1964,2.7553,,,,,
Turkey,TUR,1964,26.3148,,,,,
Turkmenistan,TKM,1964,18.9611,,,,,
Uganda,UGA,1964,0.491,,,,,
Ukraine,UKR,1964,314.2171,,,,,
United Arab Emirates,ARE,1964,0.0183,,,,,
United Kingdom,GBR,1964,607.8539,,,,,
United States of America,USA,1964,3234.9163,,,,,
Uruguay,URY,1964,4.5544,,,,,
Uzbekistan,UZB,1964,66.6258,,,,,
Vanuatu,VUT,1964,0.0586,,,,,
Venezuela,VEN,1964,25.3879,,,,,
Vietnam,VNM,1964,11.7908,,,,,
Yemen,YEM,1964,3.631,,,,,
Zambia,ZMB,1964,3.2756,,,,,
Zimbabwe,ZWE,1964,4.4664,,,,,
World,WLD,1964,10790.48,5452.7,,,,
Afghanistan,AFG,1965,1.0076,,,,,
Albania,ALB,1965,2.1764,,,,,
Algeria,DZA,1965,6.5879,,,,,
Angola,AGO,1965,1.1871,,,,,
Antigua & Barbuda,ATG,1965,0.1502,,,,,
Argentina,ARG,1965,58.8182,,,,,
Armenia,ARM,1965,7.1867,,,,,
Australia,AUS,1965,120.868,,,,,
Austria,AUT,1965,38.1569,,,,,
Azerbaijan,AZE,1965,27.123,,,,,
Bahamas,BHS,1965,1.3154,,,,,
Bahrain,BHR,1965,1.2274,,,,,
Bangladesh,BGD,1965,3.3884,,,,,
Barbados,BRB,1965,0.2052,,,,,
Belarus,BLR,1965,58.9089,,,,,
Belgium,BEL,1965,105.3547,,,,,
Belize,BLZ,1965,0.0843,,,,,
Benin,BEN,1965,0.1502,,,,,
Bolivia,BOL,1965,1.4436,,,,,
Bosnia & Herzegovina,BIH,1965,7.1925,,,,,
Brazil,BRA,1965,55.7001,,,,,
Brunei,BRN,1965,0.3371,,,,,
Bulgaria,BGR,1965,46.2763,,,,,
Burkina Faso,BFA,1965,0.1026,,,,,
Burundi,BDI,1965,0.0366,,,,,
Cambodia,KHM,1965,0.403,,,,,
Cameroon,CMR,1965,0.3114,,,,,
Canada,CAN,1965,247.7377,,,,,
Cape Verde,CPV,1965,0.0256,,,,,
Central African Republic,CAF,1965,0.0879,,,,,
Chad,TCD,1965,0.1063,,,,,
Chile,CHL,1965,15.2459,,,,,
China,CHN,1965,475.5835,,,,,
Colombia,COL,1965,21.1193,,,,,
Comoros,COM,1965,0.0147,,,,,
Congo,COG,1965,0.2455,,,,,
"Congo, Dem. Republic",COD,1965,2.4732,,,,,
Costa Rica,CRI,1965,0.8464,,,,,
Cote d'Ivoire,CIV,1965,1.1725,,,,,
Croatia,HRV,1965,8.2853,,,,,
Cuba,CUB,1965,14.5974,,,,,
Cyprus,CYP,1965,1.1505,,,,,
Czech Republic,CZE,1965,126.0364,,,,,
Denmark,DNK,1965,44.3014,,,,,
Djibouti,DJI,1965,0.1209,,,,,
Dominica,DMA,1965,0.0147,,,,,
Dominican Republic,DOM,1965,1.5499,,,,,
Ecuador,ECU,1965,2.2753,,,,,
Egypt,EGY,1965,27.6229,,,,,
El Salvador,SLV,1965,1.0406,,,,,
Equatorial Guinea,GNQ,1965,0.0293,,,,,
Estonia,EST,1965,15.1579,,,,,
Ethiopia,ETH,1965,0.6485,,,,,
Fiji,FJI,1965,0.3444,,,,,
Finland,FIN,1965,25.3072,,,,,
France,FRA,1965,351.5645,,,,,
Gabon,GAB,1965,0.2162,,,,,
Gambia,GMB,1965,0.0293,,,,,
Georgia,GEO,1965,12.4074,,,,,
Germany,DEU,1965,960.2318,,,,,
Ghana,GHA,1965,1.7038,,,,,
Greece,GRC,1965,17.012,,,,,
Grenada,GRD,1965,0.022,,,,,
Guatemala,GTM,1965,1.9749,,,,,
Guinea,GIN,1965,0.6962,,,,,
Guinea-Bissau,GNB,1965,0.066,,,,,
Guyana,GUY,1965,1.0772,,,,,
Haiti,HTI,1965,0.3041,,,,,
Honduras,HND,1965,0.7511,,,,,
Hungary,HUN,1965,60.8371,,,,,
Iceland,ISL,1965,1.396,,,,,
India,IND,1965,165.0815,,,,,
Indonesia,IDN,1965,24.6697,,,,,
Iran,IRN,1965,28.1505,,,,,
Iraq,IRQ,1965,9.6436,,,,,
Ireland,IRL,1965,13.7217,,,,,
Israel,ISR,1965,12.9339,,,,,
Italy,ITA,1965,189.612,,,,,
Jamaica,JAM,1965,2.9935,,,,,
Japan,JPN,1965,386.6033,,,,,
Jordan,JOR,1965,1.4216,,,,,
Kazakhstan,KAZ,1965,135.5812,,,,,
Kenya,KEN,1965,2.4695,,,,,
Kiribati,KIR,1965,0.011,,,,,
Korea (North),PRK,1965,44.2318,,,,,
Korea (South),KOR,1965,24.9848,,,,,
Kuwait,KWT,1965,16.6052,,,,,
Kyrgyzstan,KGZ,1965,8.7136,,,,,
Laos,LAO,1965,0.1795,,,,,
Latvia,LVA,1965,8.4809,,,,,
Lebanon,LBN,1965,3.3049,,,,,
Liberia,LBR,1965,0.5569,,,,,
Libya,LBY,1965,1.0149,,,,,
Lithuania,LTU,1965,14.3768,,,,,
Luxembourg,LUX,1965,12.1938,,,,,
"Macedonia, FYR",MKD,1965,4.0424,,,,,
Madagascar,MDG,1965,0.5569,,,,,
Malawi,MWI,1965,0.3481,,,,,
Malaysia,MYS,1965,6.4816,,,,,
Mali,MLI,1965,0.1979,,,,,
Malta,MLT,1965,0.4727,,,,,
Mauritania,MRT,1965,0.1612,,,,,
Mauritius,MUS,1965,0.3041,,,,,
Mexico,MEX,1965,69.2789,,,,,
Moldova,MDA,1965,12.3486,,,,,
Mongolia,MNG,1965,1.9566,,,,,
Morocco,MAR,1965,4.2576,,,,,
Mozambique,MOZ,1965,2.0042,,,,,
Myanmar,MMR,1965,2.726,,,,,
Nauru,NRU,1965,0.033,,,,,
Nepal,NPL,1965,0.1795,,,,,
Netherlands,NLD,1965,100.4156,,,,,
New Zealand,NZL,1965,13.685,,,,,
Nicaragua,NIC,1965,0.7804,,,,,
Niger,NER,1965,0.0916,,,,,
Nigeria,NGA,1965,6.804,,,,,
Norway,NOR,1965,16.3964,,,,,
Oman,OMN,1965,0.0256,,,,,
Pakistan,PAK,1965,16.5694,,,,,
Panama,PAN,1965,1.5279,,,,,
Papua New Guinea,PNG,1965,0.3041,,,,,
Paraguay,PRY,1965,0.5496,,,,,
Peru,PER,1965,11.952,,,,,
Philippines,PHL,1965,13.9672,,,,,
Poland,POL,1965,247.0196,,,,,
Portugal,PRT,1965,11.5892,,,,,
Qatar,QAT,1965,0.3224,,,,,
Romania,ROU,1965,78.6588,,,,,
Russian Federation,RUS,1965,1166.6932,,,,,
Rwanda,RWA,1965,0.0476,,,,,
Saint Lucia,LCA,1965,0.0256,,,,,
Saint Vincent & Grenadines,VCT,1965,0.0147,,,,,
Samoa,WSM,1965,0.0293,,,,,
Sao Tome & Principe,STP,1965,0.011,,,,,
Saudi Arabia,SAU,1965,4.2173,,,,,
Senegal,SEN,1965,1.6928,,,,,
Serbia,SRB,1965,23.0047,,,,,
Seychelles,SYC,1965,0.0073,,,,,
Sierra Leone,SLE,1965,0.2821,,,,,
Singapore,SGP,1965,2.5282,,,,,
Slovakia,SVK,1965,35.3371,,,,,
Slovenia,SVN,1965,6.2723,,,,,
Solomon Islands,SLB,1965,0.0256,,,,,
South Africa,ZAF,1965,128.1557,,,,,
Spain,ESP,1965,71.0596,,,,,
Sri Lanka,LKA,1965,2.6564,,,,,
Sudan,SDN,1965,2.4256,,,,,
Suriname,SUR,1965,0.7951,,,,,
Swaziland,SWZ,1965,0.0806,,,,,
Sweden,SWE,1965,62.5811,,,,,
Switzerland,CHE,1965,30.3452,,,,,
Syria,SYR,1965,3.675,,,,,
Taiwan,TWN,1965,17.8547,,,,,
Tajikistan,TJK,1965,4.357,,,,,
Tanzania,TZA,1965,1.1578,,,,,
Thailand,THA,1965,7.4489,,,,,
Togo,TGO,1965,0.1319,,,,,
Tonga,TON,1965,0.011,,,,,
Trinidad & Tobago,TTO,1965,5.1956,,,,,
Tunisia,TUN,1965,2.4585,,,,,
Turkey,TUR,1965,27.3701,,,,,
Turkmenistan,TKM,1965,20.1151,,,,,
Uganda,UGA,1965,0.6265,,,,,
Ukraine,UKR,1965,333.321,,,,,
United Arab Emirates,ARE,1965,0.022,,,,,
United Kingdom,GBR,1965,622.1106,,,,,
United States of America,USA,1965,3370.9606,,,,,
Uruguay,URY,1965,5.518,,,,,
Uzbekistan,UZB,1965,70.7295,,,,,
Vanuatu,VUT,1965,0.0476,,,,,
Venezuela,VEN,1965,28.6525,,,,,
Vietnam,VNM,1965,13.1538,,,,,
Yemen,YEM,1965,3.9278,,,,,
Zambia,ZMB,1965,3.9132,,,,,
Zimbabwe,ZWE,1965,5.2139,,,,,
World,WLD,1965,11266.8,5518.333333333333,,,,
Afghanistan,AFG,1966,1.0919,,,,,
Albania,ALB,1966,2.5465,,,,,
Algeria,DZA,1966,8.4235,,,,,
Angola,AGO,1966,1.5535,,,,,
Antigua & Barbuda,ATG,1966,0.3481,,,,,
Argentina,ARG,1966,60.7418,,,,,
Armenia,ARM,1966,7.5891,,,,,
Australia,AUS,1966,120.2342,,,,,
Austria,AUT,1966,39.2231,,,,,
Azerbaijan,AZE,1966,28.6297,,,,,
Bahamas,BHS,1966,1.0919,,,,,
Bahrain,BHR,1966,0.6485,,,,,
Bangladesh,BGD,1966,3.4401,,,,,
Barbados,BRB,1966,0.2675,,,,,
Belarus,BLR,1966,62.1994,,,,,
Belgium,BEL,1966,105.1238,,,,,
Belize,BLZ,1966,0.0806,,,,,
Benin,BEN,1966,0.1136,,,,,
Bolivia,BOL,1966,1.6122,,,,,
Bosnia & Herzegovina,BIH,1966,7.1185,,,,,
Brazil,BRA,1966,63.4788,,,,,
Brunei,BRN,1966,0.491,,,,,
Bulgaria,BGR,1966,48.7275,,,,,
Burkina Faso,BFA,1966,0.1026,,,,,
Burundi,BDI,1966,0.0476,,,,,
Cambodia,KHM,1966,0.469,,,,,
Cameroon,CMR,1966,0.3444,,,,,
Canada,CAN,1966,254.8642,,,,,
Cape Verde,CPV,1966,0.022,,,,,
Central African Republic,CAF,1966,0.0843,,,,,
Chad,TCD,1966,0.0843,,,,,
Chile,CHL,1966,16.5613,,,,,
China,CHN,1966,522.3655,,,,,
Colombia,COL,1966,21.7715,,,,,
Comoros,COM,1966,0.0183,,,,,
Congo,COG,1966,0.3078,,,,,
"Congo, Dem. Republic",COD,1966,2.4036,,,,,
Costa Rica,CRI,1966,0.9929,,,,,
Cote d'Ivoire,CIV,1966,1.2934,,,,,
Croatia,HRV,1966,8.2259,,,,,
Cuba,CUB,1966,15.1726,,,,,
Cyprus,CYP,1966,1.2421,,,,,
Czech Republic,CZE,1966,125.2868,,,,,
Denmark,DNK,1966,50.0869,,,,,
Djibouti,DJI,1966,0.1392,,,,,
Dominica,DMA,1966,0.0147,,,,,
Dominican Republic,DOM,1966,1.6708,,,,,
Ecuador,ECU,1966,2.4182,,,,,
Egypt,EGY,1966,26.542,,,,,
El Salvador,SLV,1966,1.3044,,,,,
Equatorial Guinea,GNQ,1966,0.0256,,,,,
Estonia,EST,1966,16.0054,,,,,
Ethiopia,ETH,1966,0.8244,,,,,
Fiji,FJI,1966,0.3188,,,,,
Finland,FIN,1966,29.4952,,,,,
France,FRA,1966,346.9515,,,,,
Gabon,GAB,1966,0.3811,,,,,
Gambia,GMB,1966,0.033,,,,,
Georgia,GEO,1966,13.0969,,,,,
Germany,DEU,1966,951.5811,,,,,
Ghana,GHA,1966,1.44,,,,,
Greece,GRC,1966,18.6351,,,,,
Grenada,GRD,1966,0.0293,,,,,
Guatemala,GTM,1966,1.7404,,,,,
Guinea,GIN,1966,0.7181,,,,,
Guinea-Bissau,GNB,1966,0.066,,,,,
Guyana,GUY,1966,1.1798,,,,,
Haiti,HTI,1966,0.3041,,,,,
Honduras,HND,1966,0.8061,,,,,
Hungary,HUN,1966,61.4636,,,,,
Iceland,ISL,1966,1.4949,,,,,
India,IND,1966,170.7937,,,,,
Indonesia,IDN,1966,23.3763,,,,,
Iran,IRN,1966,30.4405,,,,,
Iraq,IRQ,1966,16.8141,,,,,
Ireland,IRL,1966,15.103,,,,,
Israel,ISR,1966,13.5824,,,,,
Italy,ITA,1966,214.0729,,,,,
Jamaica,JAM,1966,3.5211,,,,,
Japan,JPN,1966,419.3961,,,,,
Jordan,JOR,1966,1.5828,,,,,
Kazakhstan,KAZ,1966,143.1375,,,,,
Kenya,KEN,1966,2.6784,,,,,
Kiribati,KIR,1966,0.011,,,,,
Korea (North),PRK,1966,47.61,,,,,
Korea (South),KOR,1966,29.9898,,,,,
Kuwait,KWT,1966,16.0813,,,,,
Kyrgyzstan,KGZ,1966,9.2099,,,,,
Laos,LAO,1966,0.2345,,,,,
Latvia,LVA,1966,8.956,,,,,
Lebanon,LBN,1966,3.5797,,,,,
Liberia,LBR,1966,0.6119,,,,,
Libya,LBY,1966,2.6271,,,,,
Lithuania,LTU,1966,15.1932,,,,,
Luxembourg,LUX,1966,11.6149,,,,,
"Macedonia, FYR",MKD,1966,4.0072,,,,,
Madagascar,MDG,1966,0.5789,,,,,
Malawi,MWI,1966,0.4287,,,,,
Malaysia,MYS,1966,7.6871,,,,,
Mali,MLI,1966,0.1905,,,,,
Malta,MLT,1966,0.414,,,,,
Mauritania,MRT,1966,0.1795,,,,,
Mauritius,MUS,1966,0.2748,,,,,
Mexico,MEX,1966,74.2033,,,,,
Moldova,MDA,1966,13.0339,,,,,
Mongolia,MNG,1966,1.9492,,,,,
Morocco,MAR,1966,5.463,,,,,
Mozambique,MOZ,1966,2.1251,,,,,
Myanmar,MMR,1966,2.8066,,,,,
Nauru,NRU,1966,0.033,,,,,
Nepal,NPL,1966,0.1905,,,,,
Netherlands,NLD,1966,103.5703,,,,,
New Zealand,NZL,1966,14.0038,,,,,
Nicaragua,NIC,1966,0.96,,,,,
Niger,NER,1966,0.1356,,,,,
Nigeria,NGA,1966,7.7017,,,,,
Norway,NOR,1966,19.5474,,,,,
Oman,OMN,1966,0.0293,,,,,
Pakistan,PAK,1966,16.8694,,,,,
Panama,PAN,1966,1.6525,,,,,
Papua New Guinea,PNG,1966,0.3408,,,,,
Paraguay,PRY,1966,0.513,,,,,
Peru,PER,1966,13.249,,,,,
Philippines,PHL,1966,16.1106,,,,,
Poland,POL,1966,252.4716,,,,,
Portugal,PRT,1966,11.842,,,,,
Qatar,QAT,1966,0.3114,,,,,
Romania,ROU,1966,84.1144,,,,,
Russian Federation,RUS,1966,1232.1084,,,,,
Rwanda,RWA,1966,0.044,,,,,
Saint Lucia,LCA,1966,0.0293,,,,,
Saint Vincent & Grenadines,VCT,1966,0.0183,,,,,
Samoa,WSM,1966,0.0256,,,,,
Sao Tome & Principe,STP,1966,0.011,,,,,
Saudi Arabia,SAU,1966,6.4083,,,,,
Senegal,SEN,1966,1.7184,,,,,
Serbia,SRB,1966,22.7864,,,,,
Seychelles,SYC,1966,0.0073,,,,,
Sierra Leone,SLE,1966,0.3004,,,,,
Singapore,SGP,1966,0.6705,,,,,
Slovakia,SVK,1966,35.1671,,,,,
Slovenia,SVN,1966,6.2194,,,,,
Solomon Islands,SLB,1966,0.0256,,,,,
South Africa,ZAF,1966,128.2473,,,,,
Spain,ESP,1966,77.6658,,,,,
Sri Lanka,LKA,1966,2.6601,,,,,
Sudan,SDN,1966,2.6454,,,,,
Suriname,SUR,1966,1.0955,,,,,
Swaziland,SWZ,1966,0.2015,,,,,
Sweden,SWE,1966,72.5362,,,,,
Switzerland,CHE,1966,31.4957,,,,,
Syria,SYR,1966,4.9134,,,,,
Taiwan,TWN,1966,19.4705,,,,,
Tajikistan,TJK,1966,4.6026,,,,,
Tanzania,TZA,1966,1.374,,,,,
Thailand,THA,1966,9.4714,,,,,
Togo,TGO,1966,0.1795,,,,,
Tonga,TON,1966,0.011,,,,,
Trinidad & Tobago,TTO,1966,4.0524,,,,,
Tunisia,TUN,1966,2.8836,,,,,
Turkey,TUR,1966,31.5214,,,,,
Turkmenistan,TKM,1966,21.2435,,,,,
Uganda,UGA,1966,0.7328,,,,,
Ukraine,UKR,1966,352.0006,,,,,
United Arab Emirates,ARE,1966,0.0256,,,,,
United Kingdom,GBR,1966,618.0582,,,,,
United States of America,USA,1966,3538.7315,,,,,
Uruguay,URY,1966,5.4007,,,,,
Uzbekistan,UZB,1966,74.7469,,,,,
Vanuatu,VUT,1966,0.0769,,,,,
Venezuela,VEN,1966,26.4614,,,,,
Vietnam,VNM,1966,19.181,,,,,
Yemen,YEM,1966,3.4625,,,,,
Zambia,ZMB,1966,3.4991,,,,,
Zimbabwe,ZWE,1966,6.0419,,,,,
World,WLD,1966,11827.392,5644.099999999999,,,,
Afghanistan,AFG,1967,1.2824,,,,,
Albania,ALB,1967,2.6784,,,,,
Algeria,DZA,1967,8.4382,,,,,
Angola,AGO,1967,0.9929,,,,,
Antigua & Barbuda,ATG,1967,0.5643,,,,,
Argentina,ARG,1967,62.6874,,,,,
Armenia,ARM,1967,7.9353,,,,,
Australia,AUS,1967,129.1597,,,,,
Austria,AUT,1967,39.9339,,,,,
Azerbaijan,AZE,1967,29.9323,,,,,
Bahamas,BHS,1967,1.7038,,,,,
Bahrain,BHR,1967,1.0039,,,,,
Bangladesh,BGD,1967,3.6454,,,,,
Barbados,BRB,1967,0.3408,,,,,
Belarus,BLR,1967,65.0349,,,,,
Belgium,BEL,1967,107.3845,,,,,
Belize,BLZ,1967,0.1209,,,,,
Benin,BEN,1967,0.1429,,,,,
Bolivia,BOL,1967,1.7367,,,,,
Bosnia & Herzegovina,BIH,1967,7.1873,,,,,
Brazil,BRA,1967,65.2961,,,,,
Brunei,BRN,1967,0.436,,,,,
Bulgaria,BGR,1967,55.1176,,,,,
Burkina Faso,BFA,1967,0.1026,,,,,
Burundi,BDI,1967,0.0476,,,,,
Cambodia,KHM,1967,0.4177,,,,,
Cameroon,CMR,1967,0.4617,,,,,
Canada,CAN,1967,277.482,,,,,
Cape Verde,CPV,1967,0.0183,,,,,
Central African Republic,CAF,1967,0.0916,,,,,
Chad,TCD,1967,0.1172,,,,,
Chile,CHL,1967,16.7811,,,,,
China,CHN,1967,432.8796,,,,,
Colombia,COL,1967,23.4423,,,,,
Comoros,COM,1967,0.0183,,,,,
Congo,COG,1967,0.3224,,,,,
"Congo, Dem. Republic",COD,1967,2.29,,,,,
Costa Rica,CRI,1967,0.8757,,,,,
Cote d'Ivoire,CIV,1967,1.4876,,,,,
Croatia,HRV,1967,8.3121,,,,,
Cuba,CUB,1967,15.7369,,,,,
Cyprus,CYP,1967,1.363,,,,,
Czech Republic,CZE,1967,124.9887,,,,,
Denmark,DNK,1967,49.0353,,,,,
Djibouti,DJI,1967,0.0879,,,,,
Dominica,DMA,1967,0.022,,,,,
Dominican Republic,DOM,1967,1.5682,,,,,
Ecuador,ECU,1967,2.5904,,,,,
Egypt,EGY,1967,19.661,,,,,
El Salvador,SLV,1967,1.1578,,,,,
Equatorial Guinea,GNQ,1967,0.0256,,,,,
Estonia,EST,1967,16.7353,,,,,
Ethiopia,ETH,1967,1.0736,,,,,
Fiji,FJI,1967,0.3517,,,,,
Finland,FIN,1967,28.5939,,,,,
France,FRA,1967,371.7055,,,,,
Gabon,GAB,1967,1.0113,,,,,
Gambia,GMB,1967,0.033,,,,,
Georgia,GEO,1967,13.6928,,,,,
Germany,DEU,1967,936.3718,,,,,
Ghana,GHA,1967,1.4986,,,,,
Greece,GRC,1967,19.5181,,,,,
Grenada,GRD,1967,0.0366,,,,,
Guatemala,GTM,1967,1.9822,,,,,
Guinea,GIN,1967,0.7255,,,,,
Guinea-Bissau,GNB,1967,0.0476,,,,,
Guyana,GUY,1967,1.3227,,,,,
Haiti,HTI,1967,0.2601,,,,,
Honduras,HND,1967,0.8757,,,,,
Hungary,HUN,1967,58.5214,,,,,
Iceland,ISL,1967,1.44,,,,,
India,IND,1967,170.6435,,,,,
Indonesia,IDN,1967,24.5415,,,,,
Iran,IRN,1967,31.9134,,,,,
Iraq,IRQ,1967,8.3722,,,,,
Ireland,IRL,1967,16.4001,,,,,
Israel,ISR,1967,13.5312,,,,,
Italy,ITA,1967,234.2395,,,,,
Jamaica,JAM,1967,3.8655,,,,,
Japan,JPN,1967,489.4848,,,,,
Jordan,JOR,1967,1.4143,,,,,
Kazakhstan,KAZ,1967,149.6575,,,,,
Kenya,KEN,1967,2.7004,,,,,
Kiribati,KIR,1967,0.022,,,,,
Korea (North),PRK,1967,52.4025,,,,,
Korea (South),KOR,1967,35.1194,,,,,
Kuwait,KWT,1967,7.2254,,,,,
Kyrgyzstan,KGZ,1967,9.6327,,,,,
Laos,LAO,1967,0.3188,,,,,
Latvia,LVA,1967,9.3648,,,,,
Lebanon,LBN,1967,3.5101,,,,,
Liberia,LBR,1967,0.6119,,,,,
Libya,LBY,1967,2.4476,,,,,
Lithuania,LTU,1967,15.8901,,,,,
Luxembourg,LUX,1967,11.3511,,,,,
"Macedonia, FYR",MKD,1967,4.0476,,,,,
Madagascar,MDG,1967,0.8427,,,,,
Malawi,MWI,1967,0.3664,,,,,
Malaysia,MYS,1967,8.4712,,,,,
Mali,MLI,1967,0.2235,,,,,
Malta,MLT,1967,0.5203,,,,,
Mauritania,MRT,1967,0.1979,,,,,
Mauritius,MUS,1967,0.4983,,,,,
Mexico,MEX,1967,84.228,,,,,
Moldova,MDA,1967,13.6267,,,,,
Mongolia,MNG,1967,2.1508,,,,,
Morocco,MAR,1967,5.4117,,,,,
Mozambique,MOZ,1967,1.8723,,,,,
Myanmar,MMR,1967,3.6164,,,,,
Nauru,NRU,1967,0.0476,,,,,
Nepal,NPL,1967,0.2125,,,,,
Netherlands,NLD,1967,106.6957,,,,,
New Zealand,NZL,1967,13.6301,,,,,
Nicaragua,NIC,1967,1.0809,,,,,
Niger,NER,1967,0.1319,,,,,
Nigeria,NGA,1967,8.1084,,,,,
Norway,NOR,1967,19.3129,,,,,
Oman,OMN,1967,0.1356,,,,,
Pakistan,PAK,1967,17.9099,,,,,
Panama,PAN,1967,1.6964,,,,,
Papua New Guinea,PNG,1967,0.436,,,,,
Paraguay,PRY,1967,0.4873,,,,,
Peru,PER,1967,13.6447,,,,,
Philippines,PHL,1967,18.2174,,,,,
Poland,POL,1967,259.0704,,,,,
Portugal,PRT,1967,12.399,,,,,
Qatar,QAT,1967,0.4324,,,,,
Romania,ROU,1967,92.0543,,,,,
Russian Federation,RUS,1967,1288.3549,,,,,
Rwanda,RWA,1967,0.0403,,,,,
Saint Lucia,LCA,1967,0.033,,,,,
Saint Vincent & Grenadines,VCT,1967,0.0183,,,,,
Samoa,WSM,1967,0.0256,,,,,
Sao Tome & Principe,STP,1967,0.011,,,,,
Saudi Arabia,SAU,1967,6.804,,,,,
Senegal,SEN,1967,0.6998,,,,,
Serbia,SRB,1967,23.0115,,,,,
Seychelles,SYC,1967,0.0073,,,,,
Sierra Leone,SLE,1967,0.2528,,,,,
Singapore,SGP,1967,3.0558,,,,,
Slovakia,SVK,1967,35.1134,,,,,
Slovenia,SVN,1967,6.2826,,,,,
Solomon Islands,SLB,1967,0.033,,,,,
South Africa,ZAF,1967,133.7763,,,,,
Spain,ESP,1967,86.4484,,,,,
Sri Lanka,LKA,1967,2.9459,,,,,
Sudan,SDN,1967,3.184,,,,,
Suriname,SUR,1967,1.3337,,,,,
Swaziland,SWZ,1967,0.2272,,,,,
Sweden,SWE,1967,68.9455,,,,,
Switzerland,CHE,1967,32.5327,,,,,
Syria,SYR,1967,4.6056,,,,,
Taiwan,TWN,1967,21.984,,,,,
Tajikistan,TJK,1967,4.8132,,,,,
Tanzania,TZA,1967,1.7587,,,,,
Thailand,THA,1967,12.1608,,,,,
Togo,TGO,1967,0.1979,,,,,
Tonga,TON,1967,0.0147,,,,,
Trinidad & Tobago,TTO,1967,4.635,,,,,
Tunisia,TUN,1967,3.0851,,,,,
Turkey,TUR,1967,33.5,,,,,
Turkmenistan,TKM,1967,22.2135,,,,,
Uganda,UGA,1967,0.8097,,,,,
Ukraine,UKR,1967,368.0667,,,,,
United Arab Emirates,ARE,1967,0.9197,,,,,
United Kingdom,GBR,1967,592.0364,,,,,
United States of America,USA,1967,3666.301,,,,,
Uruguay,URY,1967,4.8804,,,,,
Uzbekistan,UZB,1967,78.1753,,,,,
Vanuatu,VUT,1967,0.0843,,,,,
Venezuela,VEN,1967,30.4515,,,,,
Vietnam,VNM,1967,22.966,,,,,
Yemen,YEM,1967,3.0521,,,,,
Zambia,ZMB,1967,4.7925,,,,,
Zimbabwe,ZWE,1967,5.2945,,,,,
World,WLD,1967,12193.792,5667.933333333333,,,,
Afghanistan,AFG,1968,1.2274,,,,,
Albania,ALB,1968,3.0704,,,,,
Algeria,DZA,1968,9.0501,,,,,
Angola,AGO,1968,1.6744,,,,,
Antigua & Barbuda,ATG,1968,0.9893,,,,,
Argentina,ARG,1968,66.1499,,,,,
Armenia,ARM,1968,8.1583,,,,,
Australia,AUS,1968,134.5128,,,,,
Austria,AUT,1968,42.3119,,,,,
Azerbaijan,AZE,1968,30.7719,,,,,
Bahamas,BHS,1968,1.6305,,,,,
Bahrain,BHR,1968,1.1029,,,,,
Bangladesh,BGD,1968,4.173,,,,,
Barbados,BRB,1968,0.4433,,,,,
Belarus,BLR,1968,66.861,,,,,
Belgium,BEL,1968,118.4608,,,,,
Belize,BLZ,1968,0.1026,,,,,
Benin,BEN,1968,0.1539,,,,,
Bolivia,BOL,1968,1.8943,,,,,
Bosnia & Herzegovina,BIH,1968,7.6742,,,,,
Brazil,BRA,1968,76.3724,,,,,
Brunei,BRN,1968,0.4287,,,,,
Bulgaria,BGR,1968,59.4814,,,,,
Burkina Faso,BFA,1968,0.1026,,,,,
Burundi,BDI,1968,0.055,,,,,
Cambodia,KHM,1968,0.491,,,,,
Cameroon,CMR,1968,0.5056,,,,,
Canada,CAN,1968,298.9934,,,,,
Cape Verde,CPV,1968,0.0293,,,,,
Central African Republic,CAF,1968,0.1832,,,,,
Chad,TCD,1968,0.1246,,,,,
Chile,CHL,1968,18.265,,,,,
China,CHN,1968,468.545,,,,,
Colombia,COL,1968,25.6004,,,,,
Comoros,COM,1968,0.0183,,,,,
Congo,COG,1968,0.4507,,,,,
"Congo, Dem. Republic",COD,1968,3.3672,,,,,
Costa Rica,CRI,1968,1.0369,,,,,
Cote d'Ivoire,CIV,1968,1.7624,,,,,
Croatia,HRV,1968,8.9115,,,,,
Cuba,CUB,1968,16.0227,,,,,
Cyprus,CYP,1968,1.6232,,,,,
Czech Republic,CZE,1968,130.7821,,,,,
Denmark,DNK,1968,53.2819,,,,,
Djibouti,DJI,1968,0.1209,,,,,
Dominica,DMA,1968,0.022,,,,,
Dominican Republic,DOM,1968,2.3486,,,,,
Ecuador,ECU,1968,3.1144,,,,,
Egypt,EGY,1968,22.8853,,,,,
El Salvador,SLV,1968,1.2604,,,,,
Equatorial Guinea,GNQ,1968,0.0293,,,,,
Estonia,EST,1968,17.2053,,,,,
Ethiopia,ETH,1968,1.7257,,,,,
Fiji,FJI,1968,0.3957,,,,,
Finland,FIN,1968,33.2911,,,,,
France,FRA,1968,384.317,,,,,
Gabon,GAB,1968,1.9602,,,,,
Gambia,GMB,1968,0.0366,,,,,
Georgia,GEO,1968,14.077,,,,,
Germany,DEU,1968,984.8759,,,,,
Ghana,GHA,1968,1.7624,,,,,
Greece,GRC,1968,22.3028,,,,,
Grenada,GRD,1968,0.0403,,,,,
Guatemala,GTM,1968,2.1398,,,,,
Guinea,GIN,1968,0.7475,,,,,
Guinea-Bissau,GNB,1968,0.0623,,,,,
Guyana,GUY,1968,1.33,,,,,
Haiti,HTI,1968,0.2638,,,,,
Honduras,HND,1968,1.2238,,,,,
Hungary,HUN,1968,60.881,,,,,
Iceland,ISL,1968,1.5975,,,,,
India,IND,1968,185.8124,,,,,
Indonesia,IDN,1968,27.5643,,,,,
Iran,IRN,1968,41.2933,,,,,
Iraq,IRQ,1968,10.9664,,,,,
Ireland,IRL,1968,17.8034,,,,,
Israel,ISR,1968,13.8023,,,,,
Italy,ITA,1968,249.2912,,,,,
Jamaica,JAM,1968,3.8802,,,,,
Japan,JPN,1968,562.1089,,,,,
Jordan,JOR,1968,1.5059,,,,,
Kazakhstan,KAZ,1968,153.8581,,,,,
Kenya,KEN,1968,2.8213,,,,,
Kiribati,KIR,1968,0.033,,,,,
Korea (North),PRK,1968,59.2799,,,,,
Korea (South),KOR,1968,37.2116,,,,,
Kuwait,KWT,1968,5.6829,,,,,
Kyrgyzstan,KGZ,1968,9.9042,,,,,
Laos,LAO,1968,0.1685,,,,,
Latvia,LVA,1968,9.6279,,,,,
Lebanon,LBN,1968,3.6274,,,,,
Liberia,LBR,1968,0.883,,,,,
Libya,LBY,1968,2.9752,,,,,
Lithuania,LTU,1968,16.3377,,,,,
Luxembourg,LUX,1968,12.2634,,,,,
"Macedonia, FYR",MKD,1968,4.3309,,,,,
Madagascar,MDG,1968,0.9123,,,,,
Malawi,MWI,1968,0.392,,,,,
Malaysia,MYS,1968,8.5078,,,,,
Mali,MLI,1968,0.1979,,,,,
Malta,MLT,1968,0.6375,,,,,
Mauritania,MRT,1968,0.2345,,,,,
Mauritius,MUS,1968,0.6375,,,,,
Mexico,MEX,1968,88.1045,,,,,
Moldova,MDA,1968,14.0089,,,,,
Mongolia,MNG,1968,2.4805,,,,,
Morocco,MAR,1968,5.6242,,,,,
Mozambique,MOZ,1968,2.7773,,,,,
Myanmar,MMR,1968,2.9275,,,,,
Nauru,NRU,1968,0.0476,,,,,
Nepal,NPL,1968,0.2565,,,,,
Netherlands,NLD,1968,113.4594,,,,,
New Zealand,NZL,1968,13.4799,,,,,
Nicaragua,NIC,1968,1.2311,,,,,
Niger,NER,1968,0.1612,,,,,
Nigeria,NGA,1968,4.1,,,,,
Norway,NOR,1968,21.123,,,,,
Oman,OMN,1968,0.1612,,,,,
Pakistan,PAK,1968,20.5443,,,,,
Panama,PAN,1968,2.0152,,,,,
Papua New Guinea,PNG,1968,0.502,,,,,
Paraguay,PRY,1968,0.5899,,,,,
Peru,PER,1968,14.4911,,,,,
Philippines,PHL,1968,22.2332,,,,,
Poland,POL,1968,275.8442,,,,,
Portugal,PRT,1968,12.9999,,,,,
Qatar,QAT,1968,1.2274,,,,,
Romania,ROU,1968,100.1078,,,,,
Russian Federation,RUS,1968,1324.5579,,,,,
Rwanda,RWA,1968,0.0513,,,,,
Saint Lucia,LCA,1968,0.0366,,,,,
Saint Vincent & Grenadines,VCT,1968,0.022,,,,,
Samoa,WSM,1968,0.0293,,,,,
Sao Tome & Principe,STP,1968,0.0147,,,,,
Saudi Arabia,SAU,1968,8.8339,,,,,
Senegal,SEN,1968,-0.0806,,,,,
Serbia,SRB,1968,24.5963,,,,,
Seychelles,SYC,1968,0.0073,,,,,
Sierra Leone,SLE,1968,0.3847,,,,,
Singapore,SGP,1968,5.4191,,,,,
Slovakia,SVK,1968,36.7177,,,,,
Slovenia,SVN,1968,6.7247,,,,,
Solomon Islands,SLB,1968,0.0366,,,,,
South Africa,ZAF,1968,137.9679,,,,,
Spain,ESP,1968,97.074,,,,,
Sri Lanka,LKA,1968,3.239,,,,,
Sudan,SDN,1968,3.1034,,,,,
Suriname,SUR,1968,1.4509,,,,,
Swaziland,SWZ,1968,0.2785,,,,,
Sweden,SWE,1968,77.6218,,,,,
Switzerland,CHE,1968,35.9988,,,,,
Syria,SYR,1968,5.9577,,,,,
Taiwan,TWN,1968,24.1531,,,,,
Tajikistan,TJK,1968,4.9486,,,,,
Tanzania,TZA,1968,1.6561,,,,,
Thailand,THA,1968,17.0852,,,,,
Togo,TGO,1968,0.1942,,,,,
Tonga,TON,1968,0.0147,,,,,
Trinidad & Tobago,TTO,1968,4.0377,,,,,
Tunisia,TUN,1968,3.598,,,,,
Turkey,TUR,1968,36.2883,,,,,
Turkmenistan,TKM,1968,22.8377,,,,,
Uganda,UGA,1968,0.982,,,,,
Ukraine,UKR,1968,378.4085,,,,,
United Arab Emirates,ARE,1968,1.2421,,,,,
United Kingdom,GBR,1968,606.2235,,,,,
United States of America,USA,1968,3800.4034,,,,,
Uruguay,URY,1968,4.8804,,,,,
Uzbekistan,UZB,1968,80.3775,,,,,
Vanuatu,VUT,1968,0.0623,,,,,
Venezuela,VEN,1968,31.8841,,,,,
Vietnam,VNM,1968,23.6035,,,,,
Yemen,YEM,1968,11.6369,,,,,
Zambia,ZMB,1968,4.5727,,,,,
Zimbabwe,ZWE,1968,6.379,,,,,
World,WLD,1968,12798.352,5418.233333333334,,,,
Afghanistan,AFG,1969,0.9416,,,,,
Albania,ALB,1969,3.2426,,,,,
Algeria,DZA,1969,11.2705,,,,,
Angola,AGO,1969,2.781,,,,,
Antigua & Barbuda,ATG,1969,1.2568,,,,,
Argentina,ARG,1969,74.4342,,,,,
Armenia,ARM,1969,8.4965,,,,,
Australia,AUS,1969,142.1412,,,,,
Austria,AUT,1969,44.6532,,,,,
Azerbaijan,AZE,1969,32.052,,,,,
Bahamas,BHS,1969,1.7441,,,,,
Bahrain,BHR,1969,1.2714,,,,,
Bangladesh,BGD,1969,4.0244,,,,,
Barbados,BRB,1969,0.4836,,,,,
Belarus,BLR,1969,69.6358,,,,,
Belgium,BEL,1969,123.5208,,,,,
Belize,BLZ,1969,0.1356,,,,,
Benin,BEN,1969,0.2015,,,,,
Bolivia,BOL,1969,1.9786,,,,,
Bosnia & Herzegovina,BIH,1969,7.9539,,,,,
Brazil,BRA,1969,82.9713,,,,,
Brunei,BRN,1969,0.4873,,,,,
Bulgaria,BGR,1969,66.3221,,,,,
Burkina Faso,BFA,1969,0.1209,,,,,
Burundi,BDI,1969,0.0733,,,,,
Cambodia,KHM,1969,1.341,,,,,
Cameroon,CMR,1969,0.5752,,,,,
Canada,CAN,1969,302.6757,,,,,
Cape Verde,CPV,1969,0.0366,,,,,
Central African Republic,CAF,1969,0.1869,,,,,
Chad,TCD,1969,0.1612,,,,,
Chile,CHL,1969,18.9209,,,,,
China,CHN,1969,576.7649,,,,,
Colombia,COL,1969,26.6739,,,,,
Comoros,COM,1969,0.0183,,,,,
Congo,COG,1969,0.5056,,,,,
"Congo, Dem. Republic",COD,1969,3.6493,,,,,
Cook Islands,COK,1969,0.011,,,,,
Costa Rica,CRI,1969,1.1468,,,,,
Cote d'Ivoire,CIV,1969,2.0848,,,,,
Croatia,HRV,1969,9.246,,,,,
Cuba,CUB,1969,17.2464,,,,,
Cyprus,CYP,1969,1.6708,,,,,
Czech Republic,CZE,1969,138.849,,,,,
Denmark,DNK,1969,59.3531,,,,,
Djibouti,DJI,1969,0.0843,,,,,
Dominica,DMA,1969,0.0183,,,,,
Dominican Republic,DOM,1969,2.6564,,,,,
Ecuador,ECU,1969,3.228,,,,,
Egypt,EGY,1969,18.287,,,,,
El Salvador,SLV,1969,1.1908,,,,,
Equatorial Guinea,GNQ,1969,0.044,,,,,
Estonia,EST,1969,17.919,,,,,
Ethiopia,ETH,1969,1.6635,,,,,
Fiji,FJI,1969,0.436,,,,,
Finland,FIN,1969,37.9041,,,,,
France,FRA,1969,412.9218,,,,,
Gabon,GAB,1969,1.4326,,,,,
Gambia,GMB,1969,0.0476,,,,,
Georgia,GEO,1969,14.6625,,,,,
Germany,DEU,1969,1052.1139,,,,,
Ghana,GHA,1969,1.6928,,,,,
Greece,GRC,1969,25.4538,,,,,
Grenada,GRD,1969,0.0476,,,,,
Guatemala,GTM,1969,2.279,,,,,
Guinea,GIN,1969,0.7475,,,,,
Guinea-Bissau,GNB,1969,0.0586,,,,,
Guyana,GUY,1969,1.3667,,,,,
Haiti,HTI,1969,0.3151,,,,,
Honduras,HND,1969,1.1761,,,,,
Hungary,HUN,1969,62.1048,,,,,
Iceland,ISL,1969,1.2641,,,,,
India,IND,1969,189.3042,,,,,
Indonesia,IDN,1969,33.3607,,,,,
Iran,IRN,1969,40.1831,,,,,
Iraq,IRQ,1969,12.2231,,,,,
Ireland,IRL,1969,18.4995,,,,,
Israel,ISR,1969,14.8099,,,,,
Italy,ITA,1969,269.7876,,,,,
Jamaica,JAM,1969,4.2722,,,,,
Japan,JPN,1969,653.4268,,,,,
Jordan,JOR,1969,1.7587,,,,,
Kazakhstan,KAZ,1969,160.2495,,,,,
Kenya,KEN,1969,3.1254,,,,,
Kiribati,KIR,1969,0.011,,,,,
Korea (North),PRK,1969,64.0944,,,,,
Korea (South),KOR,1969,42.4877,,,,,
Kuwait,KWT,1969,8.7203,,,,,
Kyrgyzstan,KGZ,1969,10.3116,,,,,
Laos,LAO,1969,0.3188,,,,,
Latvia,LVA,1969,10.0269,,,,,
Lebanon,LBN,1969,4.2466,,,,,
Liberia,LBR,1969,1.2714,,,,,
Libya,LBY,1969,6.478,,,,,
Lithuania,LTU,1969,17.0106,,,,,
Luxembourg,LUX,1969,13.1831,,,,,
"Macedonia, FYR",MKD,1969,4.4912,,,,,
Madagascar,MDG,1969,0.85,,,,,
Malawi,MWI,1969,0.3774,,,,,
Malaysia,MYS,1969,9.5191,,,,,
Mali,MLI,1969,0.1612,,,,,
Malta,MLT,1969,0.6522,,,,,
Mauritania,MRT,1969,0.2748,,,,,
Mauritius,MUS,1969,0.5752,,,,,
Mexico,MEX,1969,96.0884,,,,,
Moldova,MDA,1969,14.5919,,,,,
Mongolia,MNG,1969,2.682,,,,,
Morocco,MAR,1969,5.8221,,,,,
Mozambique,MOZ,1969,3.239,,,,,
Myanmar,MMR,1969,3.2133,,,,,
Nauru,NRU,1969,0.066,,,,,
Nepal,NPL,1969,0.3957,,,,,
Netherlands,NLD,1969,115.7348,,,,,
New Zealand,NZL,1969,14.2603,,,,,
Nicaragua,NIC,1969,1.2861,,,,,
Niger,NER,1969,0.1905,,,,,
Nigeria,NGA,1969,4.2099,,,,,
Norway,NOR,1969,22.2038,,,,,
Oman,OMN,1969,0.2345,,,,,
Pakistan,PAK,1969,19.9491,,,,,
Panama,PAN,1969,2.0518,,,,,
Papua New Guinea,PNG,1969,0.5569,,,,,
Paraguay,PRY,1969,0.5203,,,,,
Peru,PER,1969,15.2935,,,,,
Philippines,PHL,1969,22.8414,,,,,
Poland,POL,1969,293.4168,,,,,
Portugal,PRT,1969,14.5974,,,,,
Qatar,QAT,1969,1.9602,,,,,
Romania,ROU,1969,111.5541,,,,,
Russian Federation,RUS,1969,1379.4335,,,,,
Rwanda,RWA,1969,0.055,,,,,
Saint Lucia,LCA,1969,0.0623,,,,,
Saint Vincent & Grenadines,VCT,1969,0.0293,,,,,
Samoa,WSM,1969,0.0293,,,,,
Sao Tome & Principe,STP,1969,0.0147,,,,,
Saudi Arabia,SAU,1969,11.6808,,,,,
Senegal,SEN,1969,0.491,,,,,
Serbia,SRB,1969,25.4997,,,,,
Seychelles,SYC,1969,0.0073,,,,,
Sierra Leone,SLE,1969,1.1065,,,,,
Singapore,SGP,1969,7.1998,,,,,
Slovakia,SVK,1969,38.9685,,,,,
Slovenia,SVN,1969,6.9742,,,,,
Solomon Islands,SLB,1969,0.0366,,,,,
South Africa,ZAF,1969,143.1635,,,,,
Spain,ESP,1969,96.8065,,,,,
Sri Lanka,LKA,1969,4.3162,,,,,
Sudan,SDN,1969,4.1806,,,,,
Suriname,SUR,1969,1.5206,,,,,
Swaziland,SWZ,1969,0.3041,,,,,
Sweden,SWE,1969,86.3971,,,,,
Switzerland,CHE,1969,38.069,,,,,
Syria,SYR,1969,7.2364,,,,,
Taiwan,TWN,1969,26.3039,,,,,
Tajikistan,TJK,1969,5.1531,,,,,
Tanzania,TZA,1969,1.7954,,,,,
Thailand,THA,1969,14.5497,,,,,
Togo,TGO,1969,0.2418,,,,,
Tonga,TON,1969,0.011,,,,,
Trinidad & Tobago,TTO,1969,3.9022,,,,,
Tunisia,TUN,1969,3.8582,,,,,
Turkey,TUR,1969,38.7798,,,,,
Turkmenistan,TKM,1969,23.7837,,,,,
Uganda,UGA,1969,1.1761,,,,,
Ukraine,UKR,1969,394.0892,,,,,
United Arab Emirates,ARE,1969,1.2714,,,,,
United Kingdom,GBR,1969,626.8664,,,,,
United States of America,USA,1969,3993.1408,,,,,
Uruguay,URY,1969,5.5949,,,,,
Uzbekistan,UZB,1969,83.688,,,,,
Vanuatu,VUT,1969,0.044,,,,,
Venezuela,VEN,1969,34.6065,,,,,
Vietnam,VNM,1969,27.0586,,,,,
Yemen,YEM,1969,4.6753,,,,,
Zambia,ZMB,1969,4.2722,,,,,
Zimbabwe,ZWE,1969,6.7454,,,,,
World,WLD,1969,13556.8,5438.033333333333,,,,
Afghanistan,AFG,1970,1.3703,,,,,
Albania,ALB,1970,3.7373,,,,,
Algeria,DZA,1970,8.4052,,,,,
Angola,AGO,1970,2.0995,,,,,
Antigua & Barbuda,ATG,1970,0.4617,,,,,
Argentina,ARG,1970,79.8569,,,,,
Armenia,ARM,1970,8.9366,,,,,
Australia,AUS,1970,147.5016,,,,,
Austria,AUT,1970,50.6475,,,,,
Azerbaijan,AZE,1970,33.7095,,,,,
Bahamas,BHS,1970,2.5721,,,,,
Bahrain,BHR,1970,2.5868,,,,,
Bangladesh,BGD,1970,3.91,,,,,
Barbados,BRB,1970,0.4324,,,,,
Belarus,BLR,1970,73.2409,,,,,
Belgium,BEL,1970,125.5176,,,,,
Belize,BLZ,1970,0.1209,,,,,
Benin,BEN,1970,0.2821,,,,,
Bhutan,BTN,1970,0.0037,,,,,
Bolivia,BOL,1970,1.9346,,,,,
Bosnia & Herzegovina,BIH,1970,10.4378,,,,,
Brazil,BRA,1970,91.7942,,,,,
Brunei,BRN,1970,0.5789,,,,,
Bulgaria,BGR,1970,61.1925,,,,,
Burkina Faso,BFA,1970,0.1429,,,,,
Burundi,BDI,1970,0.0623,,,,,
Cambodia,KHM,1970,1.1725,,,,,
Cameroon,CMR,1970,0.6375,,,,,
Canada,CAN,1970,336.4028,,,,,
Cape Verde,CPV,1970,0.0366,,,,,
Central African Republic,CAF,1970,0.2088,,,,,
Chad,TCD,1970,0.1246,,,,,
Chile,CHL,1970,22.5483,,,,,
China,CHN,1970,770.9862,,,,,
Colombia,COL,1970,27.2785,,,,,
Comoros,COM,1970,0.0293,,,,,
Congo,COG,1970,0.458,,,,,
"Congo, Dem. Republic",COD,1970,2.7114,,,,,
Cook Islands,COK,1970,0.011,,,,,
Costa Rica,CRI,1970,1.2494,,,,,
Cote d'Ivoire,CIV,1970,2.4402,,,,,
Croatia,HRV,1970,12.0069,,,,,
Cuba,CUB,1970,18.6571,,,,,
Cyprus,CYP,1970,1.7038,,,,,
Czech Republic,CZE,1970,159.2016,,,,,
Denmark,DNK,1970,62.0462,,,,,
Djibouti,DJI,1970,0.1392,,,,,
Dominica,DMA,1970,0.0256,,,,,
Dominican Republic,DOM,1970,3.1071,,,,,
Ecuador,ECU,1970,3.6677,,,,,
Egypt,EGY,1970,19.8186,,,,,
El Salvador,SLV,1970,1.429,,,,,
Equatorial Guinea,GNQ,1970,0.0366,,,,,
Estonia,EST,1970,18.8469,,,,,
Ethiopia,ETH,1970,1.6525,,,,,
Fiji,FJI,1970,0.5203,,,,,
Finland,FIN,1970,40.359,,,,,
France,FRA,1970,438.6504,,,,,
Gabon,GAB,1970,2.0189,,,,,
Gambia,GMB,1970,0.0476,,,,,
Georgia,GEO,1970,15.4208,,,,,
Germany,DEU,1970,1026.1728,,,,,
Ghana,GHA,1970,2.6234,,,,,
Greece,GRC,1970,24.1458,,,,,
Grenada,GRD,1970,0.044,,,,,
Guatemala,GTM,1970,2.2973,,,,,
Guinea,GIN,1970,0.7914,,,,,
Guinea-Bissau,GNB,1970,0.0696,,,,,
Guyana,GUY,1970,1.5792,,,,,
Haiti,HTI,1970,0.3847,,,,,
Honduras,HND,1970,1.3887,,,,,
Hungary,HUN,1970,69.7003,,,,,
Iceland,ISL,1970,1.3923,,,,,
India,IND,1970,193.5618,,,,,
Indonesia,IDN,1970,32.2212,,,,,
Iran,IRN,1970,55.9676,,,,,
Iraq,IRQ,1970,13.6044,,,,,
Ireland,IRL,1970,19.3972,,,,,
Israel,ISR,1970,16.5613,,,,,
Italy,ITA,1970,296.4982,,,,,
Jamaica,JAM,1970,4.9867,,,,,
Japan,JPN,1970,768.1539,,,,,
Jordan,JOR,1970,1.5572,,,,,
Kazakhstan,KAZ,1970,168.542,,,,,
Kenya,KEN,1970,3.0814,,,,,
Kiribati,KIR,1970,0.022,,,,,
Korea (North),PRK,1970,73.4925,,,,,
Korea (South),KOR,1970,53.7362,,,,,
Kuwait,KWT,1970,4.1953,,,,,
Kyrgyzstan,KGZ,1970,10.8476,,,,,
Laos,LAO,1970,0.5716,,,,,
Latvia,LVA,1970,10.5463,,,,,
Lebanon,LBN,1970,3.9022,,,,,
Liberia,LBR,1970,1.4509,,,,,
Libya,LBY,1970,2.8946,,,,,
Lithuania,LTU,1970,17.8943,,,,,
Luxembourg,LUX,1970,13.7363,,,,,
"Macedonia, FYR",MKD,1970,5.8621,,,,,
Madagascar,MDG,1970,0.971,,,,,
Malawi,MWI,1970,0.4543,,,,,
Malaysia,MYS,1970,14.3812,,,,,
Mali,MLI,1970,0.2015,,,,,
Malta,MLT,1970,0.6632,,,,,
Mauritania,MRT,1970,0.4287,,,,,
Mauritius,MUS,1970,0.4983,,,,,
Mexico,MEX,1970,104.3654,,,,,
Moldova,MDA,1970,15.3464,,,,,
Mongolia,MNG,1970,2.8469,,,,,
Morocco,MAR,1970,7.2877,,,,,
Mozambique,MOZ,1970,2.9825,,,,,
Myanmar,MMR,1970,4.3015,,,,,
Nauru,NRU,1970,0.066,,,,,
Nepal,NPL,1970,0.2272,,,,,
Netherlands,NLD,1970,141.7308,,,,,
New Zealand,NZL,1970,14.165,,,,,
Nicaragua,NIC,1970,1.4033,,,,,
Niger,NER,1970,0.2162,,,,,
Nigeria,NGA,1970,6.1702,,,,,
Niue,NIU,1970,0.0037,,,,,
Norway,NOR,1970,27.9856,,,,,
Oman,OMN,1970,0.2345,,,,,
Pakistan,PAK,1970,19.371,,,,,
Panama,PAN,1970,2.2021,,,,,
Papua New Guinea,PNG,1970,0.6925,,,,,
Paraguay,PRY,1970,0.7438,,,,,
Peru,PER,1970,16.1546,,,,,
Philippines,PHL,1970,24.7613,,,,,
Poland,POL,1970,304.1889,,,,,
Portugal,PRT,1970,15.2422,,,,,
Qatar,QAT,1970,2.3523,,,,,
Romania,ROU,1970,120.018,,,,,
Russian Federation,RUS,1970,1450.9037,,,,,
Rwanda,RWA,1970,0.0586,,,,,
Saint Lucia,LCA,1970,0.066,,,,,
Saint Vincent & Grenadines,VCT,1970,0.0293,,,,,
Samoa,WSM,1970,0.0293,,,,,
Sao Tome & Principe,STP,1970,0.0147,,,,,
Saudi Arabia,SAU,1970,16.7262,,,,,
Senegal,SEN,1970,1.308,,,,,
Serbia,SRB,1970,33.3724,,,,,
Seychelles,SYC,1970,0.0293,,,,,
Sierra Leone,SLE,1970,0.872,,,,,
Singapore,SGP,1970,18.1954,,,,,
Slovakia,SVK,1970,44.6524,,,,,
Slovenia,SVN,1970,9.0947,,,,,
Solomon Islands,SLB,1970,0.0403,,,,,
South Africa,ZAF,1970,149.6414,,,,,
Spain,ESP,1970,116.8376,,,,,
Sri Lanka,LKA,1970,3.5944,,,,,
Sudan,SDN,1970,4.8511,,,,,
Suriname,SUR,1970,1.6085,,,,,
Swaziland,SWZ,1970,0.3664,,,,,
Sweden,SWE,1970,92.3035,,,,,
Switzerland,CHE,1970,40.26,,,,,
Syria,SYR,1970,6.3241,,,,,
Taiwan,TWN,1970,28.7551,,,,,
Tajikistan,TJK,1970,5.4203,,,,,
Tanzania,TZA,1970,1.766,,,,,
Thailand,THA,1970,15.3632,,,,,
Togo,TGO,1970,0.2748,,,,,
Tonga,TON,1970,0.0256,,,,,
Trinidad & Tobago,TTO,1970,7.0679,,,,,
Tunisia,TUN,1970,3.7373,,,,,
Turkey,TUR,1970,42.605,,,,,
Turkmenistan,TKM,1970,25.0161,,,,,
Uganda,UGA,1970,1.4436,,,,,
Ukraine,UKR,1970,414.5054,,,,,
United Arab Emirates,ARE,1970,0.9783,,,,,
United Kingdom,GBR,1970,649.5722,,,,,
United States of America,USA,1970,4299.1141,,,,,
Uruguay,URY,1970,5.7378,,,,,
Uzbekistan,UZB,1970,88.0356,,,,,
Vanuatu,VUT,1970,0.0403,,,,,
Venezuela,VEN,1970,38.1899,,,,,
Vietnam,VNM,1970,28.1762,,,,,
Yemen,YEM,1970,2.5098,,,,,
Zambia,ZMB,1970,3.7666,,,,,
Zimbabwe,ZWE,1970,8.1561,,,,,
World,WLD,1970,14531.424,5278.900000000001,,,,
Afghanistan,AFG,1971,1.5902,,,,,
Albania,ALB,1971,4.0695,,,,,
Algeria,DZA,1971,9.4,,,,,
Angola,AGO,1971,1.9238,,,,,
Antigua & Barbuda,ATG,1971,0.425,,,,,
Argentina,ARG,1971,85.5353,,,,,
Armenia,ARM,1971,9.4026,,,,,
Australia,AUS,1971,146.474,,,,,
Austria,AUT,1971,51.447,,,,,
Azerbaijan,AZE,1971,35.4672,,,,,
Bahamas,BHS,1971,6.7271,,,,,
Bahrain,BHR,1971,3.01,,,,,
Bangladesh,BGD,1971,3.2295,,,,,
Barbados,BRB,1971,0.4873,,,,,
Belarus,BLR,1971,77.0602,,,,,
Belgium,BEL,1971,120.2852,,,,,
Belize,BLZ,1971,0.1429,,,,,
Benin,BEN,1971,0.3,,,,,
Bhutan,BTN,1971,0.0037,,,,,
Bolivia,BOL,1971,2.2323,,,,,
Bosnia & Herzegovina,BIH,1971,10.2644,,,,,
Brazil,BRA,1971,95.1241,,,,,
Brunei,BRN,1971,0.4,,,,,
Bulgaria,BGR,1971,64.7746,,,,,
Burkina Faso,BFA,1971,0.1502,,,,,
Burundi,BDI,1971,0.0733,,,,,
Cambodia,KHM,1971,0.2492,,,,,
Cameroon,CMR,1971,0.7996,,,,,
Canada,CAN,1971,343.65,,,,,
Cape Verde,CPV,1971,0.0366,,,,,
Central African Republic,CAF,1971,0.1832,,,,,
Chad,TCD,1971,0.1502,,,,,
Chile,CHL,1971,21.5215,,,,,
China,CHN,1971,826.9953,,,,,
Colombia,COL,1971,28.098,,,,,
Comoros,COM,1971,0.0293,,,,,
Congo,COG,1971,0.58,,,,,
"Congo, Dem. Republic",COD,1971,2.7472,,,,,
Cook Islands,COK,1971,0.011,,,,,
Costa Rica,CRI,1971,1.3663,,,,,
Cote d'Ivoire,CIV,1971,2.6292,,,,,
Croatia,HRV,1971,11.5215,,,,,
Cuba,CUB,1971,20.7937,,,,,
Cyprus,CYP,1971,1.9302,,,,,
Czech Republic,CZE,1971,153.5035,,,,,
Denmark,DNK,1971,56.393,,,,,
Djibouti,DJI,1971,0.1612,,,,,
Dominica,DMA,1971,0.0256,,,,,
Dominican Republic,DOM,1971,3.7468,,,,,
Ecuador,ECU,1971,3.7232,,,,,
Egypt,EGY,1971,22.2529,,,,,
El Salvador,SLV,1971,1.5116,,,,,
Equatorial Guinea,GNQ,1971,0.066,,,,,
Estonia,EST,1971,19.8297,,,,,
Ethiopia,ETH,1971,1.4263,,,,,
Fiji,FJI,1971,0.5459,,,,,
Finland,FIN,1971,40.696,,,,,
France,FRA,1971,446.3152,,,,,
Gabon,GAB,1971,0.47,,,,,
Gambia,GMB,1971,0.055,,,,,
Georgia,GEO,1971,16.2248,,,,,
Germany,DEU,1971,1003.2987,,,,,
Ghana,GHA,1971,2.1938,,,,,
Greece,GRC,1971,27.949,,,,,
Grenada,GRD,1971,0.0476,,,,,
Guatemala,GTM,1971,2.4036,,,,,
Guinea,GIN,1971,0.8134,,,,,
Guinea-Bissau,GNB,1971,0.0733,,,,,
Guyana,GUY,1971,1.4986,,,,,
Haiti,HTI,1971,0.4066,,,,,
Honduras,HND,1971,1.1906,,,,,
Hungary,HUN,1971,61.662,,,,,
Iceland,ISL,1971,1.4586,,,,,
India,IND,1971,207.6033,,,,,
Indonesia,IDN,1971,25.3718,,,,,
Iran,IRN,1971,43.0816,,,,,
Iraq,IRQ,1971,11.2733,,,,,
Ireland,IRL,1971,22.4675,,,,,
Israel,ISR,1971,15.1098,,,,,
Italy,ITA,1971,308.7868,,,,,
Jamaica,JAM,1971,5.7325,,,,,
Japan,JPN,1971,788.4061,,,,,
Jordan,JOR,1971,1.5488,,,,,
Kazakhstan,KAZ,1971,177.3305,,,,,
Kenya,KEN,1971,3.6157,,,,,
Kiribati,KIR,1971,0.0293,,,,,
Korea (North),PRK,1971,69.9063,,,,,
Korea (South),KOR,1971,55.4958,,,,,
Kuwait,KWT,1971,14.04,,,,,
Kyrgyzstan,KGZ,1971,11.4136,,,,,
Laos,LAO,1971,0.4214,,,,,
Latvia,LVA,1971,11.0963,,,,,
Lebanon,LBN,1971,5.2775,,,,,
Liberia,LBR,1971,1.5242,,,,,
Libya,LBY,1971,3.7666,,,,,
Lithuania,LTU,1971,18.8279,,,,,
Luxembourg,LUX,1971,15.5619,,,,,
"Macedonia, FYR",MKD,1971,5.3816,,,,,
Madagascar,MDG,1971,1.0296,,,,,
Malawi,MWI,1971,0.502,,,,,
Malaysia,MYS,1971,13.2459,,,,,
Maldives,MDV,1971,0.0037,,,,,
Mali,MLI,1971,0.2272,,,,,
Malta,MLT,1971,0.65,,,,,
Mauritania,MRT,1971,0.3994,,,,,
Mauritius,MUS,1971,0.3957,,,,,
Mexico,MEX,1971,100.7277,,,,,
Moldova,MDA,1971,16.1465,,,,,
Mongolia,MNG,1971,3.0301,,,,,
Morocco,MAR,1971,7.5765,,,,,
Mozambique,MOZ,1971,3.0988,,,,,
Myanmar,MMR,1971,4.6689,,,,,
Nauru,NRU,1971,0.0879,,,,,
Nepal,NPL,1971,0.19,,,,,
Netherlands,NLD,1971,131.5952,,,,,
New Zealand,NZL,1971,14.1404,,,,,
Nicaragua,NIC,1971,1.5286,,,,,
Niger,NER,1971,0.2308,,,,,
Nigeria,NGA,1971,6.2298,,,,,
Niue,NIU,1971,0.0037,,,,,
Norway,NOR,1971,24.8667,,,,,
Oman,OMN,1971,0.25,,,,,
Pakistan,PAK,1971,17.8878,,,,,
Panama,PAN,1971,2.6592,,,,,
Papua New Guinea,PNG,1971,0.8244,,,,,
Paraguay,PRY,1971,0.5993,,,,,
Peru,PER,1971,16.2818,,,,,
Philippines,PHL,1971,24.5935,,,,,
Poland,POL,1971,293.1883,,,,,
Portugal,PRT,1971,15.6738,,,,,
Qatar,QAT,1971,2.3582,,,,,
Romania,ROU,1971,119.1066,,,,,
Russian Federation,RUS,1971,1526.5724,,,,,
Rwanda,RWA,1971,0.0623,,,,,
Saint Lucia,LCA,1971,0.0696,,,,,
Saint Vincent & Grenadines,VCT,1971,0.0293,,,,,
Samoa,WSM,1971,0.0366,,,,,
Sao Tome & Principe,STP,1971,0.011,,,,,
Saudi Arabia,SAU,1971,13.0917,,,,,
Senegal,SEN,1971,1.3309,,,,,
Serbia,SRB,1971,31.6667,,,,,
Seychelles,SYC,1971,0.033,,,,,
Sierra Leone,SLE,1971,0.8024,,,,,
Singapore,SGP,1971,6.4441,,,,,
Slovakia,SVK,1971,40.4609,,,,,
Slovenia,SVN,1971,6.8754,,,,,
Solomon Islands,SLB,1971,0.0476,,,,,
South Africa,ZAF,1971,159.6165,,,,,
Spain,ESP,1971,128.4418,,,,,
Sri Lanka,LKA,1971,2.9405,,,,,
Sudan,SDN,1971,3.3653,,,,,
Suriname,SUR,1971,1.7148,,,,,
Swaziland,SWZ,1971,0.3994,,,,,
Sweden,SWE,1971,84.3876,,,,,
Switzerland,CHE,1971,41.5414,,,,,
Syria,SYR,1971,6.4843,,,,,
Taiwan,TWN,1971,33.4935,,,,,
Tajikistan,TJK,1971,5.7031,,,,,
Tanzania,TZA,1971,1.6079,,,,,
Thailand,THA,1971,17.635,,,,,
Togo,TGO,1971,0.34,,,,,
Tonga,TON,1971,0.0183,,,,,
Trinidad & Tobago,TTO,1971,6.2782,,,,,
Tunisia,TUN,1971,3.9695,,,,,
Turkey,TUR,1971,45.1693,,,,,
Turkmenistan,TKM,1971,26.3207,,,,,
Uganda,UGA,1971,1.44,,,,,
Ukraine,UKR,1971,436.1227,,,,,
United Arab Emirates,ARE,1971,2.45,,,,,
United Kingdom,GBR,1971,632.2692,,,,,
United States of America,USA,1971,4327.6266,,,,,
Uruguay,URY,1971,5.4472,,,,,
Uzbekistan,UZB,1971,92.6286,,,,,
Vanuatu,VUT,1971,0.0586,,,,,
Venezuela,VEN,1971,53.466,,,,,
Vietnam,VNM,1971,16.5211,,,,,
Yemen,YEM,1971,1.19,,,,,
Zambia,ZMB,1971,3.6645,,,,,
Zimbabwe,ZWE,1971,7.5085,,,,,
World,WLD,1971,13875.436,4736.233333333334,,,,
Afghanistan,AFG,1972,1.1652,,,,,
Albania,ALB,1972,4.6879,,,,,
Algeria,DZA,1972,10.4517,,,,,
Angola,AGO,1972,2.7814,,,,,
Antigua & Barbuda,ATG,1972,0.3737,,,,,
Argentina,ARG,1972,86.455,,,,,
Armenia,ARM,1972,9.9027,,,,,
Australia,AUS,1972,151.3985,,,,,
Austria,AUT,1972,53.672,,,,,
Azerbaijan,AZE,1972,37.358,,,,,
Bahamas,BHS,1972,6.4853,,,,,
Bahrain,BHR,1972,3.41,,,,,
Bangladesh,BGD,1972,3.171,,,,,
Barbados,BRB,1972,0.502,,,,,
Belarus,BLR,1972,81.1616,,,,,
Belgium,BEL,1972,130.1921,,,,,
Belize,BLZ,1972,0.1576,,,,,
Benin,BEN,1972,0.4,,,,,
Bhutan,BTN,1972,0.0037,,,,,
Bolivia,BOL,1972,2.4633,,,,,
Bosnia & Herzegovina,BIH,1972,10.19,,,,,
Botswana,BWA,1972,0.022,,,,,
Brazil,BRA,1972,104.0319,,,,,
Brunei,BRN,1972,0.39,,,,,
Bulgaria,BGR,1972,66.7492,,,,,
Burkina Faso,BFA,1972,0.1612,,,,,
Burundi,BDI,1972,0.0696,,,,,
Cambodia,KHM,1972,0.1172,,,,,
Cameroon,CMR,1972,0.8443,,,,,
Canada,CAN,1972,362.4404,,,,,
Cape Verde,CPV,1972,0.0513,,,,,
Central African Republic,CAF,1972,0.1685,,,,,
Chad,TCD,1972,0.1209,,,,,
Chile,CHL,1972,21.1088,,,,,
China,CHN,1972,879.761,,,,,
Colombia,COL,1972,28.8506,,,,,
Comoros,COM,1972,0.0293,,,,,
Congo,COG,1972,0.61,,,,,
"Congo, Dem. Republic",COD,1972,2.8282,,,,,
Cook Islands,COK,1972,0.011,,,,,
Costa Rica,CRI,1972,1.5419,,,,,
Cote d'Ivoire,CIV,1972,2.9304,,,,,
Croatia,HRV,1972,11.5691,,,,,
Cuba,CUB,1972,20.5628,,,,,
Cyprus,CYP,1972,2.3988,,,,,
Czech Republic,CZE,1972,152.6219,,,,,
Denmark,DNK,1972,58.4826,,,,,
Djibouti,DJI,1972,0.1905,,,,,
Dominica,DMA,1972,0.0256,,,,,
Dominican Republic,DOM,1972,4.8671,,,,,
Ecuador,ECU,1972,3.8318,,,,,
Egypt,EGY,1972,24.5453,,,,,
El Salvador,SLV,1972,1.7399,,,,,
Equatorial Guinea,GNQ,1972,0.0879,,,,,
Estonia,EST,1972,20.8848,,,,,
Ethiopia,ETH,1972,1.3153,,,,,
Fiji,FJI,1972,0.5789,,,,,
Finland,FIN,1972,44.6893,,,,,
France,FRA,1972,463.5452,,,,,
Gabon,GAB,1972,0.47,,,,,
Gambia,GMB,1972,0.066,,,,,
Georgia,GEO,1972,17.0897,,,,,
Germany,DEU,1972,1029.1555,,,,,
Ghana,GHA,1972,2.2352,,,,,
Greece,GRC,1972,32.3191,,,,,
Grenada,GRD,1972,0.0476,,,,,
Guatemala,GTM,1972,2.6419,,,,,
Guinea,GIN,1972,0.8317,,,,,
Guinea-Bissau,GNB,1972,0.066,,,,,
Guyana,GUY,1972,1.5609,,,,,
Haiti,HTI,1972,0.3903,,,,,
Honduras,HND,1972,1.2453,,,,,
Hungary,HUN,1972,63.7003,,,,,
Iceland,ISL,1972,1.556,,,,,
India,IND,1972,216.142,,,,,
Indonesia,IDN,1972,28.5468,,,,,
Iran,IRN,1972,47.7918,,,,,
Iraq,IRQ,1972,12.469,,,,,
Ireland,IRL,1972,22.1228,,,,,
Israel,ISR,1972,15.9394,,,,,
Italy,ITA,1972,326.1849,,,,,
Jamaica,JAM,1972,6.2688,,,,,
Japan,JPN,1972,831.3846,,,,,
Jordan,JOR,1972,1.8198,,,,,
Kazakhstan,KAZ,1972,186.7751,,,,,
Kenya,KEN,1972,3.7894,,,,,
Kiribati,KIR,1972,0.0256,,,,,
Korea (North),PRK,1972,72.4334,,,,,
Korea (South),KOR,1972,57.1916,,,,,
Kuwait,KWT,1972,15.44,,,,,
Kyrgyzstan,KGZ,1972,12.0174,,,,,
Laos,LAO,1972,0.4873,,,,,
Latvia,LVA,1972,11.6864,,,,,
Lebanon,LBN,1972,5.7691,,,,,
Liberia,LBR,1972,1.5059,,,,,
Libya,LBY,1972,5.4193,,,,,
Lithuania,LTU,1972,19.8248,,,,,
Luxembourg,LUX,1972,15.2939,,,,,
"Macedonia, FYR",MKD,1972,5.3758,,,,,
Madagascar,MDG,1972,1.2861,,,,,
Malawi,MWI,1972,0.5423,,,,,
Malaysia,MYS,1972,13.0789,,,,,
Maldives,MDV,1972,0.0037,,,,,
Mali,MLI,1972,0.2455,,,,,
Malta,MLT,1972,0.82,,,,,
Mauritania,MRT,1972,0.4433,,,,,
Mauritius,MUS,1972,0.6925,,,,,
Mexico,MEX,1972,114.4569,,,,,
Moldova,MDA,1972,17.0076,,,,,
Mongolia,MNG,1972,3.2793,,,,,
Morocco,MAR,1972,8.2694,,,,,
Mozambique,MOZ,1972,2.8545,,,,,
Myanmar,MMR,1972,4.5389,,,,,
Nauru,NRU,1972,0.0769,,,,,
Nepal,NPL,1972,0.26,,,,,
Netherlands,NLD,1972,147.4842,,,,,
New Zealand,NZL,1972,16.187,,,,,
Nicaragua,NIC,1972,1.5686,,,,,
Niger,NER,1972,0.2528,,,,,
Nigeria,NGA,1972,7.7079,,,,,
Niue,NIU,1972,0.0037,,,,,
Norway,NOR,1972,25.4193,,,,,
Oman,OMN,1972,0.26,,,,,
Pakistan,PAK,1972,18.0471,,,,,
Panama,PAN,1972,2.8356,,,,,
Papua New Guinea,PNG,1972,1.2677,,,,,
Paraguay,PRY,1972,0.6666,,,,,
Peru,PER,1972,16.3397,,,,,
Philippines,PHL,1972,25.4573,,,,,
Poland,POL,1972,305.3189,,,,,
Portugal,PRT,1972,16.035,,,,,
Qatar,QAT,1972,2.5113,,,,,
Romania,ROU,1972,123.181,,,,,
Russian Federation,RUS,1972,1607.726,,,,,
Rwanda,RWA,1972,0.066,,,,,
Saint Lucia,LCA,1972,0.0769,,,,,
Saint Vincent & Grenadines,VCT,1972,0.0366,,,,,
Samoa,WSM,1972,0.0366,,,,,
Sao Tome & Principe,STP,1972,0.011,,,,,
Saudi Arabia,SAU,1972,14.93,,,,,
Senegal,SEN,1972,1.4185,,,,,
Serbia,SRB,1972,31.5324,,,,,
Seychelles,SYC,1972,0.044,,,,,
Sierra Leone,SLE,1972,0.6778,,,,,
Singapore,SGP,1972,7.812,,,,,
Slovakia,SVK,1972,41.1166,,,,,
Slovenia,SVN,1972,6.8879,,,,,
Solomon Islands,SLB,1972,0.055,,,,,
South Africa,ZAF,1972,165.4948,,,,,
Spain,ESP,1972,135.5336,,,,,
Sri Lanka,LKA,1972,3.6605,,,,,
Sudan,SDN,1972,3.5506,,,,,
Suriname,SUR,1972,1.7441,,,,,
Swaziland,SWZ,1972,0.3811,,,,,
Sweden,SWE,1972,84.5409,,,,,
Switzerland,CHE,1972,42.2469,,,,,
Syria,SYR,1972,6.302,,,,,
Taiwan,TWN,1972,38.0339,,,,,
Tajikistan,TJK,1972,6.0057,,,,,
Tanzania,TZA,1972,1.8372,,,,,
Thailand,THA,1972,19.9918,,,,,
Togo,TGO,1972,0.4186,,,,,
Tonga,TON,1972,0.022,,,,,
Trinidad & Tobago,TTO,1972,6.4229,,,,,
Tunisia,TUN,1972,4.4014,,,,,
Turkey,TUR,1972,52.8289,,,,,
Turkmenistan,TKM,1972,27.7197,,,,,
Uganda,UGA,1972,1.3813,,,,,
Ukraine,UKR,1972,459.3109,,,,,
United Arab Emirates,ARE,1972,2.57,,,,,
United Kingdom,GBR,1972,615.0915,,,,,
United States of America,USA,1972,4570.2028,,,,,
Uruguay,URY,1972,5.8908,,,,,
Uzbekistan,UZB,1972,97.5329,,,,,
Vanuatu,VUT,1972,0.0623,,,,,
Venezuela,VEN,1972,55.2176,,,,,
Vietnam,VNM,1972,15.9792,,,,,
Yemen,YEM,1972,1.44,,,,,
Zambia,ZMB,1972,4.0918,,,,,
Zimbabwe,ZWE,1972,7.1814,,,,,
World,WLD,1972,14561.346,4635.400000000001,,,,
Afghanistan,AFG,1973,1.418,,,,,
Albania,ALB,1973,4.1665,,,,,
Algeria,DZA,1973,11.902,,,,,
Angola,AGO,1973,2.6247,,,,,
Antigua & Barbuda,ATG,1973,0.3298,,,,,
Argentina,ARG,1973,90.1031,,,,,
Armenia,ARM,1973,10.3111,,,,,
Australia,AUS,1973,161.1561,,,,,
Austria,AUT,1973,57.1081,,,,,
Azerbaijan,AZE,1973,38.8957,,,,,
Bahamas,BHS,1973,7.8666,,,,,
Bahrain,BHR,1973,4.37,,,,,
Bangladesh,BGD,1973,3.9347,,,,,
Barbados,BRB,1973,0.48,,,,,
Belarus,BLR,1973,84.5068,,,,,
Belgium,BEL,1973,136.2401,,,,,
Belize,BLZ,1973,0.1466,,,,,
Benin,BEN,1973,0.41,,,,,
Bhutan,BTN,1973,0.0037,,,,,
Bolivia,BOL,1973,2.6143,,,,,
Bosnia & Herzegovina,BIH,1973,11.0604,,,,,
Botswana,BWA,1973,0.0513,,,,,
Brazil,BRA,1973,122.1258,,,,,
Brunei,BRN,1973,0.69,,,,,
Bulgaria,BGR,1973,68.7112,,,,,
Burkina Faso,BFA,1973,0.1685,,,,,
Burundi,BDI,1973,0.0696,,,,,
Cambodia,KHM,1973,0.1282,,,,,
Cameroon,CMR,1973,0.8853,,,,,
Canada,CAN,1973,381.0107,,,,,
Cape Verde,CPV,1973,0.0623,,,,,
Central African Republic,CAF,1973,0.1612,,,,,
Chad,TCD,1973,0.1612,,,,,
Chile,CHL,1973,20.5052,,,,,
China,CHN,1973,915.2676,,,,,
Colombia,COL,1973,30.2448,,,,,
Comoros,COM,1973,0.0293,,,,,
Congo,COG,1973,0.6,,,,,
"Congo, Dem. Republic",COD,1973,2.8375,,,,,
Cook Islands,COK,1973,0.011,,,,,
Costa Rica,CRI,1973,1.7456,,,,,
Cote d'Ivoire,CIV,1973,3.0198,,,,,
Croatia,HRV,1973,12.5784,,,,,
Cuba,CUB,1973,22.0775,,,,,
Cyprus,CYP,1973,2.5335,,,,,
Czech Republic,CZE,1973,149.7804,,,,,
Denmark,DNK,1973,57.47,,,,,
Djibouti,DJI,1973,0.1795,,,,,
Dominica,DMA,1973,0.0256,,,,,
Dominican Republic,DOM,1973,4.8695,,,,,
Ecuador,ECU,1973,4.2818,,,,,
Egypt,EGY,1973,22.5727,,,,,
El Salvador,SLV,1973,1.9309,,,,,
Equatorial Guinea,GNQ,1973,0.0293,,,,,
Estonia,EST,1973,21.7459,,,,,
Ethiopia,ETH,1973,1.3723,,,,,
Fiji,FJI,1973,0.6302,,,,,
Finland,FIN,1973,49.0542,,,,,
France,FRA,1973,500.1245,,,,,
Gabon,GAB,1973,0.6,,,,,
Gambia,GMB,1973,0.0623,,,,,
Georgia,GEO,1973,17.7932,,,,,
Germany,DEU,1973,1078.3173,,,,,
Ghana,GHA,1973,2.3162,,,,,
Greece,GRC,1973,37.3053,,,,,
Grenada,GRD,1973,0.055,,,,,
Guatemala,GTM,1973,2.8139,,,,,
Guinea,GIN,1973,0.8024,,,,,
Guinea-Bissau,GNB,1973,0.1099,,,,,
Guyana,GUY,1973,1.8027,,,,,
Haiti,HTI,1973,0.415,,,,,
Honduras,HND,1973,1.3672,,,,,
Hungary,HUN,1973,68.3164,,,,,
Iceland,ISL,1973,1.726,,,,,
India,IND,1973,215.7382,,,,,
Indonesia,IDN,1973,32.3427,,,,,
Iran,IRN,1973,57.6004,,,,,
Iraq,IRQ,1973,12.715,,,,,
Ireland,IRL,1973,21.6741,,,,,
Israel,ISR,1973,16.8165,,,,,
Italy,ITA,1973,349.1628,,,,,
Jamaica,JAM,1973,8.2215,,,,,
Japan,JPN,1973,946.4863,,,,,
Jordan,JOR,1973,2.0078,,,,,
Kazakhstan,KAZ,1973,194.4692,,,,,
Kenya,KEN,1973,3.9157,,,,,
Kiribati,KIR,1973,0.0366,,,,,
Korea (North),PRK,1973,74.0046,,,,,
Korea (South),KOR,1973,71.3444,,,,,
Kuwait,KWT,1973,16.24,,,,,
Kyrgyzstan,KGZ,1973,12.5151,,,,,
Laos,LAO,1973,0.5166,,,,,
Latvia,LVA,1973,12.1684,,,,,
Lebanon,LBN,1973,7.1481,,,,,
Liberia,LBR,1973,1.4803,,,,,
Libya,LBY,1973,5.8203,,,,,
Lithuania,LTU,1973,20.6453,,,,,
Luxembourg,LUX,1973,16.5895,,,,,
"Macedonia, FYR",MKD,1973,5.8404,,,,,
Madagascar,MDG,1973,1.0772,,,,,
Malawi,MWI,1973,0.5752,,,,,
Malaysia,MYS,1973,13.5575,,,,,
Maldives,MDV,1973,0.0037,,,,,
Mali,MLI,1973,0.2675,,,,,
Malta,MLT,1973,0.79,,,,,
Mauritania,MRT,1973,0.469,,,,,
Mauritius,MUS,1973,0.6778,,,,,
Mexico,MEX,1973,126.2468,,,,,
Moldova,MDA,1973,17.7075,,,,,
Mongolia,MNG,1973,3.4771,,,,,
Morocco,MAR,1973,9.4161,,,,,
Mozambique,MOZ,1973,3.0341,,,,,
Myanmar,MMR,1973,3.5953,,,,,
Nauru,NRU,1973,0.0843,,,,,
Nepal,NPL,1973,0.39,,,,,
Netherlands,NLD,1973,154.7199,,,,,
New Zealand,NZL,1973,17.6576,,,,,
Nicaragua,NIC,1973,1.7453,,,,,
Niger,NER,1973,0.3298,,,,,
Nigeria,NGA,1973,9.7882,,,,,
Niue,NIU,1973,0.0037,,,,,
Norway,NOR,1973,25.3193,,,,,
Oman,OMN,1973,0.29,,,,,
Pakistan,PAK,1973,19.1426,,,,,
Panama,PAN,1973,3.1762,,,,,
Papua New Guinea,PNG,1973,1.3447,,,,,
Paraguay,PRY,1973,0.7366,,,,,
Peru,PER,1973,17.5761,,,,,
Philippines,PHL,1973,29.3225,,,,,
Poland,POL,1973,319.8594,,,,,
Portugal,PRT,1973,17.9051,,,,,
Qatar,QAT,1973,3.4913,,,,,
Romania,ROU,1973,134.0861,,,,,
Russian Federation,RUS,1973,1674.0546,,,,,
Rwanda,RWA,1973,0.066,,,,,
Saint Lucia,LCA,1973,0.0806,,,,,
Saint Vincent & Grenadines,VCT,1973,0.0403,,,,,
Samoa,WSM,1973,0.0366,,,,,
Sao Tome & Principe,STP,1973,0.0147,,,,,
Saudi Arabia,SAU,1973,18.06,,,,,
Senegal,SEN,1973,1.5266,,,,,
Serbia,SRB,1973,34.2411,,,,,
Seychelles,SYC,1973,0.0476,,,,,
Sierra Leone,SLE,1973,0.5386,,,,,
Singapore,SGP,1973,8.643,,,,,
Slovakia,SVK,1973,42.9765,,,,,
Slovenia,SVN,1973,7.4863,,,,,
Solomon Islands,SLB,1973,0.066,,,,,
South Africa,ZAF,1973,181.1785,,,,,
Spain,ESP,1973,151.4959,,,,,
Sri Lanka,LKA,1973,3.8488,,,,,
Sudan,SDN,1973,4.7026,,,,,
Suriname,SUR,1973,2.1068,,,,,
Swaziland,SWZ,1973,0.3701,,,,,
Sweden,SWE,1973,86.1095,,,,,
Switzerland,CHE,1973,45.8489,,,,,
Syria,SYR,1973,5.8714,,,,,
Taiwan,TWN,1973,42.4775,,,,,
Tajikistan,TJK,1973,6.2539,,,,,
Tanzania,TZA,1973,1.9376,,,,,
Thailand,THA,1973,22.5967,,,,,
Togo,TGO,1973,0.3586,,,,,
Tonga,TON,1973,0.0256,,,,,
Trinidad & Tobago,TTO,1973,6.6446,,,,,
Tunisia,TUN,1973,4.4401,,,,,
Turkey,TUR,1973,56.8491,,,,,
Turkmenistan,TKM,1973,28.8635,,,,,
Uganda,UGA,1973,1.1798,,,,,
Ukraine,UKR,1973,478.2579,,,,,
United Arab Emirates,ARE,1973,3.21,,,,,
United Kingdom,GBR,1973,646.6188,,,,,
United States of America,USA,1973,4737.2395,,,,,
Uruguay,URY,1973,5.5765,,,,,
Uzbekistan,UZB,1973,101.5698,,,,,
Vanuatu,VUT,1973,0.055,,,,,
Venezuela,VEN,1973,64.3101,,,,,
Vietnam,VNM,1973,17.7611,,,,,
Yemen,YEM,1973,1.8473,,,,,
Zambia,ZMB,1973,4.3952,,,,,
Zimbabwe,ZWE,1973,8.3371,,,,,
World,WLD,1973,15409.42,4578.566666666667,,,,
Afghanistan,AFG,1974,1.5462,,,,,
Albania,ALB,1974,4.4185,,,,,
Algeria,DZA,1974,12.899,,,,,
Angola,AGO,1974,2.6874,,,,,
Antigua & Barbuda,ATG,1974,0.4287,,,,,
Argentina,ARG,1974,90.2857,,,,,
Armenia,ARM,1974,10.7,,,,,
Australia,AUS,1974,175.8941,,,,,
Austria,AUT,1974,54.456,,,,,
Azerbaijan,AZE,1974,40.3577,,,,,
Bahamas,BHS,1974,7.383,,,,,
Bahrain,BHR,1974,5.15,,,,,
Bangladesh,BGD,1974,4.474,,,,,
Barbados,BRB,1974,0.491,,,,,
Belarus,BLR,1974,87.6909,,,,,
Belgium,BEL,1974,134.2926,,,,,
Belize,BLZ,1974,0.1539,,,,,
Benin,BEN,1974,0.42,,,,,
Bhutan,BTN,1974,0.0037,,,,,
Bolivia,BOL,1974,2.8326,,,,,
Bosnia & Herzegovina,BIH,1974,11.9616,,,,,
Botswana,BWA,1974,0.0879,,,,,
Brazil,BRA,1974,135.0606,,,,,
Brunei,BRN,1974,1.14,,,,,
Bulgaria,BGR,1974,69.7998,,,,,
Burkina Faso,BFA,1974,0.2052,,,,,
Burundi,BDI,1974,0.0879,,,,,
Cambodia,KHM,1974,0.0733,,,,,
Cameroon,CMR,1974,0.9263,,,,,
Canada,CAN,1974,391.2499,,,,,
Cape Verde,CPV,1974,0.066,,,,,
Central African Republic,CAF,1974,0.1136,,,,,
Chad,TCD,1974,0.1502,,,,,
Chile,CHL,1974,20.2508,,,,,
China,CHN,1974,933.4276,,,,,
Colombia,COL,1974,32.4867,,,,,
Comoros,COM,1974,0.0293,,,,,
Congo,COG,1974,0.61,,,,,
"Congo, Dem. Republic",COD,1974,2.9514,,,,,
Cook Islands,COK,1974,0.011,,,,,
Costa Rica,CRI,1974,1.7066,,,,,
Cote d'Ivoire,CIV,1974,3.1051,,,,,
Croatia,HRV,1974,13.5642,,,,,
Cuba,CUB,1974,24.075,,,,,
Cyprus,CYP,1974,1.9285,,,,,
Czech Republic,CZE,1974,149.1469,,,,,
Denmark,DNK,1974,51.0821,,,,,
Djibouti,DJI,1974,0.1942,,,,,
Dominica,DMA,1974,0.0293,,,,,
Dominican Republic,DOM,1974,5.2404,,,,,
Ecuador,ECU,1974,5.4995,,,,,
Egypt,EGY,1974,25.0968,,,,,
El Salvador,SLV,1974,1.9266,,,,,
Equatorial Guinea,GNQ,1974,0.0513,,,,,
Estonia,EST,1974,22.5656,,,,,
Ethiopia,ETH,1974,1.3986,,,,,
Fiji,FJI,1974,0.6705,,,,,
Finland,FIN,1974,45.6092,,,,,
France,FRA,1974,480.7143,,,,,
Gabon,GAB,1974,0.55,,,,,
Gambia,GMB,1974,0.0623,,,,,
Georgia,GEO,1974,18.4621,,,,,
Germany,DEU,1974,1051.4986,,,,,
Ghana,GHA,1974,2.4701,,,,,
Greece,GRC,1974,36.1291,,,,,
Grenada,GRD,1974,0.0366,,,,,
Guatemala,GTM,1974,2.8939,,,,,
Guinea,GIN,1974,0.8391,,,,,
Guinea-Bissau,GNB,1974,0.1026,,,,,
Guyana,GUY,1974,1.5535,,,,,
Haiti,HTI,1974,0.4696,,,,,
Honduras,HND,1974,1.3463,,,,,
Hungary,HUN,1974,70.4711,,,,,
Iceland,ISL,1974,1.7369,,,,,
India,IND,1974,232.7492,,,,,
Indonesia,IDN,1974,35.654,,,,,
Iran,IRN,1974,64.4234,,,,,
Iraq,IRQ,1974,13.725,,,,,
Ireland,IRL,1974,23.4058,,,,,
Israel,ISR,1974,17.344,,,,,
Italy,ITA,1974,353.0128,,,,,
Jamaica,JAM,1974,7.5815,,,,,
Japan,JPN,1974,931.1412,,,,,
Jordan,JOR,1974,2.1068,,,,,
Kazakhstan,KAZ,1974,201.7892,,,,,
Kenya,KEN,1974,3.995,,,,,
Kiribati,KIR,1974,0.033,,,,,
Korea (North),PRK,1974,77.0925,,,,,
Korea (South),KOR,1974,75.1578,,,,,
Kuwait,KWT,1974,15.8036,,,,,
Kyrgyzstan,KGZ,1974,12.9908,,,,,
Laos,LAO,1974,0.2931,,,,,
Latvia,LVA,1974,12.6275,,,,,
Lebanon,LBN,1974,7.2884,,,,,
Liberia,LBR,1974,1.7221,,,,,
Libya,LBY,1974,7.0318,,,,,
Lithuania,LTU,1974,21.4289,,,,,
Luxembourg,LUX,1974,15.3132,,,,,
"Macedonia, FYR",MKD,1974,6.3063,,,,,
Madagascar,MDG,1974,1.1871,,,,,
Malawi,MWI,1974,0.5496,,,,,
Malaysia,MYS,1974,15.8015,,,,,
Maldives,MDV,1974,0.0037,,,,,
Mali,MLI,1974,0.3041,,,,,
Malta,MLT,1974,0.72,,,,,
Mauritania,MRT,1974,0.4836,,,,,
Mauritius,MUS,1974,0.6925,,,,,
Mexico,MEX,1974,137.0398,,,,,
Moldova,MDA,1974,18.3728,,,,,
Mongolia,MNG,1974,3.7483,,,,,
Morocco,MAR,1974,10.3526,,,,,
Mozambique,MOZ,1974,2.8608,,,,,
Myanmar,MMR,1974,4.1643,,,,,
Nauru,NRU,1974,0.0989,,,,,
Nepal,NPL,1974,0.3883,,,,,
Netherlands,NLD,1974,147.8872,,,,,
New Zealand,NZL,1974,18.6733,,,,,
Nicaragua,NIC,1974,1.9372,,,,,
Niger,NER,1974,0.2895,,,,,
Nigeria,NGA,1974,10.4709,,,,,
Niue,NIU,1974,0.0037,,,,,
Norway,NOR,1974,24.5154,,,,,
Oman,OMN,1974,0.44,,,,,
Pakistan,PAK,1974,20.3994,,,,,
Panama,PAN,1974,3.2079,,,,,
Papua New Guinea,PNG,1974,1.5865,,,,,
Paraguay,PRY,1974,0.7113,,,,,
Peru,PER,1974,18.579,,,,,
Philippines,PHL,1974,27.8741,,,,,
Poland,POL,1974,332.8939,,,,,
Portugal,PRT,1974,18.3091,,,,,
Qatar,QAT,1974,3.0423,,,,,
Romania,ROU,1974,135.4666,,,,,
Russian Federation,RUS,1974,1737.2357,,,,,
Rwanda,RWA,1974,0.0696,,,,,
Saint Lucia,LCA,1974,0.0733,,,,,
Saint Vincent & Grenadines,VCT,1974,0.033,,,,,
Samoa,WSM,1974,0.033,,,,,
Sao Tome & Principe,STP,1974,0.0183,,,,,
Saudi Arabia,SAU,1974,20.7176,,,,,
Senegal,SEN,1974,1.6349,,,,,
Serbia,SRB,1974,37.0025,,,,,
Seychelles,SYC,1974,0.055,,,,,
Sierra Leone,SLE,1974,0.5203,,,,,
Singapore,SGP,1974,9.054,,,,,
Slovakia,SVK,1974,43.9596,,,,,
Slovenia,SVN,1974,8.0776,,,,,
Solomon Islands,SLB,1974,0.066,,,,,
South Africa,ZAF,1974,187.8484,,,,,
Spain,ESP,1974,162.7599,,,,,
Sri Lanka,LKA,1974,3.1745,,,,,
Sudan,SDN,1974,4.4802,,,,,
Suriname,SUR,1974,1.6012,,,,,
Swaziland,SWZ,1974,0.3114,,,,,
Sweden,SWE,1974,78.7788,,,,,
Switzerland,CHE,1974,41.1661,,,,,
Syria,SYR,1974,8.07,,,,,
Taiwan,TWN,1974,41.4641,,,,,
Tajikistan,TJK,1974,6.4905,,,,,
Tanzania,TZA,1974,1.7366,,,,,
Thailand,THA,1974,22.6029,,,,,
Togo,TGO,1974,0.336,,,,,
Tonga,TON,1974,0.022,,,,,
Trinidad & Tobago,TTO,1974,6.4709,,,,,
Tunisia,TUN,1974,4.9875,,,,,
Turkey,TUR,1974,59.3418,,,,,
Turkmenistan,TKM,1974,29.9531,,,,,
Uganda,UGA,1974,1.1945,,,,,
Ukraine,UKR,1974,496.3041,,,,,
United Arab Emirates,ARE,1974,3.35,,,,,
United Kingdom,GBR,1974,608.1332,,,,,
United States of America,USA,1974,4585.7381,,,,,
Uruguay,URY,1974,5.4111,,,,,
Uzbekistan,UZB,1974,105.4252,,,,,
Vanuatu,VUT,1974,0.0623,,,,,
Venezuela,VEN,1974,65.3604,,,,,
Vietnam,VNM,1974,14.6281,,,,,
Yemen,YEM,1974,1.8493,,,,,
Zambia,ZMB,1974,4.4398,,,,,
Zimbabwe,ZWE,1974,8.0174,,,,,
World,WLD,1974,15424.854,4599.833333333333,,,,
Afghanistan,AFG,1975,1.8247,,,,,
Albania,ALB,1975,4.7724,,,,,
Algeria,DZA,1975,14.5027,,,,,
Angola,AGO,1975,2.3361,,,,,
Antigua & Barbuda,ATG,1975,0.7072,,,,,
Argentina,ARG,1975,88.2324,,,,,
Armenia,ARM,1975,11.243,,,,,
Australia,AUS,1975,182.5288,,,,,
Austria,AUT,1975,52.9766,,,,,
Azerbaijan,AZE,1975,42.4024,,,,,
Bahamas,BHS,1975,8.2477,,,,,
Bahrain,BHR,1975,5.31,,,,,
Bangladesh,BGD,1975,4.7443,,,,,
Barbados,BRB,1975,0.5679,,,,,
Belarus,BLR,1975,92.1391,,,,,
Belgium,BEL,1975,119.0195,,,,,
Belize,BLZ,1975,0.1759,,,,,
Benin,BEN,1975,0.46,,,,,
Bhutan,BTN,1975,0.0037,,,,,
Bolivia,BOL,1975,3.3519,,,,,
Bosnia & Herzegovina,BIH,1975,12.2281,,,,,
Botswana,BWA,1975,0.1869,,,,,
Brazil,BRA,1975,144.3573,,,,,
Brunei,BRN,1975,1.41,,,,,
Bulgaria,BGR,1975,74.3428,,,,,
Burkina Faso,BFA,1975,0.2198,,,,,
Burundi,BDI,1975,0.0769,,,,,
Cambodia,KHM,1975,0.0733,,,,,
Cameroon,CMR,1975,1.1572,,,,,
Canada,CAN,1975,382.9147,,,,,
Cape Verde,CPV,1975,0.0769,,,,,
Central African Republic,CAF,1975,0.1026,,,,,
Chad,TCD,1975,0.1832,,,,,
Chile,CHL,1975,17.4856,,,,,
China,CHN,1975,1083.4138,,,,,
Colombia,COL,1975,29.8589,,,,,
Comoros,COM,1975,0.033,,,,,
Congo,COG,1975,0.61,,,,,
"Congo, Dem. Republic",COD,1975,2.8914,,,,,
Cook Islands,COK,1975,0.0147,,,,,
Costa Rica,CRI,1975,1.8949,,,,,
Cote d'Ivoire,CIV,1975,3.01,,,,,
Croatia,HRV,1975,13.9092,,,,,
Cuba,CUB,1975,24.7769,,,,,
Cyprus,CYP,1975,1.9741,,,,,
Czech Republic,CZE,1975,155.5754,,,,,
Denmark,DNK,1975,53.6039,,,,,
Djibouti,DJI,1975,0.1979,,,,,
Dominica,DMA,1975,0.0293,,,,,
Dominican Republic,DOM,1975,5.4431,,,,,
Ecuador,ECU,1975,6.2168,,,,,
Egypt,EGY,1975,27.4244,,,,,
El Salvador,SLV,1975,2.1749,,,,,
Equatorial Guinea,GNQ,1975,0.0623,,,,,
Estonia,EST,1975,23.7105,,,,,
Ethiopia,ETH,1975,1.2633,,,,,
Fiji,FJI,1975,0.6192,,,,,
Finland,FIN,1975,45.4096,,,,,
France,FRA,1975,445.3639,,,,,
Gabon,GAB,1975,0.75,,,,,
Gambia,GMB,1975,0.0989,,,,,
Georgia,GEO,1975,19.3976,,,,,
Germany,DEU,1975,997.5123,,,,,
Ghana,GHA,1975,2.6834,,,,,
Greece,GRC,1975,38.4971,,,,,
Grenada,GRD,1975,0.0476,,,,,
Guatemala,GTM,1975,3.2342,,,,,
Guinea,GIN,1975,0.8427,,,,,
Guinea-Bissau,GNB,1975,0.1136,,,,,
Guyana,GUY,1975,1.8247,,,,,
Haiti,HTI,1975,0.4869,,,,,
Honduras,HND,1975,1.4666,,,,,
Hungary,HUN,1975,72.6123,,,,,
Iceland,ISL,1975,1.6906,,,,,
India,IND,1975,249.3201,,,,,
Indonesia,IDN,1975,38.4949,,,,,
Iran,IRN,1975,74.2247,,,,,
Iraq,IRQ,1975,16.6971,,,,,
Ireland,IRL,1975,21.8668,,,,,
Israel,ISR,1975,18.1519,,,,,
Italy,ITA,1975,336.6496,,,,,
Jamaica,JAM,1975,7.6115,,,,,
Japan,JPN,1975,888.9362,,,,,
Jordan,JOR,1975,2.4158,,,,,
Kazakhstan,KAZ,1975,212.0201,,,,,
Kenya,KEN,1975,3.917,,,,,
Kiribati,KIR,1975,0.033,,,,,
Korea (North),PRK,1975,80.2208,,,,,
Korea (South),KOR,1975,81.809,,,,,
Kuwait,KWT,1975,15.2229,,,,,
Kyrgyzstan,KGZ,1975,13.6526,,,,,
Laos,LAO,1975,0.2528,,,,,
Latvia,LVA,1975,13.2684,,,,,
Lebanon,LBN,1975,6.4744,,,,,
Liberia,LBR,1975,1.4839,,,,,
Libya,LBY,1975,9.4878,,,,,
Lithuania,LTU,1975,22.5199,,,,,
Luxembourg,LUX,1975,12.2722,,,,,
"Macedonia, FYR",MKD,1975,6.4577,,,,,
Madagascar,MDG,1975,1.6928,,,,,
Malawi,MWI,1975,0.5789,,,,,
Malaysia,MYS,1975,16.8118,,,,,
Maldives,MDV,1975,0.0073,,,,,
Mali,MLI,1975,0.3408,,,,,
Malta,MLT,1975,0.64,,,,,
Mauritania,MRT,1975,0.5093,,,,,
Mauritius,MUS,1975,0.5899,,,,,
Mexico,MEX,1975,144.5855,,,,,
Moldova,MDA,1975,19.3034,,,,,
Mongolia,MNG,1975,4.0634,,,,,
Morocco,MAR,1975,10.9613,,,,,
Mozambique,MOZ,1975,2.4792,,,,,
Myanmar,MMR,1975,4.0916,,,,,
Nauru,NRU,1975,0.1026,,,,,
Nepal,NPL,1975,0.3137,,,,,
Netherlands,NLD,1975,142.6267,,,,,
New Zealand,NZL,1975,17.5849,,,,,
Nicaragua,NIC,1975,1.9179,,,,,
Niger,NER,1975,0.3334,,,,,
Nigeria,NGA,1975,12.4215,,,,,
Niue,NIU,1975,0.0037,,,,,
Norway,NOR,1975,25.442,,,,,
Oman,OMN,1975,0.71,,,,,
Pakistan,PAK,1975,22.4635,,,,,
Panama,PAN,1975,3.2692,,,,,
Papua New Guinea,PNG,1975,1.5316,,,,,
Paraguay,PRY,1975,0.7596,,,,,
Peru,PER,1975,19.379,,,,,
Philippines,PHL,1975,31.1551,,,,,
Poland,POL,1975,347.4186,,,,,
Portugal,PRT,1975,19.8384,,,,,
Qatar,QAT,1975,4.9806,,,,,
Romania,ROU,1975,146.3015,,,,,
Russian Federation,RUS,1975,1825.4325,,,,,
Rwanda,RWA,1975,0.1759,,,,,
Saint Lucia,LCA,1975,0.0769,,,,,
Saint Vincent & Grenadines,VCT,1975,0.033,,,,,
Samoa,WSM,1975,0.0586,,,,,
Sao Tome & Principe,STP,1975,0.0183,,,,,
Saudi Arabia,SAU,1975,23.0506,,,,,
Senegal,SEN,1975,1.7895,,,,,
Serbia,SRB,1975,37.8581,,,,,
Seychelles,SYC,1975,0.0586,,,,,
Sierra Leone,SLE,1975,0.524,,,,,
Singapore,SGP,1975,9.1195,,,,,
Slovakia,SVK,1975,45.4695,,,,,
Slovenia,SVN,1975,8.278,,,,,
Solomon Islands,SLB,1975,0.0586,,,,,
South Africa,ZAF,1975,205.0761,,,,,
Spain,ESP,1975,168.5169,,,,,
Sri Lanka,LKA,1975,2.8842,,,,,
Sudan,SDN,1975,3.3963,,,,,
Suriname,SUR,1975,2.0189,,,,,
Swaziland,SWZ,1975,0.3371,,,,,
Sweden,SWE,1975,80.9535,,,,,
Switzerland,CHE,1975,38.566,,,,,
Syria,SYR,1975,9.5246,,,,,
Taiwan,TWN,1975,45.8655,,,,,
Tajikistan,TJK,1975,6.8204,,,,,
Tanzania,TZA,1975,1.6419,,,,,
Thailand,THA,1975,23.1422,,,,,
Togo,TGO,1975,0.31,,,,,
Tonga,TON,1975,0.033,,,,,
Trinidad & Tobago,TTO,1975,5.9582,,,,,
Tunisia,TUN,1975,5.0978,,,,,
Turkey,TUR,1975,64.5275,,,,,
Turkmenistan,TKM,1975,31.474,,,,,
Uganda,UGA,1975,1.1322,,,,,
Ukraine,UKR,1975,521.4979,,,,,
United Arab Emirates,ARE,1975,4.88,,,,,
United Kingdom,GBR,1975,587.9062,,,,,
United States of America,USA,1975,4392.3477,,,,,
Uruguay,URY,1975,5.7788,,,,,
Uzbekistan,UZB,1975,110.793,,,,,
Vanuatu,VUT,1975,0.055,,,,,
Venezuela,VEN,1975,64.5441,,,,,
Vietnam,VNM,1975,17.0581,,,,,
Yemen,YEM,1975,1.7593,,,,,
Zambia,ZMB,1975,4.6235,,,,,
Zimbabwe,ZWE,1975,7.5234,,,,,
World,WLD,1975,15528.89,4565.366666666666,,,,
Afghanistan,AFG,1976,1.6928,,,,,
Albania,ALB,1976,5.2181,,,,,
Algeria,DZA,1976,17.1262,,,,,
Angola,AGO,1976,2.1002,,,,,
Antigua & Barbuda,ATG,1976,0.403,,,,,
Argentina,ARG,1976,92.4069,,,,,
Armenia,ARM,1976,11.6688,,,,,
Australia,AUS,1976,184.9408,,,,,
Austria,AUT,1976,57.2412,,,,,
Azerbaijan,AZE,1976,44.0162,,,,,
Bahamas,BHS,1976,6.4596,,,,,
Bahrain,BHR,1976,5.77,,,,,
Bangladesh,BGD,1976,5.3069,,,,,
Barbados,BRB,1976,0.5276,,,,,
Belarus,BLR,1976,95.6335,,,,,
Belgium,BEL,1976,128.2009,,,,,
Belize,BLZ,1976,0.1759,,,,,
Benin,BEN,1976,0.28,,,,,
Bhutan,BTN,1976,0.0037,,,,,
Bolivia,BOL,1976,3.6299,,,,,
Bosnia & Herzegovina,BIH,1976,12.4906,,,,,
Botswana,BWA,1976,0.5936,,,,,
Brazil,BRA,1976,159.1211,,,,,
Brunei,BRN,1976,1.85,,,,,
Bulgaria,BGR,1976,74.3028,,,,,
Burkina Faso,BFA,1976,0.2088,,,,,
Burundi,BDI,1976,0.0843,,,,,
Cambodia,KHM,1976,0.0733,,,,,
Cameroon,CMR,1976,1.1102,,,,,
Canada,CAN,1976,397.0762,,,,,
Cape Verde,CPV,1976,0.0733,,,,,
Central African Republic,CAF,1976,0.1282,,,,,
Chad,TCD,1976,0.1832,,,,,
Chile,CHL,1976,18.25,,,,,
China,CHN,1976,1134.8771,,,,,
Colombia,COL,1976,31.839,,,,,
Comoros,COM,1976,0.0403,,,,,
Congo,COG,1976,0.75,,,,,
"Congo, Dem. Republic",COD,1976,2.9561,,,,,
Cook Islands,COK,1976,0.0147,,,,,
Costa Rica,CRI,1976,1.9795,,,,,
Cote d'Ivoire,CIV,1976,3.46,,,,,
Croatia,HRV,1976,14.2709,,,,,
Cuba,CUB,1976,25.9858,,,,,
Cyprus,CYP,1976,2.4593,,,,,
Czech Republic,CZE,1976,160.4257,,,,,
Denmark,DNK,1976,59.2725,,,,,
Djibouti,DJI,1976,0.1979,,,,,
Dominica,DMA,1976,0.0293,,,,,
Dominican Republic,DOM,1976,5.6061,,,,,
Ecuador,ECU,1976,7.1341,,,,,
Egypt,EGY,1976,31.6044,,,,,
El Salvador,SLV,1976,2.2212,,,,,
Equatorial Guinea,GNQ,1976,0.0623,,,,,
Estonia,EST,1976,24.6091,,,,,
Ethiopia,ETH,1976,1.2733,,,,,
Fiji,FJI,1976,0.4836,,,,,
Finland,FIN,1976,51.4287,,,,,
France,FRA,1976,483.9787,,,,,
Gabon,GAB,1976,1.215,,,,,
Gambia,GMB,1976,0.0989,,,,,
Georgia,GEO,1976,20.1357,,,,,
Germany,DEU,1976,1055.543,,,,,
Ghana,GHA,1976,2.7261,,,,,
Greece,GRC,1976,43.4865,,,,,
Grenada,GRD,1976,0.0476,,,,,
Guatemala,GTM,1976,3.1435,,,,,
Guinea,GIN,1976,0.8867,,,,,
Guinea-Bissau,GNB,1976,0.0953,,,,,
Guyana,GUY,1976,1.7514,,,,,
Haiti,HTI,1976,0.6809,,,,,
Honduras,HND,1976,1.5382,,,,,
Hungary,HUN,1976,76.4534,,,,,
Iceland,ISL,1976,1.6533,,,,,
India,IND,1976,267.4276,,,,,
Indonesia,IDN,1976,39.8477,,,,,
Iran,IRN,1976,83.9911,,,,,
Iraq,IRQ,1976,20.6193,,,,,
Ireland,IRL,1976,22.9004,,,,,
Israel,ISR,1976,18.0766,,,,,
Italy,ITA,1976,363.6938,,,,,
Jamaica,JAM,1976,6.3532,,,,,
Japan,JPN,1976,919.4501,,,,,
Jordan,JOR,1976,2.8775,,,,,
Kazakhstan,KAZ,1976,220.0726,,,,,
Kenya,KEN,1976,4.451,,,,,
Kiribati,KIR,1976,0.033,,,,,
Korea (North),PRK,1976,86.0308,,,,,
Korea (South),KOR,1976,91.2874,,,,,
Kuwait,KWT,1976,16.6149,,,,,
Kyrgyzstan,KGZ,1976,14.1638,,,,,
Laos,LAO,1976,0.2235,,,,,
Latvia,LVA,1976,13.7707,,,,,
Lebanon,LBN,1976,6.04,,,,,
Liberia,LBR,1976,1.4766,,,,,
Libya,LBY,1976,9.9475,,,,,
Lithuania,LTU,1976,23.3648,,,,,
Luxembourg,LUX,1976,13.1202,,,,,
"Macedonia, FYR",MKD,1976,6.6123,,,,,
Madagascar,MDG,1976,0.9893,,,,,
Malawi,MWI,1976,0.5826,,,,,
Malaysia,MYS,1976,18.3784,,,,,
Maldives,MDV,1976,0.011,,,,,
Mali,MLI,1976,0.3408,,,,,
Malta,MLT,1976,0.73,,,,,
Mauritania,MRT,1976,0.5166,,,,,
Mauritius,MUS,1976,0.6192,,,,,
Mexico,MEX,1976,156.0591,,,,,
Moldova,MDA,1976,20.0385,,,,,
Mongolia,MNG,1976,4.3968,,,,,
Morocco,MAR,1976,12.0578,,,,,
Mozambique,MOZ,1976,2.4963,,,,,
Myanmar,MMR,1976,4.3872,,,,,
Nauru,NRU,1976,0.1026,,,,,
Nepal,NPL,1976,0.2547,,,,,
Netherlands,NLD,1976,154.5931,,,,,
New Zealand,NZL,1976,19.3283,,,,,
Nicaragua,NIC,1976,2.2136,,,,,
Niger,NER,1976,0.3334,,,,,
Nigeria,NGA,1976,15.4539,,,,,
Niue,NIU,1976,0.0037,,,,,
Norway,NOR,1976,27.1974,,,,,
Oman,OMN,1976,1.13,,,,,
Pakistan,PAK,1976,21.5145,,,,,
Panama,PAN,1976,3.2592,,,,,
Papua New Guinea,PNG,1976,1.5719,,,,,
Paraguay,PRY,1976,0.8569,,,,,
Peru,PER,1976,19.7083,,,,,
Philippines,PHL,1976,31.3124,,,,,
Poland,POL,1976,371.2072,,,,,
Portugal,PRT,1976,21.2703,,,,,
Qatar,QAT,1976,3.7043,,,,,
Romania,ROU,1976,159.9619,,,,,
Russian Federation,RUS,1976,1894.4934,,,,,
Rwanda,RWA,1976,0.2675,,,,,
Saint Lucia,LCA,1976,0.0843,,,,,
Saint Vincent & Grenadines,VCT,1976,0.033,,,,,
Samoa,WSM,1976,0.0476,,,,,
Sao Tome & Principe,STP,1976,0.0293,,,,,
Saudi Arabia,SAU,1976,26.8996,,,,,
Senegal,SEN,1976,1.8705,,,,,
Serbia,SRB,1976,38.7165,,,,,
Seychelles,SYC,1976,0.0806,,,,,
Sierra Leone,SLE,1976,0.4507,,,,,
Singapore,SGP,1976,9.8942,,,,,
Slovakia,SVK,1976,46.0139,,,,,
Slovenia,SVN,1976,8.4856,,,,,
Solomon Islands,SLB,1976,0.0623,,,,,
South Africa,ZAF,1976,218.3538,,,,,
Spain,ESP,1976,185.9465,,,,,
Sri Lanka,LKA,1976,2.9725,,,,,
Sudan,SDN,1976,3.346,,,,,
Suriname,SUR,1976,1.9969,,,,,
Swaziland,SWZ,1976,0.3334,,,,,
Sweden,SWE,1976,87.699,,,,,
Switzerland,CHE,1976,40.276,,,,,
Syria,SYR,1976,10.4633,,,,,
Taiwan,TWN,1976,54.3438,,,,,
Tajikistan,TJK,1976,7.0775,,,,,
Tanzania,TZA,1976,1.6109,,,,,
Thailand,THA,1976,26.334,,,,,
Togo,TGO,1976,0.27,,,,,
Tonga,TON,1976,0.0293,,,,,
Trinidad & Tobago,TTO,1976,6.5272,,,,,
Tunisia,TUN,1976,5.3182,,,,,
Turkey,TUR,1976,72.3819,,,,,
Turkmenistan,TKM,1976,32.6643,,,,,
Uganda,UGA,1976,0.9893,,,,,
Ukraine,UKR,1976,541.2339,,,,,
United Arab Emirates,ARE,1976,6.4189,,,,,
United Kingdom,GBR,1976,593.1429,,,,,
United States of America,USA,1976,4661.8058,,,,,
Uruguay,URY,1976,5.9371,,,,,
Uzbekistan,UZB,1976,114.9492,,,,,
Vanuatu,VUT,1976,0.044,,,,,
Venezuela,VEN,1976,69.2624,,,,,
Vietnam,VNM,1976,11.9701,,,,,
Yemen,YEM,1976,2.1893,,,,,
Zambia,ZMB,1976,4.5405,,,,,
Zimbabwe,ZWE,1976,8.1875,,,,,
World,WLD,1976,16387.132,4810.3,,,,
Afghanistan,AFG,1977,2.0079,,,,,
Albania,ALB,1977,5.5937,,,,,
Algeria,DZA,1977,19.1867,,,,,
Angola,AGO,1977,1.6902,,,,,
Antigua & Barbuda,ATG,1977,0.4653,,,,,
Argentina,ARG,1977,96.2298,,,,,
Armenia,ARM,1977,12.061,,,,,
Australia,AUS,1977,199.2325,,,,,
Austria,AUT,1977,54.6066,,,,,
Azerbaijan,AZE,1977,45.5,,,,,
Bahamas,BHS,1977,9.7096,,,,,
Bahrain,BHR,1977,6.4,,,,,
Bangladesh,BGD,1977,5.4739,,,,,
Barbados,BRB,1977,0.5862,,,,,
Belarus,BLR,1977,98.8506,,,,,
Belgium,BEL,1977,127.3392,,,,,
Belize,BLZ,1977,0.1979,,,,,
Benin,BEN,1977,0.33,,,,,
Bhutan,BTN,1977,0.0073,,,,,
Bolivia,BOL,1977,3.8719,,,,,
Bosnia & Herzegovina,BIH,1977,13.191,,,,,
Botswana,BWA,1977,0.7804,,,,,
Brazil,BRA,1977,164.4767,,,,,
Brunei,BRN,1977,1.98,,,,,
Bulgaria,BGR,1977,77.143,,,,,
Burkina Faso,BFA,1977,0.2492,,,,,
Burundi,BDI,1977,0.0989,,,,,
Cambodia,KHM,1977,0.0733,,,,,
Cameroon,CMR,1977,1.5695,,,,,
Canada,CAN,1977,410.5335,,,,,
Cape Verde,CPV,1977,0.0806,,,,,
Central African Republic,CAF,1977,0.1282,,,,,
Chad,TCD,1977,0.1979,,,,,
Chile,CHL,1977,19.1206,,,,,
China,CHN,1977,1281.7992,,,,,
Colombia,COL,1977,32.6315,,,,,
Comoros,COM,1977,0.0403,,,,,
Congo,COG,1977,0.64,,,,,
"Congo, Dem. Republic",COD,1977,2.9955,,,,,
Cook Islands,COK,1977,0.0293,,,,,
Costa Rica,CRI,1977,2.5015,,,,,
Cote d'Ivoire,CIV,1977,3.39,,,,,
Croatia,HRV,1977,15.0653,,,,,
Cuba,CUB,1977,28.3427,,,,,
Cyprus,CYP,1977,2.6849,,,,,
Czech Republic,CZE,1977,170.0294,,,,,
Denmark,DNK,1977,60.8405,,,,,
Djibouti,DJI,1977,0.1979,,,,,
Dominica,DMA,1977,0.0256,,,,,
Dominican Republic,DOM,1977,6.0387,,,,,
Ecuador,ECU,1977,8.3714,,,,,
Egypt,EGY,1977,33.8732,,,,,
El Salvador,SLV,1977,2.3369,,,,,
Equatorial Guinea,GNQ,1977,0.0623,,,,,
Estonia,EST,1977,25.4366,,,,,
Ethiopia,ETH,1977,1.2266,,,,,
Fiji,FJI,1977,0.7658,,,,,
Finland,FIN,1977,51.0337,,,,,
France,FRA,1977,469.6965,,,,,
Gabon,GAB,1977,1.4053,,,,,
Gambia,GMB,1977,0.1136,,,,,
Georgia,GEO,1977,20.8144,,,,,
Germany,DEU,1977,1039.8465,,,,,
Ghana,GHA,1977,2.8341,,,,,
Greece,GRC,1977,45.6325,,,,,
Grenada,GRD,1977,0.0476,,,,,
Guatemala,GTM,1977,3.6155,,,,,
Guinea,GIN,1977,0.9013,,,,,
Guinea-Bissau,GNB,1977,0.1026,,,,,
Guyana,GUY,1977,1.898,,,,,
Haiti,HTI,1977,0.7109,,,,,
Honduras,HND,1977,1.6946,,,,,
Hungary,HUN,1977,80.171,,,,,
Iceland,ISL,1977,1.6996,,,,,
India,IND,1977,272.4371,,,,,
Indonesia,IDN,1977,48.5827,,,,,
Iran,IRN,1977,95.5564,,,,,
Iraq,IRQ,1977,21.7392,,,,,
Ireland,IRL,1977,24.4878,,,,,
Israel,ISR,1977,18.8483,,,,,
Italy,ITA,1977,354.1781,,,,,
Jamaica,JAM,1977,6.9549,,,,,
Japan,JPN,1977,947.9058,,,,,
Jordan,JOR,1977,3.0521,,,,,
Kazakhstan,KAZ,1977,227.4821,,,,,
Kenya,KEN,1977,4.8016,,,,,
Kiribati,KIR,1977,0.022,,,,,
Korea (North),PRK,1977,90.8481,,,,,
Korea (South),KOR,1977,104.7552,,,,,
Kuwait,KWT,1977,18.2349,,,,,
Kyrgyzstan,KGZ,1977,14.6366,,,,,
Laos,LAO,1977,0.2308,,,,,
Latvia,LVA,1977,14.2334,,,,,
Lebanon,LBN,1977,5.2378,,,,,
Liberia,LBR,1977,1.4729,,,,,
Libya,LBY,1977,11.9358,,,,,
Lithuania,LTU,1977,24.1457,,,,,
Luxembourg,LUX,1977,12.4866,,,,,
"Macedonia, FYR",MKD,1977,6.9816,,,,,
Madagascar,MDG,1977,0.8464,,,,,
Malawi,MWI,1977,0.6375,,,,,
Malaysia,MYS,1977,18.2967,,,,,
Maldives,MDV,1977,0.0147,,,,,
Mali,MLI,1977,0.414,,,,,
Malta,MLT,1977,0.77,,,,,
Mauritania,MRT,1977,0.5533,,,,,
Mauritius,MUS,1977,0.6412,,,,,
Mexico,MEX,1977,165.5315,,,,,
Moldova,MDA,1977,20.7143,,,,,
Mongolia,MNG,1977,4.9684,,,,,
Morocco,MAR,1977,13.409,,,,,
Mozambique,MOZ,1977,2.4412,,,,,
Myanmar,MMR,1977,4.6956,,,,,
Nauru,NRU,1977,0.1136,,,,,
Nepal,NPL,1977,0.312,,,,,
Netherlands,NLD,1977,150.1919,,,,,
New Zealand,NZL,1977,19.8543,,,,,
Nicaragua,NIC,1977,2.7036,,,,,
Niger,NER,1977,0.3664,,,,,
Nigeria,NGA,1977,19.1381,,,,,
Norway,NOR,1977,28.3042,,,,,
Oman,OMN,1977,1.37,,,,,
Pakistan,PAK,1977,22.7455,,,,,
Panama,PAN,1977,3.2256,,,,,
Papua New Guinea,PNG,1977,1.5792,,,,,
Paraguay,PRY,1977,1.2189,,,,,
Peru,PER,1977,19.34,,,,,
Philippines,PHL,1977,34.5721,,,,,
Poland,POL,1977,383.8646,,,,,
Portugal,PRT,1977,21.0198,,,,,
Qatar,QAT,1977,4.2543,,,,,
Romania,ROU,1977,167.694,,,,,
Russian Federation,RUS,1977,1958.1281,,,,,
Rwanda,RWA,1977,0.2675,,,,,
Saint Lucia,LCA,1977,0.0696,,,,,
Saint Vincent & Grenadines,VCT,1977,0.033,,,,,
Samoa,WSM,1977,0.0806,,,,,
Sao Tome & Principe,STP,1977,0.0293,,,,,
Saudi Arabia,SAU,1977,35.4302,,,,,
Senegal,SEN,1977,1.9949,,,,,
Serbia,SRB,1977,40.8834,,,,,
Seychelles,SYC,1977,0.0843,,,,,
Sierra Leone,SLE,1977,0.513,,,,,
Singapore,SGP,1977,11.0142,,,,,
Slovakia,SVK,1977,47.7691,,,,,
Slovenia,SVN,1977,8.9587,,,,,
Solomon Islands,SLB,1977,0.0806,,,,,
South Africa,ZAF,1977,219.9556,,,,,
Spain,ESP,1977,180.5988,,,,,
Sri Lanka,LKA,1977,3.1459,,,,,
Sudan,SDN,1977,3.5633,,,,,
Suriname,SUR,1977,1.898,,,,,
Swaziland,SWZ,1977,0.3408,,,,,
Sweden,SWE,1977,84.5944,,,,,
Switzerland,CHE,1977,40.7573,,,,,
Syria,SYR,1977,11.6062,,,,,
Taiwan,TWN,1977,59.1416,,,,,
Tajikistan,TJK,1977,7.3147,,,,,
Tanzania,TZA,1977,1.6382,,,,,
Thailand,THA,1977,29.2865,,,,,
Togo,TGO,1977,0.34,,,,,
Tonga,TON,1977,0.0293,,,,,
Trinidad & Tobago,TTO,1977,7.4263,,,,,
Tunisia,TUN,1977,5.9658,,,,,
Turkey,TUR,1977,78.672,,,,,
Turkmenistan,TKM,1977,33.7612,,,,,
Uganda,UGA,1977,0.8061,,,,,
Ukraine,UKR,1977,559.4171,,,,,
United Arab Emirates,ARE,1977,10.6289,,,,,
United Kingdom,GBR,1977,603.1417,,,,,
United States of America,USA,1977,4853.3293,,,,,
Uruguay,URY,1977,5.8608,,,,,
Uzbekistan,UZB,1977,118.7905,,,,,
Vanuatu,VUT,1977,0.0513,,,,,
Venezuela,VEN,1977,71.4745,,,,,
Vietnam,VNM,1977,13.0714,,,,,
Yemen,YEM,1977,2.1993,,,,,
Zambia,ZMB,1977,4.0479,,,,,
Zimbabwe,ZWE,1977,7.1255,,,,,
World,WLD,1977,16985.502,4822.033333333333,,,,
Afghanistan,AFG,1978,1.8723,,,,,
Albania,ALB,1978,6.5694,,,,,
Algeria,DZA,1978,23.5147,,,,,
Angola,AGO,1978,2.7879,,,,,
Antigua & Barbuda,ATG,1978,0.491,,,,,
Argentina,ARG,1978,95.6974,,,,,
Armenia,ARM,1978,12.4708,,,,,
Australia,AUS,1978,194.7579,,,,,
Austria,AUT,1978,57.4612,,,,,
Azerbaijan,AZE,1978,47.0609,,,,,
Bahamas,BHS,1978,6.6025,,,,,
Bahrain,BHR,1978,6.77,,,,,
Bangladesh,BGD,1978,5.8385,,,,,
Barbados,BRB,1978,0.6302,,,,,
Belarus,BLR,1978,102.2192,,,,,
Belgium,BEL,1978,132.8039,,,,,
Belize,BLZ,1978,0.2162,,,,,
Benin,BEN,1978,0.38,,,,,
Bhutan,BTN,1978,0.011,,,,,
Bolivia,BOL,1978,4.1782,,,,,
Bosnia & Herzegovina,BIH,1978,14.2992,,,,,
Botswana,BWA,1978,0.8317,,,,,
Brazil,BRA,1978,180.3019,,,,,
Brunei,BRN,1978,1.87,,,,,
Bulgaria,BGR,1978,80.4348,,,,,
Burkina Faso,BFA,1978,0.3481,,,,,
Burundi,BDI,1978,0.1063,,,,,
Cambodia,KHM,1978,0.0513,,,,,
Cameroon,CMR,1978,1.6459,,,,,
Canada,CAN,1978,413.3706,,,,,
Cape Verde,CPV,1978,0.2088,,,,,
Central African Republic,CAF,1978,0.1466,,,,,
Chad,TCD,1978,0.1942,,,,,
Chile,CHL,1978,19.8662,,,,,
China,CHN,1978,1456.1207,,,,,
Colombia,COL,1978,35.1702,,,,,
Comoros,COM,1978,0.0293,,,,,
Congo,COG,1978,0.68,,,,,
"Congo, Dem. Republic",COD,1978,3.0345,,,,,
Cook Islands,COK,1978,0.0293,,,,,
Costa Rica,CRI,1978,2.7155,,,,,
Cote d'Ivoire,CIV,1978,3.95,,,,,
Croatia,HRV,1978,16.3338,,,,,
Cuba,CUB,1978,30.542,,,,,
Cyprus,CYP,1978,2.8133,,,,,
Czech Republic,CZE,1978,166.3157,,,,,
Denmark,DNK,1978,60.498,,,,,
Djibouti,DJI,1978,0.2015,,,,,
Dominica,DMA,1978,0.0256,,,,,
Dominican Republic,DOM,1978,6.1924,,,,,
Ecuador,ECU,1978,9.574,,,,,
Egypt,EGY,1978,34.8449,,,,,
El Salvador,SLV,1978,2.4172,,,,,
Equatorial Guinea,GNQ,1978,0.0696,,,,,
Estonia,EST,1978,26.3024,,,,,
Ethiopia,ETH,1978,1.334,,,,,
Fiji,FJI,1978,0.7108,,,,,
Finland,FIN,1978,55.58,,,,,
France,FRA,1978,488.6535,,,,,
Gabon,GAB,1978,1.7273,,,,,
Gambia,GMB,1978,0.1392,,,,,
Georgia,GEO,1978,21.5281,,,,,
Germany,DEU,1978,1079.6807,,,,,
Ghana,GHA,1978,2.8292,,,,,
Greece,GRC,1978,48.4206,,,,,
Grenada,GRD,1978,0.0513,,,,,
Guatemala,GTM,1978,4.0265,,,,,
Guinea,GIN,1978,0.9013,,,,,
Guinea-Bissau,GNB,1978,0.1026,,,,,
Guyana,GUY,1978,2.0555,,,,,
Haiti,HTI,1978,0.7646,,,,,
Honduras,HND,1978,1.7056,,,,,
Hungary,HUN,1978,88.1943,,,,,
Iceland,ISL,1978,1.816,,,,,
India,IND,1978,258.5362,,,,,
Indonesia,IDN,1978,55.6393,,,,,
Iran,IRN,1978,97.4796,,,,,
Iraq,IRQ,1978,25.4337,,,,,
Ireland,IRL,1978,24.1413,,,,,
Israel,ISR,1978,20.0629,,,,,
Italy,ITA,1978,362.5528,,,,,
Jamaica,JAM,1978,7.0966,,,,,
Japan,JPN,1978,949.2872,,,,,
Jordan,JOR,1978,3.6121,,,,,
Kazakhstan,KAZ,1978,235.2553,,,,,
Kenya,KEN,1978,4.7806,,,,,
Kiribati,KIR,1978,0.022,,,,,
Korea (North),PRK,1978,96.0681,,,,,
Korea (South),KOR,1978,113.9605,,,,,
Kuwait,KWT,1978,20.2614,,,,,
Kyrgyzstan,KGZ,1978,15.1235,,,,,
Laos,LAO,1978,0.2308,,,,,
Latvia,LVA,1978,14.7167,,,,,
Lebanon,LBN,1978,6.4288,,,,,
Liberia,LBR,1978,1.5059,,,,,
Libya,LBY,1978,13.6538,,,,,
Lithuania,LTU,1978,24.9518,,,,,
Luxembourg,LUX,1978,13.7039,,,,,
"Macedonia, FYR",MKD,1978,7.5689,,,,,
Madagascar,MDG,1978,1.0186,,,,,
Malawi,MWI,1978,0.6668,,,,,
Malaysia,MYS,1978,20.9055,,,,,
Maldives,MDV,1978,0.022,,,,,
Mali,MLI,1978,0.3957,,,,,
Malta,MLT,1978,0.91,,,,,
Mauritania,MRT,1978,0.5826,,,,,
Mauritius,MUS,1978,0.6302,,,,,
Mexico,MEX,1978,183.0856,,,,,
Moldova,MDA,1978,21.4257,,,,,
Mongolia,MNG,1978,5.7781,,,,,
Morocco,MAR,1978,14.1533,,,,,
Mozambique,MOZ,1978,2.1212,,,,,
Myanmar,MMR,1978,4.8582,,,,,
Nauru,NRU,1978,0.1136,,,,,
Nepal,NPL,1978,0.2983,,,,,
Netherlands,NLD,1978,161.4629,,,,,
New Zealand,NZL,1978,18.5794,,,,,
Nicaragua,NIC,1978,2.4289,,,,,
Niger,NER,1978,0.4177,,,,,
Nigeria,NGA,1978,22.4558,,,,,
Niue,NIU,1978,0.0037,,,,,
Norway,NOR,1978,28.9539,,,,,
Oman,OMN,1978,1.57,,,,,
Pakistan,PAK,1978,24.1462,,,,,
Panama,PAN,1978,3.0602,,,,,
Papua New Guinea,PNG,1978,1.6744,,,,,
Paraguay,PRY,1978,1.4743,,,,,
Peru,PER,1978,19.5076,,,,,
Philippines,PHL,1978,36.1018,,,,,
Poland,POL,1978,408.4225,,,,,
Portugal,PRT,1978,22.3801,,,,,
Qatar,QAT,1978,4.0426,,,,,
Romania,ROU,1978,181.4107,,,,,
Russian Federation,RUS,1978,2024.5497,,,,,
Rwanda,RWA,1978,0.2895,,,,,
Saint Lucia,LCA,1978,0.0989,,,,,
Saint Vincent & Grenadines,VCT,1978,0.0366,,,,,
Samoa,WSM,1978,0.1063,,,,,
Sao Tome & Principe,STP,1978,0.033,,,,,
Saudi Arabia,SAU,1978,53.9277,,,,,
Senegal,SEN,1978,1.9495,,,,,
Serbia,SRB,1978,44.32,,,,,
Seychelles,SYC,1978,0.0769,,,,,
Sierra Leone,SLE,1978,0.7108,,,,,
Singapore,SGP,1978,12.5942,,,,,
Slovakia,SVK,1978,53.0499,,,,,
Slovenia,SVN,1978,9.7127,,,,,
Solomon Islands,SLB,1978,0.0623,,,,,
South Africa,ZAF,1978,198.1602,,,,,
Spain,ESP,1978,180.9864,,,,,
Sri Lanka,LKA,1978,3.6958,,,,,
Sudan,SDN,1978,3.2553,,,,,
Suriname,SUR,1978,2.3926,,,,,
Swaziland,SWZ,1978,0.4397,,,,,
Sweden,SWE,1978,78.9125,,,,,
Switzerland,CHE,1978,41.883,,,,,
Syria,SYR,1978,11.6045,,,,,
Taiwan,TWN,1978,67.5122,,,,,
Tajikistan,TJK,1978,7.5611,,,,,
Tanzania,TZA,1978,1.7236,,,,,
Thailand,THA,1978,32.5055,,,,,
Togo,TGO,1978,0.34,,,,,
Tonga,TON,1978,0.0366,,,,,
Trinidad & Tobago,TTO,1978,7.7299,,,,,
Tunisia,TUN,1978,6.6397,,,,,
Turkey,TUR,1978,80.1468,,,,,
Turkmenistan,TKM,1978,34.9057,,,,,
Uganda,UGA,1978,0.6998,,,,,
Ukraine,UKR,1978,578.4047,,,,,
United Arab Emirates,ARE,1978,12.7892,,,,,
United Kingdom,GBR,1978,600.0226,,,,,
United States of America,USA,1978,4872.8605,,,,,
Uruguay,URY,1978,6.0008,,,,,
Uzbekistan,UZB,1978,122.7557,,,,,
Vanuatu,VUT,1978,0.0586,,,,,
Venezuela,VEN,1978,77.3074,,,,,
Vietnam,VNM,1978,13.7114,,,,,
Yemen,YEM,1978,2.443,,,,,
Zambia,ZMB,1978,3.7323,,,,,
Zimbabwe,ZWE,1978,7.2152,,,,,
World,WLD,1978,17562.734,4810.3,,,,
Afghanistan,AFG,1979,1.9712,,,,,
Albania,ALB,1979,7.9414,,,,,
Algeria,DZA,1979,29.5396,,,,,
Angola,AGO,1979,2.7579,,,,,
Antigua & Barbuda,ATG,1979,0.4067,,,,,
Argentina,ARG,1979,101.0632,,,,,
Armenia,ARM,1979,12.6441,,,,,
Australia,AUS,1979,200.9024,,,,,
Austria,AUT,1979,60.0056,,,,,
Azerbaijan,AZE,1979,47.734,,,,,
Bahamas,BHS,1979,6.925,,,,,
Bahrain,BHR,1979,7.23,,,,,
Bangladesh,BGD,1979,6.3612,,,,,
Barbados,BRB,1979,0.5972,,,,,
Belarus,BLR,1979,103.6523,,,,,
Belgium,BEL,1979,136.1499,,,,,
Belize,BLZ,1979,0.2088,,,,,
Benin,BEN,1979,0.38,,,,,
Bhutan,BTN,1979,0.022,,,,,
Bolivia,BOL,1979,4.1846,,,,,
Bosnia & Herzegovina,BIH,1979,14.8321,,,,,
Botswana,BWA,1979,0.9416,,,,,
Brazil,BRA,1979,193.5853,,,,,
Brunei,BRN,1979,1.96,,,,,
Bulgaria,BGR,1979,83.753,,,,,
Burkina Faso,BFA,1979,0.4067,,,,,
Burundi,BDI,1979,0.1099,,,,,
Cambodia,KHM,1979,0.0293,,,,,
Cameroon,CMR,1979,1.8355,,,,,
Canada,CAN,1979,428.4624,,,,,
Cape Verde,CPV,1979,0.2492,,,,,
Central African Republic,CAF,1979,0.1026,,,,,
Chad,TCD,1979,0.2015,,,,,
Chile,CHL,1979,21.1842,,,,,
China,CHN,1979,1486.6732,,,,,
Colombia,COL,1979,35.6415,,,,,
Comoros,COM,1979,0.022,,,,,
Congo,COG,1979,0.66,,,,,
"Congo, Dem. Republic",COD,1979,3.3635,,,,,
Cook Islands,COK,1979,0.0256,,,,,
Costa Rica,CRI,1979,2.7238,,,,,
Cote d'Ivoire,CIV,1979,3.63,,,,,
Croatia,HRV,1979,16.9518,,,,,
Cuba,CUB,1979,30.6907,,,,,
Cyprus,CYP,1979,3.0243,,,,,
Czech Republic,CZE,1979,175.8022,,,,,
Denmark,DNK,1979,63.8618,,,,,
Djibouti,DJI,1979,0.3627,,,,,
Dominica,DMA,1979,0.033,,,,,
Dominican Republic,DOM,1979,6.5233,,,,,
Ecuador,ECU,1979,10.2959,,,,,
Egypt,EGY,1979,38.4929,,,,,
El Salvador,SLV,1979,2.4031,,,,,
Equatorial Guinea,GNQ,1979,0.0623,,,,,
Estonia,EST,1979,26.6699,,,,,
Ethiopia,ETH,1979,1.4076,,,,,
Fiji,FJI,1979,0.8391,,,,,
Finland,FIN,1979,55.292,,,,,
France,FRA,1979,496.1829,,,,,
Gabon,GAB,1979,1.364,,,,,
Gambia,GMB,1979,0.1466,,,,,
Georgia,GEO,1979,21.8356,,,,,
Germany,DEU,1979,1128.2208,,,,,
Ghana,GHA,1979,2.3956,,,,,
Greece,GRC,1979,51.0973,,,,,
Grenada,GRD,1979,0.0476,,,,,
Guatemala,GTM,1979,4.5158,,,,,
Guinea,GIN,1979,0.9453,,,,,
Guinea-Bissau,GNB,1979,0.1099,,,,,
Guyana,GUY,1979,1.5206,,,,,
Haiti,HTI,1979,0.7672,,,,,
Honduras,HND,1979,1.7836,,,,,
Hungary,HUN,1979,86.8419,,,,,
Iceland,ISL,1979,1.8823,,,,,
India,IND,1979,279.0714,,,,,
Indonesia,IDN,1979,62.9113,,,,,
Iran,IRN,1979,104.3447,,,,,
Iraq,IRQ,1979,29.9028,,,,,
Ireland,IRL,1979,28.1196,,,,,
Israel,ISR,1979,20.5363,,,,,
Italy,ITA,1979,378.4268,,,,,
Jamaica,JAM,1979,7.0736,,,,,
Japan,JPN,1979,974.8318,,,,,
Jordan,JOR,1979,3.7514,,,,,
Kazakhstan,KAZ,1979,238.5804,,,,,
Kenya,KEN,1979,4.575,,,,,
Kiribati,KIR,1979,0.0256,,,,,
Korea (North),PRK,1979,103.2464,,,,,
Korea (South),KOR,1979,128.218,,,,,
Kuwait,KWT,1979,26.0666,,,,,
Kyrgyzstan,KGZ,1979,15.3202,,,,,
Laos,LAO,1979,0.2235,,,,,
Latvia,LVA,1979,14.9208,,,,,
Lebanon,LBN,1979,7.2889,,,,,
Liberia,LBR,1979,1.9456,,,,,
Libya,LBY,1979,15.2738,,,,,
Lithuania,LTU,1979,25.2802,,,,,
Luxembourg,LUX,1979,12.8376,,,,,
"Macedonia, FYR",MKD,1979,7.8533,,,,,
Madagascar,MDG,1979,1.1212,,,,,
Malawi,MWI,1979,0.6412,,,,,
Malaysia,MYS,1979,23.3685,,,,,
Maldives,MDV,1979,0.0293,,,,,
Mali,MLI,1979,0.4287,,,,,
Malta,MLT,1979,0.88,,,,,
Mauritania,MRT,1979,0.6046,,,,,
Mauritius,MUS,1979,0.6595,,,,,
Mexico,MEX,1979,197.9525,,,,,
Moldova,MDA,1979,21.7331,,,,,
Mongolia,MNG,1979,6.2948,,,,,
Morocco,MAR,1979,15.2541,,,,,
Mozambique,MOZ,1979,2.0056,,,,,
Myanmar,MMR,1979,5.0442,,,,,
Nauru,NRU,1979,0.1136,,,,,
Nepal,NPL,1979,0.461,,,,,
Netherlands,NLD,1979,177.403,,,,,
New Zealand,NZL,1979,16.6837,,,,,
Nicaragua,NIC,1979,1.564,,,,,
Niger,NER,1979,0.48,,,,,
Nigeria,NGA,1979,24.5184,,,,,
Niue,NIU,1979,0.0037,,,,,
Norway,NOR,1979,30.5655,,,,,
Oman,OMN,1979,1.93,,,,,
Pakistan,PAK,1979,25.8438,,,,,
Panama,PAN,1979,3.3228,,,,,
Papua New Guinea,PNG,1979,1.7954,,,,,
Paraguay,PRY,1979,1.4169,,,,,
Peru,PER,1979,20.5545,,,,,
Philippines,PHL,1979,37.2576,,,,,
Poland,POL,1979,412.9657,,,,,
Portugal,PRT,1979,24.5211,,,,,
Qatar,QAT,1979,6.6772,,,,,
Romania,ROU,1979,186.3013,,,,,
Russian Federation,RUS,1979,2052.5357,,,,,
Rwanda,RWA,1979,0.2968,,,,,
Saint Lucia,LCA,1979,0.1502,,,,,
Saint Vincent & Grenadines,VCT,1979,0.0293,,,,,
Samoa,WSM,1979,0.0953,,,,,
Sao Tome & Principe,STP,1979,0.033,,,,,
Saudi Arabia,SAU,1979,74.6455,,,,,
Senegal,SEN,1979,2.1505,,,,,
Serbia,SRB,1979,45.9786,,,,,
Seychelles,SYC,1979,0.1209,,,,,
Sierra Leone,SLE,1979,0.6778,,,,,
Singapore,SGP,1979,13.3742,,,,,
Slovakia,SVK,1979,53.3791,,,,,
Slovenia,SVN,1979,10.0791,,,,,
Solomon Islands,SLB,1979,0.1099,,,,,
South Africa,ZAF,1979,201.9568,,,,,
Spain,ESP,1979,190.2085,,,,,
Sri Lanka,LKA,1979,3.9968,,,,,
Sudan,SDN,1979,3.3316,,,,,
Suriname,SUR,1979,2.2937,,,,,
Swaziland,SWZ,1979,0.447,,,,,
Sweden,SWE,1979,81.4608,,,,,
Switzerland,CHE,1979,40.5702,,,,,
Syria,SYR,1979,15.4397,,,,,
Taiwan,TWN,1979,71.6184,,,,,
Tajikistan,TJK,1979,7.6635,,,,,
Tanzania,TZA,1979,1.7792,,,,,
Thailand,THA,1979,34.6598,,,,,
Togo,TGO,1979,0.41,,,,,
Tonga,TON,1979,0.0403,,,,,
Trinidad & Tobago,TTO,1979,7.7963,,,,,
Tunisia,TUN,1979,7.9288,,,,,
Turkey,TUR,1979,73.9063,,,,,
Turkmenistan,TKM,1979,35.3873,,,,,
Uganda,UGA,1979,0.6742,,,,,
Ukraine,UKR,1979,586.4151,,,,,
United Arab Emirates,ARE,1979,15.0539,,,,,
United Kingdom,GBR,1979,632.5625,,,,,
United States of America,USA,1979,4907.5747,,,,,
Uruguay,URY,1979,6.5508,,,,,
Uzbekistan,UZB,1979,124.3697,,,,,
Vanuatu,VUT,1979,0.0623,,,,,
Venezuela,VEN,1979,87.2622,,,,,
Vietnam,VNM,1979,14.4227,,,,,
Yemen,YEM,1979,2.654,,,,,
Zambia,ZMB,1979,3.4089,,,,,
Zimbabwe,ZWE,1979,7.1579,,,,,
World,WLD,1979,18107.166,4707.266666666666,,,,
Afghanistan,AFG,1980,1.4509,,,,,
Albania,ALB,1980,8.0883,,,,,
Algeria,DZA,1980,50.4179,,,,,
Angola,AGO,1980,2.8009,,,,,
Antigua & Barbuda,ATG,1980,0.1429,,,,,
Argentina,ARG,1980,99.1741,,,,,
Armenia,ARM,1980,13.1458,,,,,
Australia,AUS,1980,210.6857,,,,,
Austria,AUT,1980,58.3787,,,,,
Azerbaijan,AZE,1980,49.6376,,,,,
Bahamas,BHS,1980,7.9839,,,,,
Bahrain,BHR,1980,7.39,,,,,
Bangladesh,BGD,1980,7.3685,,,,,
Barbados,BRB,1980,0.6742,,,,,
Belarus,BLR,1980,107.7714,,,,,
Belgium,BEL,1980,129.4163,,,,,
Belize,BLZ,1980,0.1905,,,,,
Benin,BEN,1980,0.5329,,,,,
Bhutan,BTN,1980,0.022,,,,,
Bolivia,BOL,1980,4.6681,,,,,
Bosnia & Herzegovina,BIH,1980,14.2667,,,,,
Botswana,BWA,1980,0.9856,,,,,
Brazil,BRA,1980,191.1395,,,,,
Brunei,BRN,1980,3.3473,,,,,
Bulgaria,BGR,1980,86.4811,,,,,
Burkina Faso,BFA,1980,0.4324,,,,,
Burundi,BDI,1980,0.1502,,,,,
Cambodia,KHM,1980,0.2858,,,,,
Cameroon,CMR,1980,1.9028,,,,,
Canada,CAN,1980,435.0565,,,,,
Cape Verde,CPV,1980,0.1209,,,,,
Central African Republic,CAF,1980,0.1063,,,,,
Chad,TCD,1980,0.2088,,,,,
Chile,CHL,1980,22.0078,,,,,
China,CHN,1980,1465.2447,,,,,
Colombia,COL,1980,38.7943,,,,,
Comoros,COM,1980,0.0476,,,,,
Congo,COG,1980,0.7183,,,,,
"Congo, Dem. Republic",COD,1980,3.3298,,,,,
Cook Islands,COK,1980,0.0293,,,,,
Costa Rica,CRI,1980,2.4548,,,,,
Cote d'Ivoire,CIV,1980,4.0185,,,,,
Croatia,HRV,1980,16.3974,,,,,
Cuba,CUB,1980,31.6006,,,,,
Cyprus,CYP,1980,3.2156,,,,,
Czech Republic,CZE,1980,169.1843,,,,,
Denmark,DNK,1980,63.4963,,,,,
Djibouti,DJI,1980,0.3481,,,,,
Dominica,DMA,1980,0.0366,,,,,
Dominican Republic,DOM,1980,6.7656,,,,,
Ecuador,ECU,1980,11.9606,,,,,
Egypt,EGY,1980,43.3996,,,,,
El Salvador,SLV,1980,2.0101,,,,,
Equatorial Guinea,GNQ,1980,0.0586,,,,,
Estonia,EST,1980,27.729,,,,,
Ethiopia,ETH,1980,1.445,,,,,
Fiji,FJI,1980,0.7951,,,,,
Finland,FIN,1980,56.085,,,,,
France,FRA,1980,475.8521,,,,,
Gabon,GAB,1980,4.428,,,,,
Gambia,GMB,1980,0.1576,,,,,
Georgia,GEO,1980,22.7062,,,,,
Germany,DEU,1980,1078.8534,,,,,
Ghana,GHA,1980,2.4166,,,,,
Greece,GRC,1980,51.6467,,,,,
Grenada,GRD,1980,0.0476,,,,,
Guatemala,GTM,1980,4.5021,,,,,
Guinea,GIN,1980,0.9636,,,,,
Guinea-Bissau,GNB,1980,0.1466,,,,,
Guyana,GUY,1980,1.788,,,,,
Haiti,HTI,1980,0.7309,,,,,
Honduras,HND,1980,1.9035,,,,,
Hungary,HUN,1980,86.013,,,,,
Iceland,ISL,1980,1.8023,,,,,
India,IND,1980,295.8862,,,,,
Indonesia,IDN,1980,84.5094,,,,,
Iran,IRN,1980,111.5422,,,,,
Iraq,IRQ,1980,47.2051,,,,,
Ireland,IRL,1980,26.8407,,,,,
Israel,ISR,1980,20.516,,,,,
Italy,ITA,1980,380.6152,,,,,
Jamaica,JAM,1980,6.5733,,,,,
Japan,JPN,1980,924.5288,,,,,
Jordan,JOR,1980,4.7243,,,,,
Kazakhstan,KAZ,1980,248.075,,,,,
Kenya,KEN,1980,5.0839,,,,,
Kiribati,KIR,1980,0.0293,,,,,
Korea (North),PRK,1980,109.5364,,,,,
Korea (South),KOR,1980,132.1587,,,,,
Kuwait,KWT,1980,29.7997,,,,,
Kyrgyzstan,KGZ,1980,15.9213,,,,,
Laos,LAO,1980,0.1869,,,,,
Latvia,LVA,1980,15.5126,,,,,
Lebanon,LBN,1980,7.3201,,,,,
Lesotho,LSO,1980,0.1459,,,,,
Liberia,LBR,1980,2.0408,,,,,
Libya,LBY,1980,28.4434,,,,,
Lithuania,LTU,1980,26.2741,,,,,
Luxembourg,LUX,1980,12.0812,,,,,
"Macedonia, FYR",MKD,1980,7.5773,,,,,
Madagascar,MDG,1980,1.6122,,,,,
Malawi,MWI,1980,0.7108,,,,,
Malaysia,MYS,1980,25.4488,,,,,
Maldives,MDV,1980,0.044,,,,,
Mali,MLI,1980,0.392,,,,,
Malta,MLT,1980,0.99,,,,,
Mauritania,MRT,1980,0.6265,,,,,
Mauritius,MUS,1980,0.5936,,,,,
Mexico,MEX,1980,228.2847,,,,,
Moldova,MDA,1980,22.6003,,,,,
Mongolia,MNG,1980,6.8737,,,,,
Morocco,MAR,1980,15.7197,,,,,
Mozambique,MOZ,1980,2.4272,,,,,
Myanmar,MMR,1980,5.3642,,,,,
Nauru,NRU,1980,0.1246,,,,,
Nepal,NPL,1980,0.5247,,,,,
Netherlands,NLD,1980,168.555,,,,,
New Zealand,NZL,1980,16.7991,,,,,
Nicaragua,NIC,1980,1.8669,,,,,
Niger,NER,1980,0.5716,,,,,
Nigeria,NGA,1980,70.4858,,,,,
Niue,NIU,1980,0.0037,,,,,
Norway,NOR,1980,29.0792,,,,,
Oman,OMN,1980,2.23,,,,,
Pakistan,PAK,1980,27.7635,,,,,
Panama,PAN,1980,3.2021,,,,,
Papua New Guinea,PNG,1980,1.8283,,,,,
Paraguay,PRY,1980,1.4479,,,,,
Peru,PER,1980,21.6309,,,,,
Philippines,PHL,1980,35.5114,,,,,
Poland,POL,1980,422.2793,,,,,
Portugal,PRT,1980,26.6552,,,,,
Qatar,QAT,1980,9.9477,,,,,
Romania,ROU,1980,183.8587,,,,,
Russian Federation,RUS,1980,2133.9036,,,,,
Rwanda,RWA,1980,0.4983,,,,,
Saint Kitts & Nevis,KNA,1980,0.0505,,,,,
Saint Lucia,LCA,1980,0.1136,,,,,
Saint Vincent & Grenadines,VCT,1980,0.0366,,,,,
Samoa,WSM,1980,0.0989,,,,,
Sao Tome & Principe,STP,1980,0.0403,,,,,
Saudi Arabia,SAU,1980,170.3717,,,,,
Senegal,SEN,1980,2.2342,,,,,
Serbia,SRB,1980,44.2924,,,,,
Seychelles,SYC,1980,0.0953,,,,,
Sierra Leone,SLE,1980,0.6082,,,,,
Singapore,SGP,1980,13.6646,,,,,
Slovakia,SVK,1980,57.2099,,,,,
Slovenia,SVN,1980,9.7385,,,,,
Solomon Islands,SLB,1980,0.1026,,,,,
South Africa,ZAF,1980,212.4171,,,,,
Spain,ESP,1980,201.6962,,,,,
Sri Lanka,LKA,1980,3.9958,,,,,
Sudan,SDN,1980,3.7916,,,,,
Suriname,SUR,1980,2.3743,,,,,
Swaziland,SWZ,1980,0.4653,,,,,
Sweden,SWE,1980,74.6401,,,,,
Switzerland,CHE,1980,41.3478,,,,,
Syria,SYR,1980,14.1329,,,,,
Taiwan,TWN,1980,79.8656,,,,,
Tajikistan,TJK,1980,7.9662,,,,,
Tanzania,TZA,1980,1.7402,,,,,
Thailand,THA,1980,36.3001,,,,,
Togo,TGO,1980,0.5102,,,,,
Tonga,TON,1980,0.0403,,,,,
Trinidad & Tobago,TTO,1980,8.0316,,,,,
Tunisia,TUN,1980,8.7267,,,,,
Turkey,TUR,1980,77.3157,,,,,
Turkmenistan,TKM,1980,36.7896,,,,,
Uganda,UGA,1980,0.6265,,,,,
Ukraine,UKR,1980,609.6696,,,,,
United Arab Emirates,ARE,1980,33.8343,,,,,
United Kingdom,GBR,1980,578.4793,,,,,
United States of America,USA,1980,4703.2822,,,,,
Uruguay,URY,1980,5.953,,,,,
Uzbekistan,UZB,1980,129.2586,,,,,
Vanuatu,VUT,1980,0.0623,,,,,
Venezuela,VEN,1980,99.4571,,,,,
Vietnam,VNM,1980,15.1088,,,,,
Yemen,YEM,1980,3.4803,,,,,
Zambia,ZMB,1980,3.4306,,,,,
Zimbabwe,ZWE,1980,8.1945,,,,,
World,WLD,1980,18192.4006,4546.3,,,,
Afghanistan,AFG,1981,1.6891,,,,,
Albania,ALB,1981,6.812,,,,,
Algeria,DZA,1981,48.8915,,,,,
Angola,AGO,1981,2.6746,,,,,
Antigua & Barbuda,ATG,1981,0.1063,,,,,
Argentina,ARG,1981,97.6723,,,,,
Armenia,ARM,1981,12.8957,,,,,
Australia,AUS,1981,211.3235,,,,,
Austria,AUT,1981,55.4644,,,,,
Azerbaijan,AZE,1981,48.6782,,,,,
Bahamas,BHS,1981,2.7993,,,,,
Bahrain,BHR,1981,7.92,,,,,
Bangladesh,BGD,1981,7.1722,,,,,
Barbados,BRB,1981,0.6852,,,,,
Belarus,BLR,1981,105.7112,,,,,
Belgium,BEL,1981,118.8242,,,,,
Belize,BLZ,1981,0.1832,,,,,
Benin,BEN,1981,0.4466,,,,,
Bhutan,BTN,1981,0.0293,,,,,
Bolivia,BOL,1981,4.7169,,,,,
Bosnia & Herzegovina,BIH,1981,15.9452,,,,,
Botswana,BWA,1981,1.44,,,,,
Brazil,BRA,1981,177.7516,,,,,
Brunei,BRN,1981,3.4766,,,,,
Bulgaria,BGR,1981,82.5914,,,,,
Burkina Faso,BFA,1981,0.5569,,,,,
Burundi,BDI,1981,0.1576,,,,,
Cambodia,KHM,1981,0.3004,,,,,
Cameroon,CMR,1981,1.9965,,,,,
Canada,CAN,1981,415.9566,,,,,
Cape Verde,CPV,1981,0.033,,,,,
Central African Republic,CAF,1981,0.1356,,,,,
Chad,TCD,1981,0.2088,,,,,
Chile,CHL,1981,22.087,,,,,
China,CHN,1981,1451.0075,,,,,
Colombia,COL,1981,39.0647,,,,,
Comoros,COM,1981,0.0476,,,,,
Congo,COG,1981,0.7556,,,,,
"Congo, Dem. Republic",COD,1981,3.5655,,,,,
Cook Islands,COK,1981,0.066,,,,,
Costa Rica,CRI,1981,2.2608,,,,,
Cote d'Ivoire,CIV,1981,3.5672,,,,,
Croatia,HRV,1981,18.2267,,,,,
Cuba,CUB,1981,31.7215,,,,,
Cyprus,CYP,1981,3.0666,,,,,
Czech Republic,CZE,1981,169.9473,,,,,
Denmark,DNK,1981,53.3388,,,,,
Djibouti,DJI,1981,0.3004,,,,,
Dominica,DMA,1981,0.0366,,,,,
Dominican Republic,DOM,1981,6.4027,,,,,
Ecuador,ECU,1981,13.3817,,,,,
Egypt,EGY,1981,49.7841,,,,,
El Salvador,SLV,1981,1.8572,,,,,
Equatorial Guinea,GNQ,1981,0.0696,,,,,
Estonia,EST,1981,27.2,,,,,
Ethiopia,ETH,1981,1.596,,,,,
Fiji,FJI,1981,1.0809,,,,,
Finland,FIN,1981,46.945,,,,,
France,FRA,1981,428.1761,,,,,
Gabon,GAB,1981,4.8284,,,,,
Gambia,GMB,1981,0.1576,,,,,
Georgia,GEO,1981,22.2676,,,,,
Germany,DEU,1981,1044.0388,,,,,
Ghana,GHA,1981,3.0179,,,,,
Greece,GRC,1981,51.3386,,,,,
Grenada,GRD,1981,0.0586,,,,,
Guatemala,GTM,1981,3.9065,,,,,
Guinea,GIN,1981,0.9893,,,,,
Guinea-Bissau,GNB,1981,0.1429,,,,,
Guyana,GUY,1981,1.799,,,,,
Haiti,HTI,1981,0.6372,,,,,
Honduras,HND,1981,1.7539,,,,,
Hungary,HUN,1981,85.2083,,,,,
Iceland,ISL,1981,1.7923,,,,,
India,IND,1981,329.4271,,,,,
Indonesia,IDN,1981,89.8266,,,,,
Iran,IRN,1981,110.8045,,,,,
Iraq,IRQ,1981,34.8137,,,,,
Ireland,IRL,1981,26.7573,,,,,
Israel,ISR,1981,21.3859,,,,,
Italy,ITA,1981,370.5053,,,,,
Jamaica,JAM,1981,6.5606,,,,,
Japan,JPN,1981,898.8216,,,,,
Jordan,JOR,1981,5.7,,,,,
Kazakhstan,KAZ,1981,243.3113,,,,,
Kenya,KEN,1981,5.0385,,,,,
Kiribati,KIR,1981,0.0293,,,,,
Korea (North),PRK,1981,112.6764,,,,,
Korea (South),KOR,1981,137.1923,,,,,
Kuwait,KWT,1981,29.1249,,,,,
Kyrgyzstan,KGZ,1981,15.6291,,,,,
Laos,LAO,1981,0.1502,,,,,
Latvia,LVA,1981,15.2178,,,,,
Lebanon,LBN,1981,7.4608,,,,,
Lesotho,LSO,1981,0.1365,,,,,
Liberia,LBR,1981,1.9383,,,,,
Libya,LBY,1981,24.361,,,,,
Lithuania,LTU,1981,25.7887,,,,,
Luxembourg,LUX,1981,10.2722,,,,,
"Macedonia, FYR",MKD,1981,8.4434,,,,,
Madagascar,MDG,1981,1.0259,,,,,
Malawi,MWI,1981,0.6082,,,,,
Malaysia,MYS,1981,27.3406,,,,,
Maldives,MDV,1981,0.0476,,,,,
Mali,MLI,1981,0.3957,,,,,
Malta,MLT,1981,1.12,,,,,
Mauritania,MRT,1981,0.6595,,,,,
Mauritius,MUS,1981,0.5423,,,,,
Mexico,MEX,1981,250.6117,,,,,
Moldova,MDA,1981,22.1627,,,,,
Mongolia,MNG,1981,6.6392,,,,,
Morocco,MAR,1981,15.9054,,,,,
Mozambique,MOZ,1981,2.1272,,,,,
Myanmar,MMR,1981,5.2776,,,,,
Nauru,NRU,1981,0.1246,,,,,
Nepal,NPL,1981,0.4547,,,,,
Netherlands,NLD,1981,169.5225,,,,,
New Zealand,NZL,1981,16.7333,,,,,
Nicaragua,NIC,1981,1.9543,,,,,
Niger,NER,1981,0.6888,,,,,
Nigeria,NGA,1981,57.681,,,,,
Niue,NIU,1981,0.0037,,,,,
Norway,NOR,1981,27.126,,,,,
Oman,OMN,1981,2.49,,,,,
Pakistan,PAK,1981,30.458,,,,,
Panama,PAN,1981,2.7801,,,,,
Papua New Guinea,PNG,1981,1.9309,,,,,
Paraguay,PRY,1981,1.3869,,,,,
Peru,PER,1981,22.9852,,,,,
Philippines,PHL,1981,33.6372,,,,,
Poland,POL,1981,390.3898,,,,,
Portugal,PRT,1981,27.7396,,,,,
Qatar,QAT,1981,12.1405,,,,,
Romania,ROU,1981,184.5763,,,,,
Russian Federation,RUS,1981,2093.4234,,,,,
Rwanda,RWA,1981,0.6009,,,,,
Saint Kitts & Nevis,KNA,1981,0.055,,,,,
Saint Lucia,LCA,1981,0.0953,,,,,
Saint Vincent & Grenadines,VCT,1981,0.0366,,,,,
Samoa,WSM,1981,0.1026,,,,,
Sao Tome & Principe,STP,1981,0.044,,,,,
Saudi Arabia,SAU,1981,168.1291,,,,,
Senegal,SEN,1981,2.1869,,,,,
Serbia,SRB,1981,49.4311,,,,,
Seychelles,SYC,1981,0.0989,,,,,
Sierra Leone,SLE,1981,0.6925,,,,,
Singapore,SGP,1981,14.9112,,,,,
Slovakia,SVK,1981,55.9582,,,,,
Slovenia,SVN,1981,10.8367,,,,,
Solomon Islands,SLB,1981,0.1356,,,,,
South Africa,ZAF,1981,225.5541,,,,,
Spain,ESP,1981,205.4762,,,,,
Sri Lanka,LKA,1981,4.1088,,,,,
Sudan,SDN,1981,3.6933,,,,,
Suriname,SUR,1981,2.0262,,,,,
Swaziland,SWZ,1981,0.436,,,,,
Sweden,SWE,1981,67.7142,,,,,
Switzerland,CHE,1981,39.0754,,,,,
Syria,SYR,1981,16.1642,,,,,
Taiwan,TWN,1981,73.9048,,,,,
Tajikistan,TJK,1981,7.8168,,,,,
Tanzania,TZA,1981,1.7542,,,,,
Thailand,THA,1981,35.5917,,,,,
Togo,TGO,1981,0.5029,,,,,
Tonga,TON,1981,0.0476,,,,,
Trinidad & Tobago,TTO,1981,8.4596,,,,,
Tunisia,TUN,1981,9.0676,,,,,
Turkey,TUR,1981,78.1865,,,,,
Turkmenistan,TKM,1981,36.0925,,,,,
Uganda,UGA,1981,0.5276,,,,,
Ukraine,UKR,1981,598.0924,,,,,
United Arab Emirates,ARE,1981,31.943,,,,,
United Kingdom,GBR,1981,569.1373,,,,,
United States of America,USA,1981,4634.2823,,,,,
Uruguay,URY,1981,5.3101,,,,,
Uzbekistan,UZB,1981,126.8719,,,,,
Vanuatu,VUT,1981,0.0513,,,,,
Venezuela,VEN,1981,100.0568,,,,,
Vietnam,VNM,1981,15.4311,,,,,
Yemen,YEM,1981,3.5003,,,,,
Zambia,ZMB,1981,3.1333,,,,,
Zimbabwe,ZWE,1981,8.2531,,,,,
World,WLD,1981,17932.8314,4632.466666666667,,,,
Afghanistan,AFG,1982,1.8173,,,,,
Albania,ALB,1982,7.064,,,,,
Algeria,DZA,1982,51.1278,,,,,
Angola,AGO,1982,2.3446,,,,,
Antigua & Barbuda,ATG,1982,0.2931,,,,,
Argentina,ARG,1982,99.1181,,,,,
Armenia,ARM,1982,13.1421,,,,,
Australia,AUS,1982,217.3716,,,,,
Austria,AUT,1982,53.4588,,,,,
Azerbaijan,AZE,1982,49.6283,,,,,
Bahamas,BHS,1982,2.2607,,,,,
Bahrain,BHR,1982,8.28,,,,,
Bangladesh,BGD,1982,7.9612,,,,,
Barbados,BRB,1982,0.6485,,,,,
Belarus,BLR,1982,107.7445,,,,,
Belgium,BEL,1982,112.421,,,,,
Belize,BLZ,1982,0.1722,,,,,
Benin,BEN,1982,0.5176,,,,,
Bhutan,BTN,1982,0.033,,,,,
Bolivia,BOL,1982,4.9912,,,,,
Bosnia & Herzegovina,BIH,1982,16.8373,,,,,
Botswana,BWA,1982,1.51,,,,,
Brazil,BRA,1982,179.01,,,,,
Brunei,BRN,1982,3.467,,,,,
Bulgaria,BGR,1982,84.3156,,,,,
Burkina Faso,BFA,1982,0.5752,,,,,
Burundi,BDI,1982,0.1576,,,,,
Cambodia,KHM,1982,0.3371,,,,,
Cameroon,CMR,1982,2.1638,,,,,
Canada,CAN,1982,397.0385,,,,,
Cape Verde,CPV,1982,0.0366,,,,,
Central African Republic,CAF,1982,0.1429,,,,,
Chad,TCD,1982,0.2052,,,,,
Chile,CHL,1982,18.8143,,,,,
China,CHN,1982,1513.4272,,,,,
Colombia,COL,1982,39.9005,,,,,
Comoros,COM,1982,0.0476,,,,,
Congo,COG,1982,0.8183,,,,,
"Congo, Dem. Republic",COD,1982,2.8611,,,,,
Cook Islands,COK,1982,0.0513,,,,,
Costa Rica,CRI,1982,1.9125,,,,,
Cote d'Ivoire,CIV,1982,3.4996,,,,,
Croatia,HRV,1982,19.1506,,,,,
Cuba,CUB,1982,31.7855,,,,,
Cyprus,CYP,1982,3.1313,,,,,
Czech Republic,CZE,1982,172.6035,,,,,
Denmark,DNK,1982,55.523,,,,,
Djibouti,DJI,1982,0.3481,,,,,
Dominica,DMA,1982,0.0403,,,,,
Dominican Republic,DOM,1982,6.2027,,,,,
Ecuador,ECU,1982,13.5975,,,,,
Egypt,EGY,1982,52.5715,,,,,
El Salvador,SLV,1982,1.8088,,,,,
Equatorial Guinea,GNQ,1982,0.0733,,,,,
Estonia,EST,1982,27.7218,,,,,
Ethiopia,ETH,1982,1.4733,,,,,
Fiji,FJI,1982,0.8391,,,,,
Finland,FIN,1982,45.417,,,,,
France,FRA,1982,409.7292,,,,,
Gabon,GAB,1982,5.024,,,,,
Gambia,GMB,1982,0.1612,,,,,
Georgia,GEO,1982,22.7019,,,,,
Germany,DEU,1982,1003.1698,,,,,
Ghana,GHA,1982,2.5766,,,,,
Greece,GRC,1982,52.6683,,,,,
Grenada,GRD,1982,0.0623,,,,,
Guatemala,GTM,1982,3.4628,,,,,
Guinea,GIN,1982,0.982,,,,,
Guinea-Bissau,GNB,1982,0.1429,,,,,
Guyana,GUY,1982,1.4033,,,,,
Haiti,HTI,1982,0.7663,,,,,
Honduras,HND,1982,1.7192,,,,,
Hungary,HUN,1982,85.2464,,,,,
Iceland,ISL,1982,1.6223,,,,,
India,IND,1982,354.4523,,,,,
Indonesia,IDN,1982,90.8451,,,,,
Iran,IRN,1982,134.3765,,,,,
Iraq,IRQ,1982,37.311,,,,,
Ireland,IRL,1982,25.9978,,,,,
Israel,ISR,1982,22.6619,,,,,
Italy,ITA,1982,365.1366,,,,,
Jamaica,JAM,1982,5.6463,,,,,
Japan,JPN,1982,873.1687,,,,,
Jordan,JOR,1982,6.3457,,,,,
Kazakhstan,KAZ,1982,248.0193,,,,,
Kenya,KEN,1982,4.7585,,,,,
Kiribati,KIR,1982,0.0256,,,,,
Korea (North),PRK,1982,117.7491,,,,,
Korea (South),KOR,1982,137.9545,,,,,
Kuwait,KWT,1982,32.2295,,,,,
Kyrgyzstan,KGZ,1982,15.9138,,,,,
Laos,LAO,1982,0.1576,,,,,
Latvia,LVA,1982,15.5082,,,,,
Lebanon,LBN,1982,5.4764,,,,,
Lesotho,LSO,1982,0.1469,,,,,
Liberia,LBR,1982,0.6009,,,,,
Libya,LBY,1982,28.0177,,,,,
Lithuania,LTU,1982,26.2625,,,,,
Luxembourg,LUX,1982,9.6622,,,,,
"Macedonia, FYR",MKD,1982,8.8915,,,,,
Madagascar,MDG,1982,1.0113,,,,,
Malawi,MWI,1982,0.5936,,,,,
Malaysia,MYS,1982,28.8072,,,,,
Maldives,MDV,1982,0.0476,,,,,
Mali,MLI,1982,0.3664,,,,,
Malta,MLT,1982,1.28,,,,,
Mauritania,MRT,1982,0.883,,,,,
Mauritius,MUS,1982,0.502,,,,,
Mexico,MEX,1982,260.9172,,,,,
Moldova,MDA,1982,22.5963,,,,,
Mongolia,MNG,1982,6.7564,,,,,
Morocco,MAR,1982,16.695,,,,,
Mozambique,MOZ,1982,2.0159,,,,,
Myanmar,MMR,1982,5.3822,,,,,
Nauru,NRU,1982,0.1246,,,,,
Nepal,NPL,1982,0.511,,,,,
Netherlands,NLD,1982,147.1162,,,,,
New Zealand,NZL,1982,18.3484,,,,,
Nicaragua,NIC,1982,1.9113,,,,,
Niger,NER,1982,0.7511,,,,,
Nigeria,NGA,1982,58.7476,,,,,
Niue,NIU,1982,0.0037,,,,,
Norway,NOR,1982,26.0104,,,,,
Oman,OMN,1982,2.93,,,,,
Pakistan,PAK,1982,33.563,,,,,
Panama,PAN,1982,3.1459,,,,,
Papua New Guinea,PNG,1982,1.9456,,,,,
Paraguay,PRY,1982,1.365,,,,,
Peru,PER,1982,26.1321,,,,,
Philippines,PHL,1982,34.1191,,,,,
Poland,POL,1982,397.5242,,,,,
Portugal,PRT,1982,28.5515,,,,,
Qatar,QAT,1982,11.6199,,,,,
Romania,ROU,1982,182.5009,,,,,
Russian Federation,RUS,1982,2133.2774,,,,,
Rwanda,RWA,1982,0.6119,,,,,
Saint Kitts & Nevis,KNA,1982,0.066,,,,,
Saint Lucia,LCA,1982,0.1136,,,,,
Saint Vincent & Grenadines,VCT,1982,0.0403,,,,,
Samoa,WSM,1982,0.1136,,,,,
Sao Tome & Principe,STP,1982,0.0476,,,,,
Saudi Arabia,SAU,1982,173.3359,,,,,
Senegal,SEN,1982,2.0995,,,,,
Serbia,SRB,1982,52.127,,,,,
Seychelles,SYC,1982,0.0843,,,,,
Sierra Leone,SLE,1982,0.5533,,,,,
Singapore,SGP,1982,15.6247,,,,,
Slovakia,SVK,1982,54.1208,,,,,
Slovenia,SVN,1982,11.3975,,,,,
Solomon Islands,SLB,1982,0.1209,,,,,
South Africa,ZAF,1982,222.6601,,,,,
Spain,ESP,1982,200.7029,,,,,
Sri Lanka,LKA,1982,4.6024,,,,,
Sudan,SDN,1982,3.8416,,,,,
Suriname,SUR,1982,1.8723,,,,,
Swaziland,SWZ,1982,0.436,,,,,
Sweden,SWE,1982,62.1168,,,,,
Switzerland,CHE,1982,36.9345,,,,,
Syria,SYR,1982,18.9434,,,,,
Taiwan,TWN,1982,73.1641,,,,,
Tajikistan,TJK,1982,7.9634,,,,,
Tanzania,TZA,1982,1.6279,,,,,
Thailand,THA,1982,34.3539,,,,,
Togo,TGO,1982,0.5692,,,,,
Tonga,TON,1982,0.044,,,,,
Trinidad & Tobago,TTO,1982,9.3353,,,,,
Tunisia,TUN,1982,8.7467,,,,,
Turkey,TUR,1982,84.8229,,,,,
Turkmenistan,TKM,1982,36.7786,,,,,
Uganda,UGA,1982,0.5459,,,,,
Ukraine,UKR,1982,609.4942,,,,,
United Arab Emirates,ARE,1982,35.9371,,,,,
United Kingdom,GBR,1982,549.1496,,,,,
United States of America,USA,1982,4399.725,,,,,
Uruguay,URY,1982,4.9198,,,,,
Uzbekistan,UZB,1982,129.2013,,,,,
Vanuatu,VUT,1982,0.0513,,,,,
Venezuela,VEN,1982,101.662,,,,,
Vietnam,VNM,1982,16.6894,,,,,
Yemen,YEM,1982,4.0672,,,,,
Zambia,ZMB,1982,3.0169,,,,,
Zimbabwe,ZWE,1982,8.0458,,,,,
World,WLD,1982,17750.9667,5364.333333333333,,,,
Afghanistan,AFG,1983,2.2277,,,,,
Albania,ALB,1983,7.7477,,,,,
Algeria,DZA,1983,54.2934,,,,,
Angola,AGO,1983,2.4599,,,,,
Antigua & Barbuda,ATG,1983,0.0843,,,,,
Argentina,ARG,1983,102.722,,,,,
Armenia,ARM,1983,13.3325,,,,,
Australia,AUS,1983,206.9529,,,,,
Austria,AUT,1983,53.5339,,,,,
Azerbaijan,AZE,1983,51.932,,,,,
Bahamas,BHS,1983,2.0152,,,,,
Bahrain,BHR,1983,9.4348,,,,,
Bangladesh,BGD,1983,7.4839,,,,,
Barbados,BRB,1983,0.6888,,,,,
Belarus,BLR,1983,109.2994,,,,,
Belgium,BEL,1983,103.4506,,,,,
Belize,BLZ,1983,0.1722,,,,,
Benin,BEN,1983,0.5102,,,,,
Bhutan,BTN,1983,0.033,,,,,
Bolivia,BOL,1983,5.3895,,,,,
Bosnia & Herzegovina,BIH,1983,18.5615,,,,,
Botswana,BWA,1983,1.47,,,,,
Brazil,BRA,1983,168.3884,,,,,
Brunei,BRN,1983,3.7268,,,,,
Bulgaria,BGR,1983,82.964,,,,,
Burkina Faso,BFA,1983,0.5936,,,,,
Burundi,BDI,1983,0.2052,,,,,
Cambodia,KHM,1983,0.3664,,,,,
Cameroon,CMR,1983,6.9205,,,,,
Canada,CAN,1983,391.5137,,,,,
Cape Verde,CPV,1983,0.0366,,,,,
Central African Republic,CAF,1983,0.1466,,,,,
Chad,TCD,1983,0.2052,,,,,
Chile,CHL,1983,19.4865,,,,,
China,CHN,1983,1597.1283,,,,,
Colombia,COL,1983,41.5184,,,,,
Comoros,COM,1983,0.0476,,,,,
Congo,COG,1983,0.7973,,,,,
"Congo, Dem. Republic",COD,1983,3.7765,,,,,
Cook Islands,COK,1983,0.0513,,,,,
Costa Rica,CRI,1983,1.9405,,,,,
Cote d'Ivoire,CIV,1983,4.0288,,,,,
Croatia,HRV,1983,20.9336,,,,,
Cuba,CUB,1983,34.4785,,,,,
Cyprus,CYP,1983,3.129,,,,,
Czech Republic,CZE,1983,173.8201,,,,,
Denmark,DNK,1983,52.3814,,,,,
Djibouti,DJI,1983,0.3481,,,,,
Dominica,DMA,1983,0.0403,,,,,
Dominican Republic,DOM,1983,7.2296,,,,,
Ecuador,ECU,1983,12.5852,,,,,
Egypt,EGY,1983,60.421,,,,,
El Salvador,SLV,1983,1.8262,,,,,
Equatorial Guinea,GNQ,1983,0.0623,,,,,
Estonia,EST,1983,28.1225,,,,,
Ethiopia,ETH,1983,1.5743,,,,,
Fiji,FJI,1983,0.7145,,,,,
Finland,FIN,1983,44.109,,,,,
France,FRA,1983,393.1721,,,,,
Gabon,GAB,1983,4.3434,,,,,
Gambia,GMB,1983,0.1612,,,,,
Georgia,GEO,1983,23.0268,,,,,
Germany,DEU,1983,1004.9797,,,,,
Ghana,GHA,1983,1.7829,,,,,
Greece,GRC,1983,56.3552,,,,,
Grenada,GRD,1983,0.0623,,,,,
Guatemala,GTM,1983,3.0035,,,,,
Guinea,GIN,1983,0.9526,,,,,
Guinea-Bissau,GNB,1983,0.1429,,,,,
Guyana,GUY,1983,1.2458,,,,,
Haiti,HTI,1983,0.8463,,,,,
Honduras,HND,1983,1.9918,,,,,
Hungary,HUN,1983,81.6841,,,,,
Iceland,ISL,1983,1.6486,,,,,
India,IND,1983,378.248,,,,,
Indonesia,IDN,1983,89.3361,,,,,
Iran,IRN,1983,152.777,,,,,
Iraq,IRQ,1983,42.0541,,,,,
Ireland,IRL,1983,25.8601,,,,,
Israel,ISR,1983,23.3859,,,,,
Italy,ITA,1983,360.8501,,,,,
Jamaica,JAM,1983,5.6492,,,,,
Japan,JPN,1983,879.8377,,,,,
Jordan,JOR,1983,7.1139,,,,,
Kazakhstan,KAZ,1983,251.5859,,,,,
Kenya,KEN,1983,4.4175,,,,,
Kiribati,KIR,1983,0.022,,,,,
Korea (North),PRK,1983,122.2491,,,,,
Korea (South),KOR,1983,147.5736,,,,,
Kuwait,KWT,1983,34.3432,,,,,
Kyrgyzstan,KGZ,1983,16.1507,,,,,
Laos,LAO,1983,0.1795,,,,,
Latvia,LVA,1983,15.7331,,,,,
Lebanon,LBN,1983,5.8875,,,,,
Lesotho,LSO,1983,0.1462,,,,,
Liberia,LBR,1983,0.7108,,,,,
Libya,LBY,1983,27.4733,,,,,
Lithuania,LTU,1983,26.6516,,,,,
Luxembourg,LUX,1983,9.0359,,,,,
"Macedonia, FYR",MKD,1983,9.7568,,,,,
Madagascar,MDG,1983,0.6632,,,,,
Malawi,MWI,1983,0.5752,,,,,
Malaysia,MYS,1983,35.0164,,,,,
Maldives,MDV,1983,0.0513,,,,,
Mali,MLI,1983,0.4177,,,,,
Malta,MLT,1983,0.96,,,,,
Mauritania,MRT,1983,0.9343,,,,,
Mauritius,MUS,1983,0.5936,,,,,
Mexico,MEX,1983,249.3323,,,,,
Moldova,MDA,1983,22.9191,,,,,
Mongolia,MNG,1983,6.9909,,,,,
Morocco,MAR,1983,17.4963,,,,,
Mozambique,MOZ,1983,1.9088,,,,,
Myanmar,MMR,1983,5.2185,,,,,
Nauru,NRU,1983,0.1246,,,,,
Nepal,NPL,1983,0.732,,,,,
Netherlands,NLD,1983,148.2339,,,,,
New Zealand,NZL,1983,18.5474,,,,,
Nicaragua,NIC,1983,1.9913,,,,,
Niger,NER,1983,0.9636,,,,,
Nigeria,NGA,1983,58.4515,,,,,
Niue,NIU,1983,0.0037,,,,,
Norway,NOR,1983,26.5145,,,,,
Oman,OMN,1983,3.89,,,,,
Pakistan,PAK,1983,35.7422,,,,,
Panama,PAN,1983,3.5612,,,,,
Papua New Guinea,PNG,1983,2.0079,,,,,
Paraguay,PRY,1983,1.3169,,,,,
Peru,PER,1983,22.108,,,,,
Philippines,PHL,1983,36.2237,,,,,
Poland,POL,1983,399.4518,,,,,
Portugal,PRT,1983,29.1828,,,,,
Qatar,QAT,1983,11.2615,,,,,
Romania,ROU,1983,184.345,,,,,
Russian Federation,RUS,1983,2181.3481,,,,,
Rwanda,RWA,1983,0.6962,,,,,
Saint Kitts & Nevis,KNA,1983,0.0513,,,,,
Saint Lucia,LCA,1983,0.1026,,,,,
Saint Vincent & Grenadines,VCT,1983,0.0403,,,,,
Samoa,WSM,1983,0.1136,,,,,
Sao Tome & Principe,STP,1983,0.055,,,,,
Saudi Arabia,SAU,1983,173.8519,,,,,
Senegal,SEN,1983,2.0979,,,,,
Serbia,SRB,1983,57.3359,,,,,
Seychelles,SYC,1983,0.0989,,,,,
Sierra Leone,SLE,1983,0.6888,,,,,
Singapore,SGP,1983,16.9119,,,,,
Slovakia,SVK,1983,54.6521,,,,,
Slovenia,SVN,1983,12.48,,,,,
Solomon Islands,SLB,1983,0.1429,,,,,
South Africa,ZAF,1983,217.3851,,,,,
Spain,ESP,1983,204.8479,,,,,
Sri Lanka,LKA,1983,4.7328,,,,,
Sudan,SDN,1983,3.8889,,,,,
Suriname,SUR,1983,1.374,,,,,
Swaziland,SWZ,1983,0.2711,,,,,
Sweden,SWE,1983,56.5775,,,,,
Switzerland,CHE,1983,40.8508,,,,,
Syria,SYR,1983,22.6364,,,,,
Taiwan,TWN,1983,78.4093,,,,,
Tajikistan,TJK,1983,8.08,,,,,
Tanzania,TZA,1983,1.6688,,,,,
Thailand,THA,1983,37.88,,,,,
Togo,TGO,1983,0.4172,,,,,
Tonga,TON,1983,0.0476,,,,,
Trinidad & Tobago,TTO,1983,13.799,,,,,
Tunisia,TUN,1983,10.4616,,,,,
Turkey,TUR,1983,89.4547,,,,,
Turkmenistan,TKM,1983,37.3131,,,,,
Uganda,UGA,1983,0.6156,,,,,
Ukraine,UKR,1983,618.3365,,,,,
United Arab Emirates,ARE,1983,36.8644,,,,,
United Kingdom,GBR,1983,548.0041,,,,,
United States of America,USA,1983,4372.2924,,,,,
Uruguay,URY,1983,3.9315,,,,,
Uzbekistan,UZB,1983,131.1161,,,,,
Vanuatu,VUT,1983,0.055,,,,,
Venezuela,VEN,1983,100.0501,,,,,
Vietnam,VNM,1983,17.7717,,,,,
Yemen,YEM,1983,4.805,,,,,
Zambia,ZMB,1983,2.9069,,,,,
Zimbabwe,ZWE,1983,8.2595,,,,,
World,WLD,1983,17932.7328,5547.3,,,,
Afghanistan,AFG,1984,2.5098,,,,,
Albania,ALB,1984,7.9687,,,,,
Algeria,DZA,1984,52.5637,,,,,
Angola,AGO,1984,2.4559,,,,,
Antigua & Barbuda,ATG,1984,0.1466,,,,,
Argentina,ARG,1984,101.6362,,,,,
Armenia,ARM,1984,13.4541,,,,,
Australia,AUS,1984,211.7024,,,,,
Austria,AUT,1984,55.3002,,,,,
Azerbaijan,AZE,1984,52.4194,,,,,
Bahamas,BHS,1984,1.854,,,,,
Bahrain,BHR,1984,8.87,,,,,
Bangladesh,BGD,1984,7.6756,,,,,
Barbados,BRB,1984,0.7438,,,,,
Belarus,BLR,1984,110.2947,,,,,
Belgium,BEL,1984,105.4833,,,,,
Belize,BLZ,1984,0.1722,,,,,
Benin,BEN,1984,0.5202,,,,,
Bhutan,BTN,1984,0.0513,,,,,
Bolivia,BOL,1984,4.9391,,,,,
Bosnia & Herzegovina,BIH,1984,18.7144,,,,,
Botswana,BWA,1984,1.47,,,,,
Brazil,BRA,1984,171.6366,,,,,
Brunei,BRN,1984,3.7568,,,,,
Bulgaria,BGR,1984,81.1606,,,,,
Burkina Faso,BFA,1984,0.4653,,,,,
Burundi,BDI,1984,0.2162,,,,,
Cambodia,KHM,1984,0.4104,,,,,
Cameroon,CMR,1984,6.6433,,,,,
Canada,CAN,1984,409.5039,,,,,
Cape Verde,CPV,1984,0.0843,,,,,
Central African Republic,CAF,1984,0.1502,,,,,
Chad,TCD,1984,0.2162,,,,,
Chile,CHL,1984,20.7262,,,,,
China,CHN,1984,1738.0051,,,,,
Colombia,COL,1984,42.0488,,,,,
Comoros,COM,1984,0.0476,,,,,
Congo,COG,1984,0.72,,,,,
"Congo, Dem. Republic",COD,1984,3.6875,,,,,
Cook Islands,COK,1984,0.022,,,,,
Costa Rica,CRI,1984,2.0945,,,,,
Cote d'Ivoire,CIV,1984,3.5875,,,,,
Croatia,HRV,1984,21.0506,,,,,
Cuba,CUB,1984,35.9671,,,,,
Cyprus,CYP,1984,3.185,,,,,
Czech Republic,CZE,1984,176.5295,,,,,
Denmark,DNK,1984,53.8945,,,,,
Djibouti,DJI,1984,0.3554,,,,,
Dominica,DMA,1984,0.044,,,,,
Dominican Republic,DOM,1984,7.5679,,,,,
Ecuador,ECU,1984,13.0448,,,,,
Egypt,EGY,1984,66.3284,,,,,
El Salvador,SLV,1984,1.8379,,,,,
Equatorial Guinea,GNQ,1984,0.0806,,,,,
Estonia,EST,1984,28.3788,,,,,
Ethiopia,ETH,1984,1.5009,,,,,
Fiji,FJI,1984,0.5826,,,,,
Finland,FIN,1984,45.2607,,,,,
France,FRA,1984,380.7918,,,,,
Gabon,GAB,1984,4.8608,,,,,
Gambia,GMB,1984,0.1722,,,,,
Georgia,GEO,1984,23.2357,,,,,
Germany,DEU,1984,1026.303,,,,,
Ghana,GHA,1984,2.0336,,,,,
Greece,GRC,1984,57.7481,,,,,
Grenada,GRD,1984,0.0623,,,,,
Guatemala,GTM,1984,3.3288,,,,,
Guinea,GIN,1984,0.9783,,,,,
Guinea-Bissau,GNB,1984,0.1612,,,,,
Guyana,GUY,1984,1.4033,,,,,
Haiti,HTI,1984,0.8799,,,,,
Honduras,HND,1984,2.1175,,,,,
Hungary,HUN,1984,83.5965,,,,,
Iceland,ISL,1984,1.7386,,,,,
India,IND,1984,410.8247,,,,,
Indonesia,IDN,1984,90.9867,,,,,
Iran,IRN,1984,151.9293,,,,,
Iraq,IRQ,1984,45.4023,,,,,
Ireland,IRL,1984,25.5352,,,,,
Israel,ISR,1984,24.1096,,,,,
Italy,ITA,1984,367.1556,,,,,
Jamaica,JAM,1984,5.3219,,,,,
Japan,JPN,1984,937.5964,,,,,
Jordan,JOR,1984,8.0093,,,,,
Kazakhstan,KAZ,1984,253.8729,,,,,
Kenya,KEN,1984,5.0889,,,,,
Kiribati,KIR,1984,0.022,,,,,
Korea (North),PRK,1984,125.4191,,,,,
Korea (South),KOR,1984,159.0513,,,,,
Kuwait,KWT,1984,35.0856,,,,,
Kyrgyzstan,KGZ,1984,16.2999,,,,,
Laos,LAO,1984,0.1832,,,,,
Latvia,LVA,1984,15.8767,,,,,
Lebanon,LBN,1984,6.0229,,,,,
Lesotho,LSO,1984,0.1459,,,,,
Liberia,LBR,1984,0.6998,,,,,
Libya,LBY,1984,28.4306,,,,,
Lithuania,LTU,1984,26.8974,,,,,
Luxembourg,LUX,1984,9.8485,,,,,
"Macedonia, FYR",MKD,1984,9.8231,,,,,
Madagascar,MDG,1984,0.96,,,,,
Malawi,MWI,1984,0.5569,,,,,
Malaysia,MYS,1984,37.158,,,,,
Maldives,MDV,1984,0.0586,,,,,
Mali,MLI,1984,0.436,,,,,
Malta,MLT,1984,1.32,,,,,
Mauritania,MRT,1984,0.8647,,,,,
Mauritius,MUS,1984,0.6229,,,,,
Mexico,MEX,1984,256.3595,,,,,
Moldova,MDA,1984,23.1268,,,,,
Mongolia,MNG,1984,6.4486,,,,,
Morocco,MAR,1984,17.658,,,,,
Mozambique,MOZ,1984,1.6735,,,,,
Myanmar,MMR,1984,5.7339,,,,,
Nauru,NRU,1984,0.1246,,,,,
Nepal,NPL,1984,0.7983,,,,,
Netherlands,NLD,1984,153.1228,,,,,
New Zealand,NZL,1984,19.5404,,,,,
Nicaragua,NIC,1984,1.8213,,,,,
Niger,NER,1984,0.9929,,,,,
Nigeria,NGA,1984,56.5223,,,,,
Niue,NIU,1984,0.0037,,,,,
Norway,NOR,1984,27.2922,,,,,
Oman,OMN,1984,6.7096,,,,,
Pakistan,PAK,1984,38.0413,,,,,
Panama,PAN,1984,2.9702,,,,,
Papua New Guinea,PNG,1984,2.0445,,,,,
Paraguay,PRY,1984,1.445,,,,,
Peru,PER,1984,21.3995,,,,,
Philippines,PHL,1984,31.311,,,,,
Poland,POL,1984,415.2609,,,,,
Portugal,PRT,1984,28.519,,,,,
Qatar,QAT,1984,12.5313,,,,,
Romania,ROU,1984,180.3836,,,,,
Russian Federation,RUS,1984,2201.4442,,,,,
Rwanda,RWA,1984,0.6302,,,,,
Saint Kitts & Nevis,KNA,1984,0.0513,,,,,
Saint Lucia,LCA,1984,0.1136,,,,,
Saint Vincent & Grenadines,VCT,1984,0.066,,,,,
Samoa,WSM,1984,0.1136,,,,,
Sao Tome & Principe,STP,1984,0.0513,,,,,
Saudi Arabia,SAU,1984,154.0852,,,,,
Senegal,SEN,1984,2.2305,,,,,
Serbia,SRB,1984,57.7678,,,,,
Seychelles,SYC,1984,0.0989,,,,,
Sierra Leone,SLE,1984,0.6156,,,,,
Singapore,SGP,1984,17.317,,,,,
Slovakia,SVK,1984,56.5373,,,,,
Slovenia,SVN,1984,12.5564,,,,,
Solomon Islands,SLB,1984,0.1429,,,,,
South Africa,ZAF,1984,230.938,,,,,
Spain,ESP,1984,193.1638,,,,,
Sri Lanka,LKA,1984,4.1592,,,,,
Sudan,SDN,1984,3.6879,,,,,
Suriname,SUR,1984,1.5535,,,,,
Swaziland,SWZ,1984,0.3334,,,,,
Sweden,SWE,1984,55.9008,,,,,
Switzerland,CHE,1984,40.3048,,,,,
Syria,SYR,1984,25.4524,,,,,
Taiwan,TWN,1984,79.8635,,,,,
Tajikistan,TJK,1984,8.1541,,,,,
Tanzania,TZA,1984,1.6232,,,,,
Thailand,THA,1984,41.9573,,,,,
Togo,TGO,1984,0.4609,,,,,
Tonga,TON,1984,0.0476,,,,,
Trinidad & Tobago,TTO,1984,11.7367,,,,,
Tunisia,TUN,1984,10.695,,,,,
Turkey,TUR,1984,94.891,,,,,
Turkmenistan,TKM,1984,37.6539,,,,,
Uganda,UGA,1984,0.5826,,,,,
Ukraine,UKR,1984,623.981,,,,,
United Arab Emirates,ARE,1984,45.9928,,,,,
United Kingdom,GBR,1984,531.3967,,,,,
United States of America,USA,1984,4563.3889,,,,,
Uruguay,URY,1984,3.4949,,,,,
Uzbekistan,UZB,1984,132.3253,,,,,
Vanuatu,VUT,1984,0.055,,,,,
Venezuela,VEN,1984,100.8,,,,,
Vietnam,VNM,1984,17.7459,,,,,
Yemen,YEM,1984,5.1725,,,,,
Zambia,ZMB,1984,2.9609,,,,,
Zimbabwe,ZWE,1984,8.5124,,,,,
World,WLD,1984,18493.2618,5720.366666666666,,,,
Afghanistan,AFG,1985,3.173,,,,,
Albania,ALB,1985,7.615,,,,,
Algeria,DZA,1985,55.7732,,,,,
Angola,AGO,1985,3.0559,,,,,
Antigua & Barbuda,ATG,1985,0.2492,,,,,
Argentina,ARG,1985,96.2166,,,,,
Armenia,ARM,1985,14.5121,,,,,
Australia,AUS,1985,223.9349,,,,,
Austria,AUT,1985,56.5517,,,,,
Azerbaijan,AZE,1985,56.5543,,,,,
Bahamas,BHS,1985,1.5096,,,,,
Bahrain,BHR,1985,10.39,,,,,
Bangladesh,BGD,1985,8.9409,,,,,
Barbados,BRB,1985,0.8464,,,,,
Belarus,BLR,1985,118.9891,,,,,
Belgium,BEL,1985,104.689,,,,,
Belize,BLZ,1985,0.1905,,,,,
Benin,BEN,1985,0.6202,,,,,
Bhutan,BTN,1985,0.0623,,,,,
Bolivia,BOL,1985,4.6775,,,,,
Bosnia & Herzegovina,BIH,1985,19.7375,,,,,
Botswana,BWA,1985,1.58,,,,,
Brazil,BRA,1985,176.2788,,,,,
Brunei,BRN,1985,3.6473,,,,,
Bulgaria,BGR,1985,83.6981,,,,,
Burkina Faso,BFA,1985,0.4763,,,,,
Burundi,BDI,1985,0.2308,,,,,
Cambodia,KHM,1985,0.4177,,,,,
Cameroon,CMR,1985,6.2963,,,,,
Canada,CAN,1985,411.8093,,,,,
Cape Verde,CPV,1985,0.0843,,,,,
Central African Republic,CAF,1985,0.1612,,,,,
Chad,TCD,1985,0.1795,,,,,
Chile,CHL,1985,20.1508,,,,,
China,CHN,1985,1795.4993,,,,,
Colombia,COL,1985,43.5001,,,,,
Comoros,COM,1985,0.055,,,,,
Congo,COG,1985,0.7893,,,,,
"Congo, Dem. Republic",COD,1985,3.4398,,,,,
Cook Islands,COK,1985,0.022,,,,,
Costa Rica,CRI,1985,2.2382,,,,,
Cote d'Ivoire,CIV,1985,3.3671,,,,,
Croatia,HRV,1985,22.0757,,,,,
Cuba,CUB,1985,33.4465,,,,,
Cyprus,CYP,1985,3.1098,,,,,
Czech Republic,CZE,1985,176.4346,,,,,
Denmark,DNK,1985,61.4869,,,,,
Djibouti,DJI,1985,0.3737,,,,,
Dominica,DMA,1985,0.0476,,,,,
Dominican Republic,DOM,1985,6.662,,,,,
Ecuador,ECU,1985,13.8604,,,,,
Egypt,EGY,1985,69.1202,,,,,
El Salvador,SLV,1985,1.9835,,,,,
Equatorial Guinea,GNQ,1985,0.066,,,,,
Estonia,EST,1985,30.6136,,,,,
Ethiopia,ETH,1985,1.5446,,,,,
Fiji,FJI,1985,0.5789,,,,,
Finland,FIN,1985,49.4024,,,,,
France,FRA,1985,371.9921,,,,,
Gabon,GAB,1985,5.5225,,,,,
Gambia,GMB,1985,0.1722,,,,,
Georgia,GEO,1985,25.0769,,,,,
Germany,DEU,1985,1033.2304,,,,,
Ghana,GHA,1985,2.3395,,,,,
Greece,GRC,1985,61.4414,,,,,
Grenada,GRD,1985,0.0623,,,,,
Guatemala,GTM,1985,3.4738,,,,,
Guinea,GIN,1985,0.9929,,,,,
Guinea-Bissau,GNB,1985,0.1722,,,,,
Guyana,GUY,1985,1.418,,,,,
Haiti,HTI,1985,0.9219,,,,,
Honduras,HND,1985,1.8322,,,,,
Hungary,HUN,1985,82.642,,,,,
Iceland,ISL,1985,1.6786,,,,,
India,IND,1985,434.9031,,,,,
Indonesia,IDN,1985,99.4642,,,,,
Iran,IRN,1985,163.4751,,,,,
Iraq,IRQ,1985,50.6548,,,,,
Ireland,IRL,1985,27.0855,,,,,
Israel,ISR,1985,25.5276,,,,,
Italy,ITA,1985,365.776,,,,,
Jamaica,JAM,1985,4.7609,,,,,
Japan,JPN,1985,914.3692,,,,,
Jordan,JOR,1985,8.4276,,,,,
Kazakhstan,KAZ,1985,273.9311,,,,,
Kenya,KEN,1985,5.0614,,,,,
Kiribati,KIR,1985,0.022,,,,,
Korea (North),PRK,1985,130.3391,,,,,
Korea (South),KOR,1985,163.4286,,,,,
Kuwait,KWT,1985,38.1991,,,,,
Kyrgyzstan,KGZ,1985,17.5588,,,,,
Laos,LAO,1985,0.2015,,,,,
Latvia,LVA,1985,17.1245,,,,,
Lebanon,LBN,1985,7.0483,,,,,
Lesotho,LSO,1985,0.1491,,,,,
Liberia,LBR,1985,0.7218,,,,,
Libya,LBY,1985,27.197,,,,,
Lithuania,LTU,1985,28.9813,,,,,
Luxembourg,LUX,1985,10.0666,,,,,
"Macedonia, FYR",MKD,1985,10.3282,,,,,
Madagascar,MDG,1985,1.0809,,,,,
Malawi,MWI,1985,0.5606,,,,,
Malaysia,MYS,1985,38.3184,,,,,
Maldives,MDV,1985,0.066,,,,,
Mali,MLI,1985,0.4067,,,,,
Malta,MLT,1985,1.15,,,,,
Mauritania,MRT,1985,0.6559,,,,,
Mauritius,MUS,1985,0.7072,,,,,
Mexico,MEX,1985,267.5055,,,,,
Moldova,MDA,1985,24.9618,,,,,
Mongolia,MNG,1985,11.6733,,,,,
Morocco,MAR,1985,18.3193,,,,,
Mozambique,MOZ,1985,1.5889,,,,,
Myanmar,MMR,1985,6.1082,,,,,
Nauru,NRU,1985,0.1246,,,,,
Nepal,NPL,1985,0.5647,,,,,
Netherlands,NLD,1985,155.485,,,,,
New Zealand,NZL,1985,20.1036,,,,,
Nicaragua,NIC,1985,1.8513,,,,,
Niger,NER,1985,0.9929,,,,,
Nigeria,NGA,1985,57.7573,,,,,
Niue,NIU,1985,0.0037,,,,,
Norway,NOR,1985,28.5413,,,,,
Oman,OMN,1985,6.1571,,,,,
Pakistan,PAK,1985,41.7451,,,,,
Panama,PAN,1985,2.8302,,,,,
Papua New Guinea,PNG,1985,2.1251,,,,,
Paraguay,PRY,1985,1.432,,,,,
Peru,PER,1985,20.8393,,,,,
Philippines,PHL,1985,30.0152,,,,,
Poland,POL,1985,426.9646,,,,,
Portugal,PRT,1985,27.3147,,,,,
Qatar,QAT,1985,12.4076,,,,,
Romania,ROU,1985,179.4069,,,,,
Russian Federation,RUS,1985,2374.0963,,,,,
Rwanda,RWA,1985,0.6119,,,,,
Saint Kitts & Nevis,KNA,1985,0.0513,,,,,
Saint Lucia,LCA,1985,0.1282,,,,,
Saint Vincent & Grenadines,VCT,1985,0.066,,,,,
Samoa,WSM,1985,0.1136,,,,,
Sao Tome & Principe,STP,1985,0.055,,,,,
Saudi Arabia,SAU,1985,132.3568,,,,,
Senegal,SEN,1985,2.3115,,,,,
Serbia,SRB,1985,60.8348,,,,,
Seychelles,SYC,1985,0.1502,,,,,
Sierra Leone,SLE,1985,0.6632,,,,,
Singapore,SGP,1985,17.3029,,,,,
Slovakia,SVK,1985,56.2204,,,,,
Slovenia,SVN,1985,13.1831,,,,,
Solomon Islands,SLB,1985,0.1502,,,,,
South Africa,ZAF,1985,232.2664,,,,,
Spain,ESP,1985,187.2882,,,,,
Sri Lanka,LKA,1985,3.8568,,,,,
Sudan,SDN,1985,4.2953,,,,,
Suriname,SUR,1985,1.5975,,,,,
Swaziland,SWZ,1985,0.4397,,,,,
Sweden,SWE,1985,59.8289,,,,,
Switzerland,CHE,1985,43.5415,,,,,
Syria,SYR,1985,23.2198,,,,,
Taiwan,TWN,1985,78.5951,,,,,
Tajikistan,TJK,1985,8.7907,,,,,
Tanzania,TZA,1985,1.6802,,,,,
Thailand,THA,1985,45.7961,,,,,
Togo,TGO,1985,0.4329,,,,,
Tonga,TON,1985,0.0476,,,,,
Trinidad & Tobago,TTO,1985,12.296,,,,,
Tunisia,TUN,1985,11.1042,,,,,
Turkey,TUR,1985,103.3806,,,,,
Turkmenistan,TKM,1985,40.6089,,,,,
Uganda,UGA,1985,0.6192,,,,,
Ukraine,UKR,1985,673.0016,,,,,
United Arab Emirates,ARE,1985,49.2231,,,,,
United Kingdom,GBR,1985,555.8457,,,,,
United States of America,USA,1985,4586.7505,,,,,
Uruguay,URY,1985,3.2776,,,,,
Uzbekistan,UZB,1985,142.5752,,,,,
Vanuatu,VUT,1985,0.1209,,,,,
Venezuela,VEN,1985,100.6814,,,,,
Vietnam,VNM,1985,17.7849,,,,,
Yemen,YEM,1985,5.5062,,,,,
Zambia,ZMB,1985,2.9676,,,,,
Zimbabwe,ZWE,1985,9.9381,,,,,
World,WLD,1985,18758.6287,5805.066666666667,,,,
Afghanistan,AFG,1986,2.8103,,,,,
Albania,ALB,1986,7.6414,,,,,
Algeria,DZA,1986,62.0286,,,,,
Angola,AGO,1986,3.0159,,,,,
Antigua & Barbuda,ATG,1986,0.2492,,,,,
Argentina,ARG,1986,100.1694,,,,,
Armenia,ARM,1986,14.5618,,,,,
Australia,AUS,1986,225.0632,,,,,
Austria,AUT,1986,55.4553,,,,,
Azerbaijan,AZE,1986,56.5033,,,,,
Bahamas,BHS,1986,1.4106,,,,,
Bahrain,BHR,1986,11.7,,,,,
Bangladesh,BGD,1986,9.9366,,,,,
Barbados,BRB,1986,0.916,,,,,
Belarus,BLR,1986,119.3876,,,,,
Belgium,BEL,1986,105.4189,,,,,
Belize,BLZ,1986,0.2052,,,,,
Benin,BEN,1986,0.5602,,,,,
Bhutan,BTN,1986,0.055,,,,,
Bolivia,BOL,1986,4.4835,,,,,
Bosnia & Herzegovina,BIH,1986,21.5845,,,,,
Botswana,BWA,1986,1.81,,,,,
Brazil,BRA,1986,196.7128,,,,,
Brunei,BRN,1986,3.5277,,,,,
Bulgaria,BGR,1986,84.9096,,,,,
Burkina Faso,BFA,1986,0.48,,,,,
Burundi,BDI,1986,0.2455,,,,,
Cambodia,KHM,1986,0.4324,,,,,
Cameroon,CMR,1986,8.6907,,,,,
Canada,CAN,1986,403.3369,,,,,
Cape Verde,CPV,1986,0.0586,,,,,
Central African Republic,CAF,1986,0.1612,,,,,
Chad,TCD,1986,0.1869,,,,,
Chile,CHL,1986,20.7745,,,,,
China,CHN,1986,1907.8151,,,,,
Colombia,COL,1986,44.317,,,,,
Comoros,COM,1986,0.0513,,,,,
Congo,COG,1986,0.7093,,,,,
"Congo, Dem. Republic",COD,1986,3.1998,,,,,
Cook Islands,COK,1986,0.022,,,,,
Costa Rica,CRI,1986,2.3448,,,,,
Cote d'Ivoire,CIV,1986,3.4147,,,,,
Croatia,HRV,1986,24.8345,,,,,
Cuba,CUB,1986,34.0851,,,,,
Cyprus,CYP,1986,3.4887,,,,,
Czech Republic,CZE,1986,176.4264,,,,,
Denmark,DNK,1986,62.5996,,,,,
Djibouti,DJI,1986,0.3847,,,,,
Dominica,DMA,1986,0.0476,,,,,
Dominican Republic,DOM,1986,7.5213,,,,,
Ecuador,ECU,1986,14.4321,,,,,
Egypt,EGY,1986,71.6934,,,,,
El Salvador,SLV,1986,1.9598,,,,,
Equatorial Guinea,GNQ,1986,0.0806,,,,,
Estonia,EST,1986,30.717,,,,,
Ethiopia,ETH,1986,1.8056,,,,,
Fiji,FJI,1986,0.6046,,,,,
Finland,FIN,1986,50.1972,,,,,
France,FRA,1986,359.4665,,,,,
Gabon,GAB,1986,4.1307,,,,,
Gambia,GMB,1986,0.1612,,,,,
Georgia,GEO,1986,25.157,,,,,
Germany,DEU,1986,1035.5477,,,,,
Ghana,GHA,1986,2.3999,,,,,
Greece,GRC,1986,61.2865,,,,,
Grenada,GRD,1986,0.066,,,,,
Guatemala,GTM,1986,2.6724,,,,,
Guinea,GIN,1986,0.9966,,,,,
Guinea-Bissau,GNB,1986,0.1832,,,,,
Guyana,GUY,1986,1.0442,,,,,
Haiti,HTI,1986,0.8546,,,,,
Honduras,HND,1986,1.8595,,,,,
Hungary,HUN,1986,81.2563,,,,,
Iceland,ISL,1986,1.745,,,,,
India,IND,1986,473.3139,,,,,
Indonesia,IDN,1986,109.0613,,,,,
Iran,IRN,1986,150.9041,,,,,
Iraq,IRQ,1986,59.9218,,,,,
Ireland,IRL,1986,28.4462,,,,,
Israel,ISR,1986,28.0359,,,,,
Italy,ITA,1986,367.4296,,,,,
Jamaica,JAM,1986,4.5109,,,,,
Japan,JPN,1986,912.5815,,,,,
Jordan,JOR,1986,9.074,,,,,
Kazakhstan,KAZ,1986,274.8297,,,,,
Kenya,KEN,1986,5.9222,,,,,
Kiribati,KIR,1986,0.0183,,,,,
Korea (North),PRK,1986,128.0291,,,,,
Korea (South),KOR,1986,171.3225,,,,,
Kuwait,KWT,1986,42.3813,,,,,
Kyrgyzstan,KGZ,1986,17.6283,,,,,
Laos,LAO,1986,0.2088,,,,,
Latvia,LVA,1986,17.1833,,,,,
Lebanon,LBN,1986,7.4407,,,,,
Lesotho,LSO,1986,0.1562,,,,,
Liberia,LBR,1986,0.7291,,,,,
Libya,LBY,1986,26.342,,,,,
Lithuania,LTU,1986,29.0932,,,,,
Luxembourg,LUX,1986,9.8042,,,,,
"Macedonia, FYR",MKD,1986,12.1236,,,,,
Madagascar,MDG,1986,1.1761,,,,,
Malawi,MWI,1986,0.5533,,,,,
Malaysia,MYS,1986,39.1985,,,,,
Maldives,MDV,1986,0.0806,,,,,
Mali,MLI,1986,0.3811,,,,,
Malta,MLT,1986,1.85,,,,,
Mauritania,MRT,1986,0.3774,,,,,
Mauritius,MUS,1986,0.7988,,,,,
Mexico,MEX,1986,262.2421,,,,,
Moldova,MDA,1986,25.0405,,,,,
Mongolia,MNG,1986,12.8125,,,,,
Morocco,MAR,1986,18.865,,,,,
Mozambique,MOZ,1986,1.4866,,,,,
Myanmar,MMR,1986,6.4262,,,,,
Nauru,NRU,1986,0.1612,,,,,
Nepal,NPL,1986,0.7776,,,,,
Netherlands,NLD,1986,170.5062,,,,,
New Zealand,NZL,1986,19.0107,,,,,
Nicaragua,NIC,1986,2.1713,,,,,
Niger,NER,1986,0.905,,,,,
Nigeria,NGA,1986,55.853,,,,,
Niue,NIU,1986,0.0037,,,,,
Norway,NOR,1986,31.4808,,,,,
Oman,OMN,1986,7.0736,,,,,
Pakistan,PAK,1986,43.7351,,,,,
Panama,PAN,1986,2.9285,,,,,
Papua New Guinea,PNG,1986,2.0628,,,,,
Paraguay,PRY,1986,1.5479,,,,,
Peru,PER,1986,22.1802,,,,,
Philippines,PHL,1986,28.136,,,,,
Poland,POL,1986,433.3939,,,,,
Portugal,PRT,1986,30.8114,,,,,
Qatar,QAT,1986,13.2939,,,,,
Romania,ROU,1986,185.4925,,,,,
Russian Federation,RUS,1986,2379.8415,,,,,
Rwanda,RWA,1986,0.5936,,,,,
Saint Kitts & Nevis,KNA,1986,0.0586,,,,,
Saint Lucia,LCA,1986,0.1319,,,,,
Saint Vincent & Grenadines,VCT,1986,0.066,,,,,
Samoa,WSM,1986,0.1136,,,,,
Sao Tome & Principe,STP,1986,0.0513,,,,,
Saudi Arabia,SAU,1986,140.5215,,,,,
Senegal,SEN,1986,2.2095,,,,,
Serbia,SRB,1986,69.0151,,,,,
Seychelles,SYC,1986,0.1649,,,,,
Sierra Leone,SLE,1986,0.6742,,,,,
Singapore,SGP,1986,17.5377,,,,,
Slovakia,SVK,1986,53.5569,,,,,
Slovenia,SVN,1986,15.2079,,,,,
Solomon Islands,SLB,1986,0.1539,,,,,
South Africa,ZAF,1986,229.0352,,,,,
Spain,ESP,1986,191.0976,,,,,
Sri Lanka,LKA,1986,3.8568,,,,,
Sudan,SDN,1986,4.1933,,,,,
Suriname,SUR,1986,1.7587,,,,,
Swaziland,SWZ,1986,0.458,,,,,
Sweden,SWE,1986,61.4823,,,,,
Switzerland,CHE,1986,43.5174,,,,,
Syria,SYR,1986,24.0721,,,,,
Taiwan,TWN,1986,90.3693,,,,,
Tajikistan,TJK,1986,8.8227,,,,,
Tanzania,TZA,1986,1.7302,,,,,
Thailand,THA,1986,46.8725,,,,,
Togo,TGO,1986,0.6522,,,,,
Tonga,TON,1986,0.0476,,,,,
Trinidad & Tobago,TTO,1986,15.408,,,,,
Tunisia,TUN,1986,11.3176,,,,,
Turkey,TUR,1986,113.0661,,,,,
Turkmenistan,TKM,1986,40.7503,,,,,
Uganda,UGA,1986,0.7035,,,,,
Ukraine,UKR,1986,675.3238,,,,,
United Arab Emirates,ARE,1986,50.398,,,,,
United Kingdom,GBR,1986,569.7894,,,,,
United States of America,USA,1986,4563.6491,,,,,
Uruguay,URY,1986,3.2585,,,,,
Uzbekistan,UZB,1986,143.1268,,,,,
Vanuatu,VUT,1986,0.0586,,,,,
Venezuela,VEN,1986,103.9629,,,,,
Vietnam,VNM,1986,22.154,,,,,
Yemen,YEM,1986,5.8089,,,,,
Zambia,ZMB,1986,2.9849,,,,,
Zimbabwe,ZWE,1986,11.1537,,,,,
World,WLD,1986,19120.4312,5870.7,,,,
Afghanistan,AFG,1987,3.2112,,,,,
Albania,ALB,1987,7.8687,,,,,
Algeria,DZA,1987,63.7371,,,,,
Angola,AGO,1987,3.0959,,,,,
Antigua & Barbuda,ATG,1987,0.2748,,,,,
Argentina,ARG,1987,109.7591,,,,,
Armenia,ARM,1987,15.1847,,,,,
Australia,AUS,1987,234.9139,,,,,
Austria,AUT,1987,56.4634,,,,,
Azerbaijan,AZE,1987,58.7428,,,,,
Bahamas,BHS,1987,1.4216,,,,,
Bahrain,BHR,1987,11.37,,,,,
Bangladesh,BGD,1987,10.9739,,,,,
Barbados,BRB,1987,0.9453,,,,,
Belarus,BLR,1987,124.5028,,,,,
Belgium,BEL,1987,105.6459,,,,,
Belize,BLZ,1987,0.2272,,,,,
Benin,BEN,1987,0.5102,,,,,
Bhutan,BTN,1987,0.1026,,,,,
Bolivia,BOL,1987,4.8333,,,,,
Bosnia & Herzegovina,BIH,1987,20.8898,,,,,
Botswana,BWA,1987,1.88,,,,,
Brazil,BRA,1987,201.8088,,,,,
Brunei,BRN,1987,3.6375,,,,,
Bulgaria,BGR,1987,85.807,,,,,
Burkina Faso,BFA,1987,0.5166,,,,,
Burundi,BDI,1987,0.2675,,,,,
Cambodia,KHM,1987,0.436,,,,,
Cameroon,CMR,1987,7.5366,,,,,
Canada,CAN,1987,416.4804,,,,,
Cape Verde,CPV,1987,0.0806,,,,,
Central African Republic,CAF,1987,0.2601,,,,,
Chad,TCD,1987,0.1979,,,,,
Chile,CHL,1987,21.3028,,,,,
China,CHN,1987,2054.9579,,,,,
Colombia,COL,1987,46.4248,,,,,
Comoros,COM,1987,0.0586,,,,,
Congo,COG,1987,0.7183,,,,,
"Congo, Dem. Republic",COD,1987,3.5355,,,,,
Cook Islands,COK,1987,0.022,,,,,
Costa Rica,CRI,1987,2.5095,,,,,
Cote d'Ivoire,CIV,1987,3.3161,,,,,
Croatia,HRV,1987,24.0559,,,,,
Cuba,CUB,1987,36.0224,,,,,
Cyprus,CYP,1987,4.045,,,,,
Czech Republic,CZE,1987,177.5176,,,,,
Denmark,DNK,1987,60.8727,,,,,
Djibouti,DJI,1987,0.3957,,,,,
Dominica,DMA,1987,0.0476,,,,,
Dominican Republic,DOM,1987,8.5223,,,,,
Ecuador,ECU,1987,13.474,,,,,
Egypt,EGY,1987,76.4344,,,,,
El Salvador,SLV,1987,2.4341,,,,,
Equatorial Guinea,GNQ,1987,0.0989,,,,,
Estonia,EST,1987,32.0323,,,,,
Ethiopia,ETH,1987,2.0759,,,,,
Fiji,FJI,1987,0.4763,,,,,
Finland,FIN,1987,54.5108,,,,,
France,FRA,1987,354.0695,,,,,
Gabon,GAB,1987,3.5932,,,,,
Gambia,GMB,1987,0.1795,,,,,
Georgia,GEO,1987,26.2383,,,,,
Germany,DEU,1987,1025.9853,,,,,
Ghana,GHA,1987,2.6256,,,,,
Greece,GRC,1987,66.5422,,,,,
Grenada,GRD,1987,0.0733,,,,,
Guatemala,GTM,1987,3.3895,,,,,
Guinea,GIN,1987,0.9929,,,,,
Guinea-Bissau,GNB,1987,0.1942,,,,,
Guyana,GUY,1987,1.308,,,,,
Haiti,HTI,1987,0.9246,,,,,
Honduras,HND,1987,2.1035,,,,,
Hungary,HUN,1987,82.2302,,,,,
Iceland,ISL,1987,1.796,,,,,
India,IND,1987,507.6134,,,,,
Indonesia,IDN,1987,118.3676,,,,,
Iran,IRN,1987,161.2512,,,,,
Iraq,IRQ,1987,59.8557,,,,,
Ireland,IRL,1987,30.1418,,,,,
Israel,ISR,1987,30.5102,,,,,
Italy,ITA,1987,388.1155,,,,,
Jamaica,JAM,1987,4.8039,,,,,
Japan,JPN,1987,919.5228,,,,,
Jordan,JOR,1987,9.7585,,,,,
Kazakhstan,KAZ,1987,286.6215,,,,,
Kenya,KEN,1987,6.1195,,,,,
Kiribati,KIR,1987,0.022,,,,,
Korea (North),PRK,1987,123.1337,,,,,
Korea (South),KOR,1987,178.7374,,,,,
Kuwait,KWT,1987,45.9844,,,,,
Kyrgyzstan,KGZ,1987,18.3742,,,,,
Laos,LAO,1987,0.2088,,,,,
Latvia,LVA,1987,17.9182,,,,,
Lebanon,LBN,1987,7.6107,,,,,
Lesotho,LSO,1987,0.1562,,,,,
Liberia,LBR,1987,0.7658,,,,,
Libya,LBY,1987,27.3681,,,,,
Lithuania,LTU,1987,30.3266,,,,,
Luxembourg,LUX,1987,9.3228,,,,,
"Macedonia, FYR",MKD,1987,11.7386,,,,,
Madagascar,MDG,1987,1.33,,,,,
Malawi,MWI,1987,0.5459,,,,,
Malaysia,MYS,1987,38.0404,,,,,
Maldives,MDV,1987,0.0806,,,,,
Mali,MLI,1987,0.3591,,,,,
Malta,MLT,1987,1.94,,,,,
Mauritania,MRT,1987,3.2829,,,,,
Mauritius,MUS,1987,0.9307,,,,,
Mexico,MEX,1987,274.4859,,,,,
Moldova,MDA,1987,26.1177,,,,,
Mongolia,MNG,1987,13.6211,,,,,
Morocco,MAR,1987,19.328,,,,,
Mozambique,MOZ,1987,1.4866,,,,,
Myanmar,MMR,1987,4.8742,,,,,
Nauru,NRU,1987,0.1576,,,,,
Nepal,NPL,1987,0.8169,,,,,
Netherlands,NLD,1987,163.6883,,,,,
New Zealand,NZL,1987,20.3197,,,,,
Nicaragua,NIC,1987,2.2113,,,,,
Niger,NER,1987,1.0003,,,,,
Nigeria,NGA,1987,55.4502,,,,,
Niue,NIU,1987,0.0037,,,,,
Norway,NOR,1987,29.8481,,,,,
Oman,OMN,1987,7.2747,,,,,
Pakistan,PAK,1987,52.6534,,,,,
Panama,PAN,1987,3.2259,,,,,
Papua New Guinea,PNG,1987,2.334,,,,,
Paraguay,PRY,1987,1.7319,,,,,
Peru,PER,1987,23.0701,,,,,
Philippines,PHL,1987,34.3161,,,,,
Poland,POL,1987,448.9368,,,,,
Portugal,PRT,1987,31.7265,,,,,
Qatar,QAT,1987,13.4902,,,,,
Romania,ROU,1987,194.2628,,,,,
Russian Federation,RUS,1987,2479.5304,,,,,
Rwanda,RWA,1987,0.6119,,,,,
Saint Kitts & Nevis,KNA,1987,0.055,,,,,
Saint Lucia,LCA,1987,0.1466,,,,,
Saint Vincent & Grenadines,VCT,1987,0.0769,,,,,
Samoa,WSM,1987,0.1136,,,,,
Sao Tome & Principe,STP,1987,0.0513,,,,,
Saudi Arabia,SAU,1987,151.3233,,,,,
Senegal,SEN,1987,2.2469,,,,,
Serbia,SRB,1987,66.8087,,,,,
Seychelles,SYC,1987,0.2015,,,,,
Sierra Leone,SLE,1987,0.4983,,,,,
Singapore,SGP,1987,17.9421,,,,,
Slovakia,SVK,1987,55.3586,,,,,
Slovenia,SVN,1987,14.664,,,,,
Solomon Islands,SLB,1987,0.1612,,,,,
South Africa,ZAF,1987,243.7362,,,,,
Spain,ESP,1987,191.6583,,,,,
Sri Lanka,LKA,1987,4.3368,,,,,
Sudan,SDN,1987,3.2923,,,,,
Suriname,SUR,1987,1.7587,,,,,
Swaziland,SWZ,1987,0.436,,,,,
Sweden,SWE,1987,59.7412,,,,,
Switzerland,CHE,1987,42.011,,,,,
Syria,SYR,1987,26.6073,,,,,
Taiwan,TWN,1987,96.036,,,,,
Tajikistan,TJK,1987,9.1984,,,,,
Tanzania,TZA,1987,1.7302,,,,,
Thailand,THA,1987,54.3898,,,,,
Togo,TGO,1987,0.7032,,,,,
Tonga,TON,1987,0.055,,,,,
Trinidad & Tobago,TTO,1987,16.7027,,,,,
Tunisia,TUN,1987,11.5764,,,,,
Turkey,TUR,1987,124.4717,,,,,
Turkmenistan,TKM,1987,42.4915,,,,,
Uganda,UGA,1987,0.7694,,,,,
Ukraine,UKR,1987,704.1979,,,,,
United Arab Emirates,ARE,1987,49.9733,,,,,
United Kingdom,GBR,1987,573.9947,,,,,
United States of America,USA,1987,4711.5441,,,,,
Uruguay,URY,1987,3.7215,,,,,
Uzbekistan,UZB,1987,149.1936,,,,,
Vanuatu,VUT,1987,0.0476,,,,,
Venezuela,VEN,1987,105.418,,,,,
Vietnam,VNM,1987,24.8375,,,,,
Yemen,YEM,1987,6.2574,,,,,
Zambia,ZMB,1987,2.9469,,,,,
Zimbabwe,ZWE,1987,14.573,,,,,
World,WLD,1987,19778.5036,5907.366666666666,,,,
Afghanistan,AFG,1988,3.0908,,,,,
Albania,ALB,1988,7.9401,,,,,
Algeria,DZA,1988,65.3839,,,,,
Angola,AGO,1988,3.8083,,,,,
Antigua & Barbuda,ATG,1988,0.2858,,,,,
Argentina,ARG,1988,113.8021,,,,,
Armenia,ARM,1988,15.5244,,,,,
Australia,AUS,1988,245.2677,,,,,
Austria,AUT,1988,54.4743,,,,,
Azerbaijan,AZE,1988,61.6877,,,,,
Bahamas,BHS,1988,1.5389,,,,,
Bahrain,BHR,1988,11.5769,,,,,
Bangladesh,BGD,1988,11.9939,,,,,
Barbados,BRB,1988,0.9453,,,,,
Belarus,BLR,1988,127.2904,,,,,
Belgium,BEL,1988,107.8233,,,,,
Belize,BLZ,1988,0.2492,,,,,
Benin,BEN,1988,0.4489,,,,,
Bhutan,BTN,1988,0.1099,,,,,
Bolivia,BOL,1988,4.6841,,,,,
Bosnia & Herzegovina,BIH,1988,21.6746,,,,,
Botswana,BWA,1988,2.25,,,,,
Brazil,BRA,1988,205.4791,,,,,
Brunei,BRN,1988,3.7775,,,,,
Bulgaria,BGR,1988,84.829,,,,,
Burkina Faso,BFA,1988,0.5533,,,,,
Burundi,BDI,1988,0.2565,,,,,
Cambodia,KHM,1988,0.4507,,,,,
Cameroon,CMR,1988,3.5827,,,,,
Canada,CAN,1988,446.795,,,,,
Cape Verde,CPV,1988,0.0733,,,,,
Central African Republic,CAF,1988,0.2308,,,,,
Chad,TCD,1988,0.066,,,,,
Chile,CHL,1988,25.9319,,,,,
China,CHN,1988,2216.784,,,,,
Colombia,COL,1988,47.294,,,,,
Comoros,COM,1988,0.0623,,,,,
Congo,COG,1988,0.6866,,,,,
"Congo, Dem. Republic",COD,1988,3.7055,,,,,
Cook Islands,COK,1988,0.022,,,,,
Costa Rica,CRI,1988,2.5885,,,,,
Cote d'Ivoire,CIV,1988,3.2781,,,,,
Croatia,HRV,1988,24.887,,,,,
Cuba,CUB,1988,37.937,,,,,
Cyprus,CYP,1988,4.0824,,,,,
Czech Republic,CZE,1988,174.3311,,,,,
Denmark,DNK,1988,57.0544,,,,,
Djibouti,DJI,1988,0.3664,,,,,
Dominica,DMA,1988,0.055,,,,,
Dominican Republic,DOM,1988,8.7838,,,,,
Ecuador,ECU,1988,14.8737,,,,,
Egypt,EGY,1988,77.7976,,,,,
El Salvador,SLV,1988,2.4914,,,,,
Equatorial Guinea,GNQ,1988,0.1063,,,,,
Estonia,EST,1988,32.7493,,,,,
Ethiopia,ETH,1988,2.1715,,,,,
Fiji,FJI,1988,0.5533,,,,,
Finland,FIN,1988,53.8811,,,,,
France,FRA,1988,353.1178,,,,,
Gabon,GAB,1988,3.9742,,,,,
Gambia,GMB,1988,0.1832,,,,,
Georgia,GEO,1988,26.8268,,,,,
Germany,DEU,1988,1020.5183,,,,,
Ghana,GHA,1988,2.7982,,,,,
Greece,GRC,1988,70.6036,,,,,
Grenada,GRD,1988,0.0953,,,,,
Guatemala,GTM,1988,3.3194,,,,,
Guinea,GIN,1988,1.0259,,,,,
Guinea-Bissau,GNB,1988,0.2162,,,,,
Guyana,GUY,1988,1.4033,,,,,
Haiti,HTI,1988,1.0046,,,,,
Honduras,HND,1988,2.3585,,,,,
Hungary,HUN,1988,77.2609,,,,,
Iceland,ISL,1988,1.886,,,,,
India,IND,1988,539.8741,,,,,
Indonesia,IDN,1988,128.0728,,,,,
Iran,IRN,1988,162.4135,,,,,
Iraq,IRQ,1988,65.7706,,,,,
Ireland,IRL,1988,29.2891,,,,,
Israel,ISR,1988,32.3078,,,,,
Italy,ITA,1988,392.9369,,,,,
Jamaica,JAM,1988,5.0232,,,,,
Japan,JPN,1988,990.9142,,,,,
Jordan,JOR,1988,9.2723,,,,,
Kazakhstan,KAZ,1988,293.0435,,,,,
Kenya,KEN,1988,6.0292,,,,,
Kiribati,KIR,1988,0.022,,,,,
Korea (North),PRK,1988,126.3571,,,,,
Korea (South),KOR,1988,203.7772,,,,,
Kuwait,KWT,1988,55.6729,,,,,
Kyrgyzstan,KGZ,1988,18.7829,,,,,
Laos,LAO,1988,0.2088,,,,,
Latvia,LVA,1988,18.319,,,,,
Lebanon,LBN,1988,5.8707,,,,,
Lesotho,LSO,1988,0.1031,,,,,
Liberia,LBR,1988,0.8171,,,,,
Libya,LBY,1988,32.4166,,,,,
Lithuania,LTU,1988,31.0019,,,,,
Luxembourg,LUX,1988,9.7821,,,,,
"Macedonia, FYR",MKD,1988,12.1614,,,,,
Madagascar,MDG,1988,1.3264,,,,,
Malawi,MWI,1988,0.5423,,,,,
Malaysia,MYS,1988,38.6696,,,,,
Maldives,MDV,1988,0.0953,,,,,
Mali,MLI,1988,0.3847,,,,,
Malta,MLT,1988,2.11,,,,,
Mauritania,MRT,1988,3.228,,,,,
Mauritius,MUS,1988,0.8537,,,,,
Mexico,MEX,1988,274.0058,,,,,
Moldova,MDA,1988,26.7037,,,,,
Mongolia,MNG,1988,14.4492,,,,,
Morocco,MAR,1988,20.3231,,,,,
Mozambique,MOZ,1988,1.503,,,,,
Myanmar,MMR,1988,4.6159,,,,,
Nauru,NRU,1988,0.1576,,,,,
Nepal,NPL,1988,0.8363,,,,,
Netherlands,NLD,1988,157.0938,,,,,
New Zealand,NZL,1988,21.563,,,,,
Nicaragua,NIC,1988,1.9713,,,,,
Niger,NER,1988,0.9893,,,,,
Nigeria,NGA,1988,57.2751,,,,,
Niue,NIU,1988,0.0037,,,,,
Norway,NOR,1988,29.4713,,,,,
Oman,OMN,1988,7.2386,,,,,
Pakistan,PAK,1988,55.1701,,,,,
Panama,PAN,1988,2.4899,,,,,
Papua New Guinea,PNG,1988,2.1984,,,,,
Paraguay,PRY,1988,1.9912,,,,,
Peru,PER,1988,23.2005,,,,,
Philippines,PHL,1988,36.6708,,,,,
Poland,POL,1988,438.2438,,,,,
Portugal,PRT,1988,33.2385,,,,,
Qatar,QAT,1988,13.9302,,,,,
Romania,ROU,1988,198.8298,,,,,
Russian Federation,RUS,1988,2552.4367,,,,,
Rwanda,RWA,1988,0.6962,,,,,
Saint Kitts & Nevis,KNA,1988,0.066,,,,,
Saint Lucia,LCA,1988,0.1649,,,,,
Saint Vincent & Grenadines,VCT,1988,0.066,,,,,
Samoa,WSM,1988,0.1136,,,,,
Sao Tome & Principe,STP,1988,0.0476,,,,,
Saudi Arabia,SAU,1988,164.5071,,,,,
Senegal,SEN,1988,2.1542,,,,,
Serbia,SRB,1988,69.2665,,,,,
Seychelles,SYC,1988,0.1979,,,,,
Sierra Leone,SLE,1988,0.458,,,,,
Singapore,SGP,1988,20.5651,,,,,
Slovakia,SVK,1988,56.2055,,,,,
Slovenia,SVN,1988,14.4732,,,,,
Solomon Islands,SLB,1988,0.1576,,,,,
South Africa,ZAF,1988,245.2483,,,,,
Spain,ESP,1988,197.2491,,,,,
Sri Lanka,LKA,1988,4.0479,,,,,
Sudan,SDN,1988,4.6496,,,,,
Suriname,SUR,1988,1.876,,,,,
Swaziland,SWZ,1988,0.436,,,,,
Sweden,SWE,1988,57.3212,,,,,
Switzerland,CHE,1988,42.0432,,,,,
Syria,SYR,1988,26.9298,,,,,
Taiwan,TWN,1988,111.2704,,,,,
Tajikistan,TJK,1988,9.4038,,,,,
Tanzania,TZA,1988,1.7153,,,,,
Thailand,THA,1988,63.0778,,,,,
Togo,TGO,1988,0.6869,,,,,
Tonga,TON,1988,0.0696,,,,,
Trinidad & Tobago,TTO,1988,17.781,,,,,
Tunisia,TUN,1988,12.3085,,,,,
Turkey,TUR,1988,120.2198,,,,,
Turkmenistan,TKM,1988,43.4416,,,,,
Uganda,UGA,1988,0.8647,,,,,
Ukraine,UKR,1988,719.9478,,,,,
United Arab Emirates,ARE,1988,51.6358,,,,,
United Kingdom,GBR,1988,574.0437,,,,,
United States of America,USA,1988,4922.5858,,,,,
Uruguay,URY,1988,4.6662,,,,,
Uzbekistan,UZB,1988,152.5157,,,,,
Vanuatu,VUT,1988,0.066,,,,,
Venezuela,VEN,1988,106.906,,,,,
Vietnam,VNM,1988,21.7446,,,,,
Yemen,YEM,1988,6.6324,,,,,
Zambia,ZMB,1988,3.2715,,,,,
Zimbabwe,ZWE,1988,14.1747,,,,,
World,WLD,1988,20494.8962,6007.833333333333,,,,
Afghanistan,AFG,1989,3.0942,,,,,
Albania,ALB,1989,7.5574,,,,,
Algeria,DZA,1989,65.4358,,,,,
Angola,AGO,1989,3.9083,,,,,
Antigua & Barbuda,ATG,1989,0.2858,,,,,
Argentina,ARG,1989,112.8124,,,,,
Armenia,ARM,1989,15.1993,,,,,
Australia,AUS,1989,258.7568,,,,,
Austria,AUT,1989,54.8569,,,,,
Azerbaijan,AZE,1989,60.3735,,,,,
Bahamas,BHS,1989,1.9456,,,,,
Bahrain,BHR,1989,11.5269,,,,,
Bangladesh,BGD,1989,12.7976,,,,,
Barbados,BRB,1989,0.9893,,,,,
Belarus,BLR,1989,124.6163,,,,,
Belgium,BEL,1989,109.2689,,,,,
Belize,BLZ,1989,0.3004,,,,,
Benin,BEN,1989,0.4046,,,,,
Bhutan,BTN,1989,0.0623,,,,,
Bolivia,BOL,1989,5.1798,,,,,
Bosnia & Herzegovina,BIH,1989,21.8327,,,,,
Botswana,BWA,1989,2.48,,,,,
Brazil,BRA,1989,207.9464,,,,,
Brunei,BRN,1989,3.7575,,,,,
Bulgaria,BGR,1989,83.9069,,,,,
Burkina Faso,BFA,1989,0.8207,,,,,
Burundi,BDI,1989,0.3004,,,,,
Cambodia,KHM,1989,0.4507,,,,,
Cameroon,CMR,1989,6.357,,,,,
Canada,CAN,1989,462.3662,,,,,
Cape Verde,CPV,1989,0.0806,,,,,
Central African Republic,CAF,1989,0.2492,,,,,
Chad,TCD,1989,0.1026,,,,,
Chile,CHL,1989,31.2134,,,,,
China,CHN,1989,2294.7383,,,,,
Colombia,COL,1989,48.9403,,,,,
Comoros,COM,1989,0.0623,,,,,
Congo,COG,1989,0.7323,,,,,
"Congo, Dem. Republic",COD,1989,3.5272,,,,,
Cook Islands,COK,1989,0.022,,,,,
Costa Rica,CRI,1989,2.9441,,,,,
Cote d'Ivoire,CIV,1989,3.0592,,,,,
Croatia,HRV,1989,25.0145,,,,,
Cuba,CUB,1989,38.9345,,,,,
Cyprus,CYP,1989,4.3203,,,,,
Czech Republic,CZE,1989,166.9952,,,,,
Denmark,DNK,1989,51.5056,,,,,
Djibouti,DJI,1989,0.4067,,,,,
Dominica,DMA,1989,0.0586,,,,,
Dominican Republic,DOM,1989,9.3688,,,,,
Ecuador,ECU,1989,14.4913,,,,,
Egypt,EGY,1989,82.9486,,,,,
El Salvador,SLV,1989,2.5451,,,,,
Equatorial Guinea,GNQ,1989,0.1172,,,,,
Estonia,EST,1989,32.0622,,,,,
Ethiopia,ETH,1989,2.2569,,,,,
Fiji,FJI,1989,0.6302,,,,,
Finland,FIN,1989,53.7151,,,,,
France,FRA,1989,369.3199,,,,,
Gabon,GAB,1989,4.3232,,,,,
Gambia,GMB,1989,0.1795,,,,,
Georgia,GEO,1989,26.2594,,,,,
Germany,DEU,1989,997.1332,,,,,
Ghana,GHA,1989,3.0921,,,,,
Greece,GRC,1989,75.4371,,,,,
Grenada,GRD,1989,0.1026,,,,,
Guatemala,GTM,1989,3.476,,,,,
Guinea,GIN,1989,1.0442,,,,,
Guinea-Bissau,GNB,1989,0.2308,,,,,
Guyana,GUY,1989,1.1945,,,,,
Haiti,HTI,1989,1.0299,,,,,
Honduras,HND,1989,2.6224,,,,,
Hungary,HUN,1989,76.0736,,,,,
Iceland,ISL,1989,1.8686,,,,,
India,IND,1989,581.4493,,,,,
Indonesia,IDN,1989,134.8677,,,,,
Iran,IRN,1989,175.6007,,,,,
Iraq,IRQ,1989,71.3742,,,,,
Ireland,IRL,1989,30.3497,,,,,
Israel,ISR,1989,33.5095,,,,,
Italy,ITA,1989,411.4444,,,,,
Jamaica,JAM,1989,6.4662,,,,,
Japan,JPN,1989,1020.0451,,,,,
Jordan,JOR,1989,9.42,,,,,
Kazakhstan,KAZ,1989,286.8691,,,,,
Kenya,KEN,1989,6.2946,,,,,
Kiribati,KIR,1989,0.022,,,,,
Korea (North),PRK,1989,127.8677,,,,,
Korea (South),KOR,1989,215.6336,,,,,
Kuwait,KWT,1989,65.4637,,,,,
Kyrgyzstan,KGZ,1989,18.3987,,,,,
Laos,LAO,1989,0.2345,,,,,
Latvia,LVA,1989,17.9357,,,,,
Lebanon,LBN,1989,5.9107,,,,,
Lesotho,LSO,1989,0.1562,,,,,
Liberia,LBR,1989,0.6668,,,,,
Libya,LBY,1989,35.6485,,,,,
Lithuania,LTU,1989,30.3651,,,,,
Luxembourg,LUX,1989,10.5331,,,,,
"Macedonia, FYR",MKD,1989,12.2366,,,,,
Madagascar,MDG,1989,0.9636,,,,,
Malawi,MWI,1989,0.5643,,,,,
Malaysia,MYS,1989,45.1089,,,,,
Maldives,MDV,1989,0.1246,,,,,
Mali,MLI,1989,0.4177,,,,,
Malta,MLT,1989,2.29,,,,,
Mauritania,MRT,1989,2.8469,,,,,
Mauritius,MUS,1989,1.0516,,,,,
Mexico,MEX,1989,287.4684,,,,,
Moldova,MDA,1989,26.1379,,,,,
Mongolia,MNG,1989,13.7165,,,,,
Morocco,MAR,1989,21.4521,,,,,
Mozambique,MOZ,1989,1.4766,,,,,
Myanmar,MMR,1989,4.5379,,,,,
Nauru,NRU,1989,0.1576,,,,,
Nepal,NPL,1989,0.6799,,,,,
Netherlands,NLD,1989,158.616,,,,,
New Zealand,NZL,1989,21.6927,,,,,
Nicaragua,NIC,1989,1.766,,,,,
Niger,NER,1989,1.0406,,,,,
Nigeria,NGA,1989,67.6856,,,,,
Niue,NIU,1989,0.0037,,,,,
Norway,NOR,1989,31.2796,,,,,
Oman,OMN,1989,7.622,,,,,
Pakistan,PAK,1989,59.3452,,,,,
Panama,PAN,1989,2.5743,,,,,
Papua New Guinea,PNG,1989,2.0335,,,,,
Paraguay,PRY,1989,1.9812,,,,,
Peru,PER,1989,20.931,,,,,
Philippines,PHL,1989,38.4064,,,,,
Poland,POL,1989,419.0835,,,,,
Portugal,PRT,1989,41.5525,,,,,
Qatar,QAT,1989,14.7902,,,,,
Romania,ROU,1989,194.4299,,,,,
Russian Federation,RUS,1989,2498.984,,,,,
Rwanda,RWA,1989,0.6852,,,,,
Saint Kitts & Nevis,KNA,1989,0.066,,,,,
Saint Lucia,LCA,1989,0.1649,,,,,
Saint Vincent & Grenadines,VCT,1989,0.0769,,,,,
Samoa,WSM,1989,0.1209,,,,,
Sao Tome & Principe,STP,1989,0.0476,,,,,
Saudi Arabia,SAU,1989,164.4251,,,,,
Senegal,SEN,1989,2.2605,,,,,
Serbia,SRB,1989,69.7332,,,,,
Seychelles,SYC,1989,0.2345,,,,,
Sierra Leone,SLE,1989,0.3737,,,,,
Singapore,SGP,1989,22.01,,,,,
Slovakia,SVK,1989,57.0912,,,,,
Slovenia,SVN,1989,14.4291,,,,,
Solomon Islands,SLB,1989,0.1612,,,,,
South Africa,ZAF,1989,251.6011,,,,,
Spain,ESP,1989,215.7411,,,,,
Sri Lanka,LKA,1989,3.8379,,,,,
Sudan,SDN,1989,4.2433,,,,,
Suriname,SUR,1989,1.854,,,,,
Swaziland,SWZ,1989,0.436,,,,,
Sweden,SWE,1989,54.5328,,,,,
Switzerland,CHE,1989,41.8524,,,,,
Syria,SYR,1989,26.5541,,,,,
Taiwan,TWN,1989,120.8015,,,,,
Tajikistan,TJK,1989,9.2087,,,,,
Tanzania,TZA,1989,1.9075,,,,,
Thailand,THA,1989,73.2956,,,,,
Togo,TGO,1989,0.7042,,,,,
Tonga,TON,1989,0.0696,,,,,
Trinidad & Tobago,TTO,1989,17.2204,,,,,
Tunisia,TUN,1989,13.1768,,,,,
Turkey,TUR,1989,132.4067,,,,,
Turkmenistan,TKM,1989,42.5342,,,,,
Uganda,UGA,1989,0.8024,,,,,
Ukraine,UKR,1989,704.89,,,,,
United Arab Emirates,ARE,1989,56.5675,,,,,
United Kingdom,GBR,1989,563.1683,,,,,
United States of America,USA,1989,4980.8707,,,,,
Uruguay,URY,1989,5.0585,,,,,
Uzbekistan,UZB,1989,149.384,,,,,
Vanuatu,VUT,1989,0.0623,,,,,
Venezuela,VEN,1989,109.2209,,,,,
Vietnam,VNM,1989,18.5229,,,,,
Yemen,YEM,1989,6.8181,,,,,
Zambia,ZMB,1989,3.3405,,,,,
Zimbabwe,ZWE,1989,14.5191,,,,,
World,WLD,1989,20902.9074,6039.0,,,,
Afghanistan,AFG,1990,2.9907,,,,,
Albania,ALB,1990,6.6237,,,,,
Algeria,DZA,1990,69.5996,,,,,
Angola,AGO,1990,6.4579,,,,,
Antigua & Barbuda,ATG,1990,0.3004,,,,,
Argentina,ARG,1990,106.357,,,,,
Armenia,ARM,1990,20.7013,,,,,
Australia,AUS,1990,263.9698,,,,,
Austria,AUT,1990,58.8802,,,,,
Azerbaijan,AZE,1990,55.9557,,,,,
Bahamas,BHS,1990,1.9492,,,,,
Bahrain,BHR,1990,11.7733,,,,,
Bangladesh,BGD,1990,13.7385,,,,,
Barbados,BRB,1990,1.0736,,,,,
Belarus,BLR,1990,126.0886,,,,,
Belgium,BEL,1990,111.4015,,,,,
Belize,BLZ,1990,0.3114,,,,,
Benin,BEN,1990,0.4002,,,,,
Bhutan,BTN,1990,0.1282,,,,,
Bolivia,BOL,1990,5.6254,,,,,
Bosnia & Herzegovina,BIH,1990,23.7914,,,,,
Botswana,BWA,1990,2.93,,,,,
Brazil,BRA,1990,207.956,,,,,
Brunei,BRN,1990,3.9075,,,,,
Bulgaria,BGR,1990,77.2886,,,,,
Burkina Faso,BFA,1990,0.5862,,,,,
Burundi,BDI,1990,0.3041,,,,,
Cambodia,KHM,1990,0.4507,,,,,
Cameroon,CMR,1990,2.9814,,,,,
Canada,CAN,1990,438.1553,,,,,
Cape Verde,CPV,1990,0.0879,,,,,
Central African Republic,CAF,1990,0.1979,,,,,
Chad,TCD,1990,0.1466,,,,,
Chile,CHL,1990,32.4399,,,,,
China,CHN,1990,2349.5138,,,,,
Colombia,COL,1990,49.6646,,,,,
Comoros,COM,1990,0.0769,,,,,
Congo,COG,1990,0.8186,,,,,
"Congo, Dem. Republic",COD,1990,3.1908,,,,,
Cook Islands,COK,1990,0.022,,,,,
Costa Rica,CRI,1990,2.9078,,,,,
Cote d'Ivoire,CIV,1990,2.8792,,,,,
Croatia,HRV,1990,22.9135,,,,,
Cuba,CUB,1990,35.2849,,,,,
Cyprus,CYP,1990,4.4243,,,,,
Czech Republic,CZE,1990,158.4133,,,,,
Denmark,DNK,1990,51.6751,,,,,
Djibouti,DJI,1990,0.3994,,,,,
Dominica,DMA,1990,0.0586,,,,,
Dominican Republic,DOM,1990,7.9176,,,,,
Ecuador,ECU,1990,15.2413,,,,,
Egypt,EGY,1990,87.6026,,,,,
El Salvador,SLV,1990,2.5488,,,,,
Equatorial Guinea,GNQ,1990,0.1209,,,,,
Estonia,EST,1990,36.5734,,,,,
Ethiopia,ETH,1990,2.3785,,,,,
Fiji,FJI,1990,0.8134,,,,,
Finland,FIN,1990,55.2317,,,,,
France,FRA,1990,365.7238,,,,,
Gabon,GAB,1990,4.1547,,,,,
Gambia,GMB,1990,0.1905,,,,,
Georgia,GEO,1990,33.4692,,,,,
Germany,DEU,1990,968.46,,,,,
Ghana,GHA,1990,3.0471,,,,,
Greece,GRC,1990,76.9084,,,,,
Grenada,GRD,1990,0.1099,,,,,
Guatemala,GTM,1990,4.0454,,,,,
Guinea,GIN,1990,1.0552,,,,,
Guinea-Bissau,GNB,1990,0.2528,,,,,
Guyana,GUY,1990,1.1395,,,,,
Haiti,HTI,1990,1.0389,,,,,
Honduras,HND,1990,2.4861,,,,,
Hungary,HUN,1990,68.3566,,,,,
Iceland,ISL,1990,1.9486,,,,,
India,IND,1990,616.7876,,,,,
Indonesia,IDN,1990,161.9178,,,,,
Iran,IRN,1990,187.7156,,,,,
Iraq,IRQ,1990,66.651,,,,,
Ireland,IRL,1990,31.2934,,,,,
Israel,ISR,1990,34.969,,,,,
Italy,ITA,1990,417.2922,,,,,
Jamaica,JAM,1990,7.3998,,,,,
Japan,JPN,1990,1103.6254,,,,,
Jordan,JOR,1990,10.1487,,,,,
Kazakhstan,KAZ,1990,239.6477,,,,,
Kenya,KEN,1990,6.2611,,,,,
Kiribati,KIR,1990,0.022,,,,,
Korea (North),PRK,1990,121.9829,,,,,
Korea (South),KOR,1990,246.0445,,,,,
Kuwait,KWT,1990,30.4557,,,,,
Kyrgyzstan,KGZ,1990,23.0605,,,,,
Laos,LAO,1990,0.2345,,,,,
Latvia,LVA,1990,18.9342,,,,,
Lebanon,LBN,1990,5.907,,,,,
Lesotho,LSO,1990,0.1562,,,,,
Liberia,LBR,1990,0.4836,,,,,
Libya,LBY,1990,37.8189,,,,,
Lithuania,LTU,1990,34.0265,,,,,
Luxembourg,LUX,1990,10.6751,,,,,
"Macedonia, FYR",MKD,1990,8.9099,,,,,
Madagascar,MDG,1990,0.9856,,,,,
Malawi,MWI,1990,0.6119,,,,,
Malaysia,MYS,1990,55.9092,,,,,
Maldives,MDV,1990,0.1539,,,,,
Mali,MLI,1990,0.4214,,,,,
Malta,MLT,1990,2.29,,,,,
Mauritania,MRT,1990,2.6637,,,,,
Mauritius,MUS,1990,1.4619,,,,,
Mexico,MEX,1990,277.1204,,,,,
Moldova,MDA,1990,30.3654,,,,,
Mongolia,MNG,1990,12.8798,,,,,
Morocco,MAR,1990,21.7321,,,,,
Mozambique,MOZ,1990,1.1203,,,,,
Myanmar,MMR,1990,4.3583,,,,,
Namibia,NAM,1990,0.0,,,,,
Nauru,NRU,1990,0.1576,,,,,
Nepal,NPL,1990,0.935,,,,,
Netherlands,NLD,1990,157.8837,,,,,
New Zealand,NZL,1990,22.7945,,,,,
Nicaragua,NIC,1990,2.4272,,,,,
Niger,NER,1990,0.8317,,,,,
Nigeria,NGA,1990,69.2571,,,,,
Niue,NIU,1990,0.0037,,,,,
Norway,NOR,1990,29.9909,,,,,
Oman,OMN,1990,12.017,,,,,
Pakistan,PAK,1990,64.357,,,,,
Panama,PAN,1990,2.7002,,,,,
Papua New Guinea,PNG,1990,2.1434,,,,,
Paraguay,PRY,1990,2.0712,,,,,
Peru,PER,1990,20.805,,,,,
Philippines,PHL,1990,41.3994,,,,,
Poland,POL,1990,348.3388,,,,,
Portugal,PRT,1990,42.9074,,,,,
Qatar,QAT,1990,14.4119,,,,,
Romania,ROU,1990,172.2192,,,,,
Russian Federation,RUS,1990,2226.6363,,,,,
Rwanda,RWA,1990,0.6778,,,,,
Saint Kitts & Nevis,KNA,1990,0.066,,,,,
Saint Lucia,LCA,1990,0.1649,,,,,
Saint Vincent & Grenadines,VCT,1990,0.0806,,,,,
Samoa,WSM,1990,0.1246,,,,,
Sao Tome & Principe,STP,1990,0.0476,,,,,
Saudi Arabia,SAU,1990,172.9849,,,,,
Senegal,SEN,1990,2.3645,,,,,
Serbia,SRB,1990,62.7396,,,,,
Seychelles,SYC,1990,0.1136,,,,,
Sierra Leone,SLE,1990,0.3884,,,,,
Singapore,SGP,1990,30.3133,,,,,
Slovakia,SVK,1990,58.5386,,,,,
Slovenia,SVN,1990,14.0364,,,,,
Solomon Islands,SLB,1990,0.1612,,,,,
South Africa,ZAF,1990,257.5412,,,,,
Spain,ESP,1990,219.3361,,,,,
Sri Lanka,LKA,1990,3.9279,,,,,
Sudan,SDN,1990,5.5843,,,,,
Suriname,SUR,1990,1.81,,,,,
Swaziland,SWZ,1990,0.425,,,,,
Sweden,SWE,1990,53.9848,,,,,
Switzerland,CHE,1990,44.1878,,,,,
Syria,SYR,1990,30.7566,,,,,
Taiwan,TWN,1990,123.5786,,,,,
Tajikistan,TJK,1990,11.1104,,,,,
Tanzania,TZA,1990,1.9775,,,,,
Thailand,THA,1990,89.4308,,,,,
Togo,TGO,1990,0.7679,,,,,
Tonga,TON,1990,0.0769,,,,,
Trinidad & Tobago,TTO,1990,17.6097,,,,,
Tunisia,TUN,1990,13.7251,,,,,
Turkey,TUR,1990,139.1453,,,,,
Turkmenistan,TKM,1990,45.2276,,,,,
Uganda,UGA,1990,0.8024,,,,,
Ukraine,UKR,1990,699.6879,,,,,
United Arab Emirates,ARE,1990,55.6683,,,,,
United Kingdom,GBR,1990,556.5743,,,,,
United States of America,USA,1990,4912.6814,,,,,
Uruguay,URY,1990,3.9992,,,,,
Uzbekistan,UZB,1990,124.3714,,,,,
Vanuatu,VUT,1990,0.0696,,,,,
Venezuela,VEN,1990,114.8375,,,,,
Vietnam,VNM,1990,18.4458,,,,,
Yemen,YEM,1990,6.844,,,,,
Zambia,ZMB,1990,2.8162,,,,,
Zimbabwe,ZWE,1990,16.3481,,,,,
World,WLD,1990,21109.2774,6026.900000000001,,,,
Afghanistan,AFG,1991,2.7412,,,,,
Albania,ALB,1991,4.6804,,,,,
Algeria,DZA,1991,68.635,,,,,
Angola,AGO,1991,6.6611,,,,,
Antigua & Barbuda,ATG,1991,0.2931,,,,,
Argentina,ARG,1991,111.6405,,,,,
Armenia,ARM,1991,21.6437,,,,,
Australia,AUS,1991,264.8929,,,,,
Austria,AUT,1991,63.0588,,,,,
Azerbaijan,AZE,1991,56.2869,,,,,
Bahamas,BHS,1991,1.7807,,,,,
Bahrain,BHR,1991,11.5133,,,,,
Bangladesh,BGD,1991,12.9656,,,,,
Barbados,BRB,1991,1.2055,,,,,
Belarus,BLR,1991,120.996,,,,,
Belgium,BEL,1991,116.8897,,,,,
Belize,BLZ,1991,0.3591,,,,,
Benin,BEN,1991,0.3612,,,,,
Bhutan,BTN,1991,0.1869,,,,,
Bolivia,BOL,1991,5.6637,,,,,
Bosnia & Herzegovina,BIH,1991,21.2934,,,,,
Botswana,BWA,1991,2.86,,,,,
Brazil,BRA,1991,214.988,,,,,
Brunei,BRN,1991,3.37,,,,,
Bulgaria,BGR,1991,57.6935,,,,,
Burkina Faso,BFA,1991,0.6265,,,,,
Burundi,BDI,1991,0.3444,,,,,
Cambodia,KHM,1991,0.4617,,,,,
Cameroon,CMR,1991,2.7201,,,,,
Canada,CAN,1991,431.5508,,,,,
Cape Verde,CPV,1991,0.0916,,,,,
Central African Republic,CAF,1991,0.2052,,,,,
Chad,TCD,1991,0.0696,,,,,
Chile,CHL,1991,31.2758,,,,,
China,CHN,1991,2479.5967,,,,,
Colombia,COL,1991,51.4802,,,,,
Comoros,COM,1991,0.0769,,,,,
Congo,COG,1991,0.6813,,,,,
"Congo, Dem. Republic",COD,1991,2.6446,,,,,
Cook Islands,COK,1991,0.022,,,,,
Costa Rica,CRI,1991,3.0881,,,,,
Cote d'Ivoire,CIV,1991,2.9692,,,,,
Croatia,HRV,1991,16.9743,,,,,
Cuba,CUB,1991,27.2966,,,,,
Cyprus,CYP,1991,4.9743,,,,,
Czech Republic,CZE,1991,143.5945,,,,,
Denmark,DNK,1991,62.118,,,,,
Djibouti,DJI,1991,0.3994,,,,,
Dominica,DMA,1991,0.0586,,,,,
Dominican Republic,DOM,1991,8.2756,,,,,
Ecuador,ECU,1991,15.7801,,,,,
Egypt,EGY,1991,90.514,,,,,
El Salvador,SLV,1991,3.2371,,,,,
Equatorial Guinea,GNQ,1991,0.2015,,,,,
Estonia,EST,1991,32.5396,,,,,
Ethiopia,ETH,1991,2.4029,,,,,
Fiji,FJI,1991,0.6742,,,,,
Finland,FIN,1991,56.5195,,,,,
France,FRA,1991,393.3287,,,,,
Gabon,GAB,1991,4.3269,,,,,
Gambia,GMB,1991,0.1979,,,,,
Georgia,GEO,1991,25.6932,,,,,
Germany,DEU,1991,942.9715,,,,,
Ghana,GHA,1991,2.8337,,,,,
Greece,GRC,1991,75.8873,,,,,
Grenada,GRD,1991,0.1136,,,,,
Guatemala,GTM,1991,4.1281,,,,,
Guinea,GIN,1991,1.0736,,,,,
Guinea-Bissau,GNB,1991,0.2565,,,,,
Guyana,GUY,1991,1.1212,,,,,
Haiti,HTI,1991,1.0246,,,,,
Honduras,HND,1991,2.4844,,,,,
Hungary,HUN,1991,65.2404,,,,,
Iceland,ISL,1991,1.9113,,,,,
India,IND,1991,660.3343,,,,,
Indonesia,IDN,1991,177.7375,,,,,
Iran,IRN,1991,225.3979,,,,,
Iraq,IRQ,1991,48.2103,,,,,
Ireland,IRL,1991,31.8788,,,,,
Israel,ISR,1991,35.8197,,,,,
Italy,ITA,1991,416.5652,,,,,
Jamaica,JAM,1991,7.3405,,,,,
Japan,JPN,1991,1113.8112,,,,,
Jordan,JOR,1991,9.9478,,,,,
Kazakhstan,KAZ,1991,248.5421,,,,,
Kenya,KEN,1991,6.0408,,,,,
Kiribati,KIR,1991,0.022,,,,,
Korea (North),PRK,1991,115.8829,,,,,
Korea (South),KOR,1991,271.7106,,,,,
Kuwait,KWT,1991,36.1855,,,,,
Kyrgyzstan,KGZ,1991,20.716,,,,,
Laos,LAO,1991,0.2565,,,,,
Latvia,LVA,1991,17.3327,,,,,
Lebanon,LBN,1991,7.327,,,,,
Lesotho,LSO,1991,0.1562,,,,,
Liberia,LBR,1991,0.2858,,,,,
Libya,LBY,1991,35.2987,,,,,
Lithuania,LTU,1991,36.1396,,,,,
Luxembourg,LUX,1991,11.2044,,,,,
"Macedonia, FYR",MKD,1991,8.6379,,,,,
Madagascar,MDG,1991,1.0699,,,,,
Malawi,MWI,1991,0.6595,,,,,
Malaysia,MYS,1991,63.5716,,,,,
Maldives,MDV,1991,0.1722,,,,,
Mali,MLI,1991,0.436,,,,,
Malta,MLT,1991,2.18,,,,,
Mauritania,MRT,1991,2.748,,,,,
Mauritius,MUS,1991,1.5242,,,,,
Mexico,MEX,1991,302.5389,,,,,
Moldova,MDA,1991,24.4918,,,,,
Mongolia,MNG,1991,14.5336,,,,,
Morocco,MAR,1991,23.5062,,,,,
Mozambique,MOZ,1991,0.9403,,,,,
Myanmar,MMR,1991,4.2232,,,,,
Namibia,NAM,1991,1.12,,,,,
Nauru,NRU,1991,0.1539,,,,,
Nepal,NPL,1991,1.176,,,,,
Netherlands,NLD,1991,166.8621,,,,,
New Zealand,NZL,1991,23.1856,,,,,
Nicaragua,NIC,1991,1.9309,,,,,
Niger,NER,1991,0.8171,,,,,
Nigeria,NGA,1991,77.4641,,,,,
Niue,NIU,1991,0.0037,,,,,
Norway,NOR,1991,28.028,,,,,
Oman,OMN,1991,16.2627,,,,,
Pakistan,PAK,1991,63.5792,,,,,
Panama,PAN,1991,3.1302,,,,,
Papua New Guinea,PNG,1991,2.0665,,,,,
Paraguay,PRY,1991,2.0312,,,,,
Peru,PER,1991,20.0107,,,,,
Philippines,PHL,1991,40.9042,,,,,
Poland,POL,1991,348.677,,,,,
Portugal,PRT,1991,44.4426,,,,,
Qatar,QAT,1991,16.554,,,,,
Romania,ROU,1991,144.5042,,,,,
Russian Federation,RUS,1991,2227.3279,,,,,
Rwanda,RWA,1991,0.6265,,,,,
Saint Kitts & Nevis,KNA,1991,0.0733,,,,,
Saint Lucia,LCA,1991,0.1722,,,,,
Saint Vincent & Grenadines,VCT,1991,0.0769,,,,,
Samoa,WSM,1991,0.1246,,,,,
Sao Tome & Principe,STP,1991,0.0476,,,,,
Saudi Arabia,SAU,1991,194.3807,,,,,
Senegal,SEN,1991,2.3692,,,,,
Serbia,SRB,1991,53.004,,,,,
Seychelles,SYC,1991,0.1429,,,,,
Sierra Leone,SLE,1991,0.469,,,,,
Singapore,SGP,1991,31.9966,,,,,
Slovakia,SVK,1991,51.0422,,,,,
Slovenia,SVN,1991,13.2276,,,,,
Solomon Islands,SLB,1991,0.1612,,,,,
South Africa,ZAF,1991,253.6306,,,,,
Spain,ESP,1991,225.5085,,,,,
Sri Lanka,LKA,1991,4.0979,,,,,
Sudan,SDN,1991,5.0443,,,,,
Suriname,SUR,1991,2.0995,,,,,
Swaziland,SWZ,1991,0.3261,,,,,
Sweden,SWE,1991,54.5545,,,,,
Switzerland,CHE,1991,46.2613,,,,,
Syria,SYR,1991,33.3666,,,,,
Taiwan,TWN,1991,133.4856,,,,,
Tajikistan,TJK,1991,10.265,,,,,
Tanzania,TZA,1991,1.9475,,,,,
Thailand,THA,1991,98.4751,,,,,
Togo,TGO,1991,0.7142,,,,,
Tonga,TON,1991,0.0916,,,,,
Trinidad & Tobago,TTO,1991,16.8126,,,,,
Tunisia,TUN,1991,14.4069,,,,,
Turkey,TUR,1991,142.3585,,,,,
Turkmenistan,TKM,1991,38.4223,,,,,
Uganda,UGA,1991,0.8281,,,,,
Ukraine,UKR,1991,663.7345,,,,,
United Arab Emirates,ARE,1991,61.8173,,,,,
United Kingdom,GBR,1991,570.6296,,,,,
United States of America,USA,1991,4878.6746,,,,,
Uruguay,URY,1991,4.5492,,,,,
Uzbekistan,UZB,1991,127.9199,,,,,
Vanuatu,VUT,1991,0.066,,,,,
Venezuela,VEN,1991,114.9101,,,,,
Vietnam,VNM,1991,18.3949,,,,,
Yemen,YEM,1991,8.485,,,,,
Zambia,ZMB,1991,2.9432,,,,,
Zimbabwe,ZWE,1991,18.0624,,,,,
World,WLD,1991,21336.6283,6279.166666666667,,,,
Afghanistan,AFG,1992,1.4252,,,,,
Albania,ALB,1992,2.8289,,,,,
Algeria,DZA,1992,68.1796,,,,,
Angola,AGO,1992,6.4589,,,,,
Antigua & Barbuda,ATG,1992,0.2931,,,,,
Argentina,ARG,1992,113.9208,,,,,
Armenia,ARM,1992,10.8779,,,,,
Australia,AUS,1992,268.1319,,,,,
Austria,AUT,1992,58.1662,,,,,
Azerbaijan,AZE,1992,47.2136,,,,,
Bahamas,BHS,1992,1.788,,,,,
Bahrain,BHR,1992,11.9499,,,,,
Bangladesh,BGD,1992,14.2256,,,,,
Barbados,BRB,1992,0.9783,,,,,
Belarus,BLR,1992,99.9668,,,,,
Belgium,BEL,1992,116.2831,,,,,
Belize,BLZ,1992,0.3554,,,,,
Benin,BEN,1992,0.3932,,,,,
Bhutan,BTN,1992,0.2198,,,,,
Bolivia,BOL,1992,6.7757,,,,,
Bosnia & Herzegovina,BIH,1992,15.7133,,,,,
Botswana,BWA,1992,3.44,,,,,
Brazil,BRA,1992,217.9696,,,,,
Brunei,BRN,1992,3.57,,,,,
Bulgaria,BGR,1992,55.2226,,,,,
Burkina Faso,BFA,1992,0.6302,,,,,
Burundi,BDI,1992,0.3188,,,,,
Cambodia,KHM,1992,0.4763,,,,,
Cameroon,CMR,1992,2.6078,,,,,
Canada,CAN,1992,442.4735,,,,,
Cape Verde,CPV,1992,0.1026,,,,,
Central African Republic,CAF,1992,0.2162,,,,,
Chad,TCD,1992,0.0879,,,,,
Chile,CHL,1992,33.4107,,,,,
China,CHN,1992,2615.5976,,,,,
Colombia,COL,1992,54.3478,,,,,
Comoros,COM,1992,0.0769,,,,,
Congo,COG,1992,0.6586,,,,,
"Congo, Dem. Republic",COD,1992,2.3979,,,,,
Cook Islands,COK,1992,0.022,,,,,
Costa Rica,CRI,1992,4.1681,,,,,
Cote d'Ivoire,CIV,1992,2.9528,,,,,
Croatia,HRV,1992,16.0494,,,,,
Cuba,CUB,1992,22.0166,,,,,
Cyprus,CYP,1992,5.2843,,,,,
Czech Republic,CZE,1992,134.3698,,,,,
Denmark,DNK,1992,56.4288,,,,,
Djibouti,DJI,1992,0.414,,,,,
Dominica,DMA,1992,0.0586,,,,,
Dominican Republic,DOM,1992,9.6715,,,,,
Ecuador,ECU,1992,16.2721,,,,,
Egypt,EGY,1992,93.5952,,,,,
El Salvador,SLV,1992,3.4788,,,,,
Equatorial Guinea,GNQ,1992,0.2162,,,,,
Eritrea,ERI,1992,0.43,,,,,
Estonia,EST,1992,23.7904,,,,,
Ethiopia,ETH,1992,1.6202,,,,,
Fiji,FJI,1992,0.7218,,,,,
Finland,FIN,1992,54.2443,,,,,
France,FRA,1992,378.995,,,,,
Gabon,GAB,1992,4.5994,,,,,
Gambia,GMB,1992,0.1979,,,,,
Georgia,GEO,1992,20.1292,,,,,
Germany,DEU,1992,905.9345,,,,,
Ghana,GHA,1992,3.3493,,,,,
Greece,GRC,1992,77.1614,,,,,
Grenada,GRD,1992,0.1209,,,,,
Guatemala,GTM,1992,4.9162,,,,,
Guinea,GIN,1992,1.0736,,,,,
Guinea-Bissau,GNB,1992,0.2601,,,,,
Guyana,GUY,1992,1.0516,,,,,
Haiti,HTI,1992,0.9289,,,,,
Honduras,HND,1992,2.7624,,,,,
Hungary,HUN,1992,58.9139,,,,,
Iceland,ISL,1992,1.9413,,,,,
India,IND,1992,689.4726,,,,,
Indonesia,IDN,1992,186.9641,,,,,
Iran,IRN,1992,243.3919,,,,,
Iraq,IRQ,1992,68.8887,,,,,
Ireland,IRL,1992,31.9688,,,,,
Israel,ISR,1992,38.3549,,,,,
Italy,ITA,1992,416.0227,,,,,
Jamaica,JAM,1992,8.0682,,,,,
Japan,JPN,1992,1123.0253,,,,,
Jordan,JOR,1992,12.2809,,,,,
Kazakhstan,KAZ,1992,257.3977,,,,,
Kenya,KEN,1992,6.1211,,,,,
Kiribati,KIR,1992,0.022,,,,,
Korea (North),PRK,1992,103.9812,,,,,
Korea (South),KOR,1992,299.0552,,,,,
Kuwait,KWT,1992,24.6541,,,,,
Kyrgyzstan,KGZ,1992,13.6896,,,,,
Laos,LAO,1992,0.2821,,,,,
Latvia,LVA,1992,13.9179,,,,,
Lebanon,LBN,1992,7.6375,,,,,
Lesotho,LSO,1992,0.1617,,,,,
Liberia,LBR,1992,0.2895,,,,,
Libya,LBY,1992,32.4598,,,,,
Lithuania,LTU,1992,20.5075,,,,,
Luxembourg,LUX,1992,10.8704,,,,,
"Macedonia, FYR",MKD,1992,8.4765,,,,,
Madagascar,MDG,1992,1.0442,,,,,
Malawi,MWI,1992,0.6595,,,,,
Malaysia,MYS,1992,69.84,,,,,
Maldives,MDV,1992,0.2528,,,,,
Mali,MLI,1992,0.4433,,,,,
Malta,MLT,1992,2.14,,,,,
Mauritania,MRT,1992,2.9422,,,,,
Mauritius,MUS,1992,1.7074,,,,,
Mexico,MEX,1992,305.7156,,,,,
Moldova,MDA,1992,19.9881,,,,,
Mongolia,MNG,1992,12.666,,,,,
Morocco,MAR,1992,25.2784,,,,,
Mozambique,MOZ,1992,1.0947,,,,,
Myanmar,MMR,1992,4.3983,,,,,
Namibia,NAM,1992,1.22,,,,,
Nauru,NRU,1992,0.1429,,,,,
Nepal,NPL,1992,1.2372,,,,,
Netherlands,NLD,1992,165.4279,,,,,
New Zealand,NZL,1992,24.8626,,,,,
Nicaragua,NIC,1992,2.2492,,,,,
Niger,NER,1992,0.7841,,,,,
Nigeria,NGA,1992,87.9243,,,,,
Niue,NIU,1992,0.0037,,,,,
Norway,NOR,1992,31.4051,,,,,
Oman,OMN,1992,15.0227,,,,,
Pakistan,PAK,1992,68.9138,,,,,
Palau,PLW,1992,0.1136,,,,,
Panama,PAN,1992,3.6546,,,,,
Papua New Guinea,PNG,1992,2.0555,,,,,
Paraguay,PRY,1992,2.4012,,,,,
Peru,PER,1992,20.8424,,,,,
Philippines,PHL,1992,44.2032,,,,,
Poland,POL,1992,340.122,,,,,
Portugal,PRT,1992,48.3469,,,,,
Qatar,QAT,1992,16.7011,,,,,
Romania,ROU,1992,129.4654,,,,,
Russian Federation,RUS,1992,2039.8203,,,,,
Rwanda,RWA,1992,0.6339,,,,,
Saint Kitts & Nevis,KNA,1992,0.0733,,,,,
Saint Lucia,LCA,1992,0.2052,,,,,
Saint Vincent & Grenadines,VCT,1992,0.0843,,,,,
Samoa,WSM,1992,0.1282,,,,,
Sao Tome & Principe,STP,1992,0.0476,,,,,
Saudi Arabia,SAU,1992,209.3355,,,,,
Senegal,SEN,1992,2.6104,,,,,
Serbia,SRB,1992,48.5549,,,,,
Seychelles,SYC,1992,0.1649,,,,,
Sierra Leone,SLE,1992,0.2162,,,,,
Singapore,SGP,1992,32.9753,,,,,
Slovakia,SVK,1992,46.5958,,,,,
Slovenia,SVN,1992,12.6794,,,,,
Solomon Islands,SLB,1992,0.1612,,,,,
South Africa,ZAF,1992,248.8828,,,,,
Spain,ESP,1992,236.796,,,,,
Sri Lanka,LKA,1992,5.3967,,,,,
Sudan,SDN,1992,4.7646,,,,,
Suriname,SUR,1992,2.1105,,,,,
Swaziland,SWZ,1992,0.2638,,,,,
Sweden,SWE,1992,57.2695,,,,,
Switzerland,CHE,1992,46.2615,,,,,
Syria,SYR,1992,32.8834,,,,,
Taiwan,TWN,1992,142.6568,,,,,
Tajikistan,TJK,1992,7.6179,,,,,
Tanzania,TZA,1992,1.9375,,,,,
Thailand,THA,1992,108.6184,,,,,
Togo,TGO,1992,0.5459,,,,,
Tonga,TON,1992,0.0879,,,,,
Trinidad & Tobago,TTO,1992,15.762,,,,,
Tunisia,TUN,1992,15.1623,,,,,
Turkey,TUR,1992,148.847,,,,,
Turkmenistan,TKM,1992,28.1596,,,,,
Uganda,UGA,1992,0.8391,,,,,
Ukraine,UKR,1992,569.4874,,,,,
United Arab Emirates,ARE,1992,60.0435,,,,,
United Kingdom,GBR,1992,554.735,,,,,
United States of America,USA,1992,4934.9574,,,,,
Uruguay,URY,1992,4.9192,,,,,
Uzbekistan,UZB,1992,117.0685,,,,,
Vanuatu,VUT,1992,0.066,,,,,
Venezuela,VEN,1992,115.5886,,,,,
Vietnam,VNM,1992,20.2732,,,,,
Yemen,YEM,1992,9.1094,,,,,
Zambia,ZMB,1992,2.9122,,,,,
Zimbabwe,ZWE,1992,18.227,,,,,
World,WLD,1992,21221.047,5885.0,,,,
Afghanistan,AFG,1993,1.352,,,,,
Albania,ALB,1993,2.3089,,,,,
Algeria,DZA,1993,75.5554,,,,,
Angola,AGO,1993,6.9997,,,,,
Antigua & Barbuda,ATG,1993,0.3078,,,,,
Argentina,ARG,1993,117.5629,,,,,
Armenia,ARM,1993,5.0989,,,,,
Australia,AUS,1993,272.1965,,,,,
Austria,AUT,1993,58.4422,,,,,
Azerbaijan,AZE,1993,40.1404,,,,,
Bahamas,BHS,1993,1.6964,,,,,
Bahrain,BHR,1993,11.5936,,,,,
Bangladesh,BGD,1993,15.5456,,,,,
Barbados,BRB,1993,1.1139,,,,,
Belarus,BLR,1993,83.8153,,,,,
Belgium,BEL,1993,113.5722,,,,,
Belize,BLZ,1993,0.3774,,,,,
Benin,BEN,1993,0.4628,,,,,
Bhutan,BTN,1993,0.1869,,,,,
Bolivia,BOL,1993,7.7023,,,,,
Bosnia & Herzegovina,BIH,1993,13.1933,,,,,
Botswana,BWA,1993,3.39,,,,,
Brazil,BRA,1993,224.8841,,,,,
Brunei,BRN,1993,3.86,,,,,
Bulgaria,BGR,1993,56.1503,,,,,
Burkina Faso,BFA,1993,0.6265,,,,,
Burundi,BDI,1993,0.3371,,,,,
Cambodia,KHM,1993,0.4763,,,,,
Cameroon,CMR,1993,6.7264,,,,,
Canada,CAN,1993,441.872,,,,,
Cape Verde,CPV,1993,0.1026,,,,,
Central African Republic,CAF,1993,0.2235,,,,,
Chad,TCD,1993,0.0989,,,,,
Chile,CHL,1993,34.1125,,,,,
China,CHN,1993,2844.3072,,,,,
Colombia,COL,1993,59.95,,,,,
Comoros,COM,1993,0.0769,,,,,
Congo,COG,1993,3.0153,,,,,
"Congo, Dem. Republic",COD,1993,2.2633,,,,,
Cook Islands,COK,1993,0.022,,,,,
Costa Rica,CRI,1993,4.2087,,,,,
Cote d'Ivoire,CIV,1993,3.1192,,,,,
Croatia,HRV,1993,16.5791,,,,,
Cuba,CUB,1993,19.974,,,,,
Cyprus,CYP,1993,5.4623,,,,,
Czech Republic,CZE,1993,129.3957,,,,,
Denmark,DNK,1993,58.8278,,,,,
Djibouti,DJI,1993,0.4287,,,,,
Dominica,DMA,1993,0.0623,,,,,
Dominican Republic,DOM,1993,9.5539,,,,,
Ecuador,ECU,1993,15.4094,,,,,
Egypt,EGY,1993,93.5895,,,,,
El Salvador,SLV,1993,4.0887,,,,,
Equatorial Guinea,GNQ,1993,1.031,,,,,
Eritrea,ERI,1993,0.63,,,,,
Estonia,EST,1993,18.2092,,,,,
Ethiopia,ETH,1993,2.0459,,,,,
Fiji,FJI,1993,0.7621,,,,,
Finland,FIN,1993,55.1777,,,,,
France,FRA,1993,359.4869,,,,,
Gabon,GAB,1993,4.7267,,,,,
Gambia,GMB,1993,0.2088,,,,,
Georgia,GEO,1993,16.1702,,,,,
Germany,DEU,1993,898.7834,,,,,
Ghana,GHA,1993,3.4209,,,,,
Greece,GRC,1993,77.9695,,,,,
Grenada,GRD,1993,0.1246,,,,,
Guatemala,GTM,1993,5.1469,,,,,
Guinea,GIN,1993,1.1029,,,,,
Guinea-Bissau,GNB,1993,0.2785,,,,,
Guyana,GUY,1993,1.0552,,,,,
Haiti,HTI,1993,0.7213,,,,,
Honduras,HND,1993,2.9291,,,,,
Hungary,HUN,1993,59.1604,,,,,
Iceland,ISL,1993,1.974,,,,,
India,IND,1993,711.7464,,,,,
Indonesia,IDN,1993,203.0786,,,,,
Iran,IRN,1993,240.2787,,,,,
Iraq,IRQ,1993,88.5176,,,,,
Ireland,IRL,1993,32.0118,,,,,
Israel,ISR,1993,42.6907,,,,,
Italy,ITA,1993,407.8288,,,,,
Jamaica,JAM,1993,8.2435,,,,,
Japan,JPN,1993,1118.0527,,,,,
Jordan,JOR,1993,12.6014,,,,,
Kazakhstan,KAZ,1993,219.2432,,,,,
Kenya,KEN,1993,6.0372,,,,,
Kiribati,KIR,1993,0.022,,,,,
Korea (North),PRK,1993,96.2312,,,,,
Korea (South),KOR,1993,327.7778,,,,,
Kuwait,KWT,1993,31.3194,,,,,
Kyrgyzstan,KGZ,1993,10.0281,,,,,
Laos,LAO,1993,0.2821,,,,,
Latvia,LVA,1993,11.8002,,,,,
Lebanon,LBN,1993,11.6349,,,,,
Lesotho,LSO,1993,0.1617,,,,,
Liberia,LBR,1993,0.3224,,,,,
Libya,LBY,1993,32.9263,,,,,
Lithuania,LTU,1993,16.1383,,,,,
Luxembourg,LUX,1993,11.2191,,,,,
"Macedonia, FYR",MKD,1993,8.7592,,,,,
Madagascar,MDG,1993,1.0699,,,,,
Malawi,MWI,1993,0.6925,,,,,
Malaysia,MYS,1993,73.2821,,,,,
Maldives,MDV,1993,0.2162,,,,,
Mali,MLI,1993,0.4543,,,,,
Malta,MLT,1993,2.77,,,,,
Mauritania,MRT,1993,2.9605,,,,,
Mauritius,MUS,1993,1.777,,,,,
Mexico,MEX,1993,306.3296,,,,,
Moldova,MDA,1993,16.9013,,,,,
Mongolia,MNG,1993,11.6703,,,,,
Morocco,MAR,1993,25.9357,,,,,
Mozambique,MOZ,1993,1.281,,,,,
Myanmar,MMR,1993,4.9679,,,,,
Namibia,NAM,1993,1.42,,,,,
Nauru,NRU,1993,0.1392,,,,,
Nepal,NPL,1993,1.4156,,,,,
Netherlands,NLD,1993,169.7857,,,,,
New Zealand,NZL,1993,24.5194,,,,,
Nicaragua,NIC,1993,2.2082,,,,,
Niger,NER,1993,0.8794,,,,,
Nigeria,NGA,1993,85.8079,,,,,
Niue,NIU,1993,0.0037,,,,,
Norway,NOR,1993,32.7804,,,,,
Oman,OMN,1993,14.2388,,,,,
Pakistan,PAK,1993,74.2676,,,,,
Palau,PLW,1993,0.1099,,,,,
Panama,PAN,1993,3.8458,,,,,
Papua New Guinea,PNG,1993,1.9969,,,,,
Paraguay,PRY,1993,2.8355,,,,,
Peru,PER,1993,21.8497,,,,,
Philippines,PHL,1993,48.0381,,,,,
Poland,POL,1993,341.3832,,,,,
Portugal,PRT,1993,47.0859,,,,,
Qatar,QAT,1993,17.5411,,,,,
Romania,ROU,1993,119.5807,,,,,
Russian Federation,RUS,1993,1853.0339,,,,,
Rwanda,RWA,1993,0.6412,,,,,
Saint Kitts & Nevis,KNA,1993,0.0843,,,,,
Saint Lucia,LCA,1993,0.2272,,,,,
Saint Vincent & Grenadines,VCT,1993,0.1026,,,,,
Samoa,WSM,1993,0.1282,,,,,
Sao Tome & Principe,STP,1993,0.0476,,,,,
Saudi Arabia,SAU,1993,214.3277,,,,,
Senegal,SEN,1993,2.5531,,,,,
Serbia,SRB,1993,42.7323,,,,,
Seychelles,SYC,1993,0.1612,,,,,
Sierra Leone,SLE,1993,0.2162,,,,,
Singapore,SGP,1993,38.3339,,,,,
Slovakia,SVK,1993,44.5258,,,,,
Slovenia,SVN,1993,13.4517,,,,,
Solomon Islands,SLB,1993,0.1576,,,,,
South Africa,ZAF,1993,255.644,,,,,
Spain,ESP,1993,221.5549,,,,,
Sri Lanka,LKA,1993,5.2371,,,,,
Sudan,SDN,1993,3.4646,,,,,
Suriname,SUR,1993,2.1544,,,,,
Swaziland,SWZ,1993,0.1319,,,,,
Sweden,SWE,1993,56.8172,,,,,
Switzerland,CHE,1993,43.8932,,,,,
Syria,SYR,1993,32.5555,,,,,
Taiwan,TWN,1993,154.1546,,,,,
Tajikistan,TJK,1993,5.1302,,,,,
Tanzania,TZA,1993,1.9975,,,,,
Thailand,THA,1993,123.8383,,,,,
Togo,TGO,1993,0.4259,,,,,
Tonga,TON,1993,0.1026,,,,,
Trinidad & Tobago,TTO,1993,16.2072,,,,,
Tunisia,TUN,1993,16.8749,,,,,
Turkey,TUR,1993,156.0116,,,,,
Turkmenistan,TKM,1993,26.6896,,,,,
Uganda,UGA,1993,0.8317,,,,,
Ukraine,UKR,1993,494.0046,,,,,
United Arab Emirates,ARE,1993,62.6096,,,,,
United Kingdom,GBR,1993,543.0054,,,,,
United States of America,USA,1993,5057.4051,,,,,
Uruguay,URY,1993,4.6392,,,,,
Uzbekistan,UZB,1993,116.4017,,,,,
Vanuatu,VUT,1993,0.066,,,,,
Venezuela,VEN,1993,121.0121,,,,,
Vietnam,VNM,1993,24.4869,,,,,
Yemen,YEM,1993,8.1194,,,,,
Zambia,ZMB,1993,2.5859,,,,,
Zimbabwe,ZWE,1993,16.9083,,,,,
World,WLD,1993,21338.8484,5843.933333333333,,,,
Afghanistan,AFG,1994,1.2971,,,,,
Albania,ALB,1994,2.3938,,,,,
Algeria,DZA,1994,73.2444,,,,,
Angola,AGO,1994,6.7822,,,,,
Antigua & Barbuda,ATG,1994,0.3114,,,,,
Argentina,ARG,1994,124.7874,,,,,
Armenia,ARM,1994,2.8113,,,,,
Australia,AUS,1994,278.6566,,,,,
Austria,AUT,1994,58.5672,,,,,
Azerbaijan,AZE,1994,36.0045,,,,,
Bahamas,BHS,1994,1.6854,,,,,
Bahrain,BHR,1994,11.6836,,,,,
Bangladesh,BGD,1994,16.7092,,,,,
Barbados,BRB,1994,0.7511,,,,,
Belarus,BLR,1994,70.9901,,,,,
Belgium,BEL,1994,119.6816,,,,,
Belize,BLZ,1994,0.3737,,,,,
Benin,BEN,1994,0.4408,,,,,
Bhutan,BTN,1994,0.2125,,,,,
Bolivia,BOL,1994,8.9053,,,,,
Bosnia & Herzegovina,BIH,1994,3.1509,,,,,
Botswana,BWA,1994,3.22,,,,,
Brazil,BRA,1994,233.3842,,,,,
Brunei,BRN,1994,4.13,,,,,
Bulgaria,BGR,1994,53.5526,,,,,
Burkina Faso,BFA,1994,0.6449,,,,,
Burundi,BDI,1994,0.3444,,,,,
Cambodia,KHM,1994,0.5386,,,,,
Cameroon,CMR,1994,7.3329,,,,,
Canada,CAN,1994,459.3156,,,,,
Cape Verde,CPV,1994,0.1099,,,,,
Central African Republic,CAF,1994,0.2345,,,,,
Chad,TCD,1994,0.1026,,,,,
Chile,CHL,1994,37.8872,,,,,
China,CHN,1994,2984.8839,,,,,
Colombia,COL,1994,61.0789,,,,,
Comoros,COM,1994,0.0769,,,,,
Congo,COG,1994,2.9006,,,,,
"Congo, Dem. Republic",COD,1994,2.1243,,,,,
Cook Islands,COK,1994,0.022,,,,,
Costa Rica,CRI,1994,4.869,,,,,
Cote d'Ivoire,CIV,1994,3.5696,,,,,
Croatia,HRV,1994,15.9923,,,,,
Cuba,CUB,1994,21.5086,,,,,
Cyprus,CYP,1994,5.654,,,,,
Czech Republic,CZE,1994,122.8417,,,,,
Denmark,DNK,1994,62.785,,,,,
Djibouti,DJI,1994,0.4287,,,,,
Dominica,DMA,1994,0.0696,,,,,
Dominican Republic,DOM,1994,11.1675,,,,,
Ecuador,ECU,1994,16.2024,,,,,
Egypt,EGY,1994,88.2089,,,,,
El Salvador,SLV,1994,4.565,,,,,
Equatorial Guinea,GNQ,1994,0.9651,,,,,
Eritrea,ERI,1994,0.732,,,,,
Estonia,EST,1994,17.9615,,,,,
Ethiopia,ETH,1994,2.3708,,,,,
Fiji,FJI,1994,0.8171,,,,,
Finland,FIN,1994,61.7824,,,,,
France,FRA,1994,355.2909,,,,,
Gabon,GAB,1994,4.4827,,,,,
Gambia,GMB,1994,0.2088,,,,,
Georgia,GEO,1994,10.4413,,,,,
Germany,DEU,1994,887.8463,,,,,
Ghana,GHA,1994,3.7205,,,,,
Greece,GRC,1994,79.4778,,,,,
Grenada,GRD,1994,0.1466,,,,,
Guatemala,GTM,1994,5.4672,,,,,
Guinea,GIN,1994,1.2274,,,,,
Guinea-Bissau,GNB,1994,0.2785,,,,,
Guyana,GUY,1994,1.3337,,,,,
Haiti,HTI,1994,0.19,,,,,
Honduras,HND,1994,3.2778,,,,,
Hungary,HUN,1994,58.7433,,,,,
Iceland,ISL,1994,2.0803,,,,,
India,IND,1994,750.716,,,,,
Indonesia,IDN,1994,212.5916,,,,,
Iran,IRN,1994,269.6043,,,,,
Iraq,IRQ,1994,99.4078,,,,,
Ireland,IRL,1994,33.2497,,,,,
Israel,ISR,1994,45.4726,,,,,
Italy,ITA,1994,403.6011,,,,,
Jamaica,JAM,1994,8.3235,,,,,
Japan,JPN,1994,1172.9771,,,,,
Jordan,JOR,1994,13.4832,,,,,
Kazakhstan,KAZ,1994,191.5166,,,,,
Kenya,KEN,1994,6.0118,,,,,
Kiribati,KIR,1994,0.022,,,,,
Korea (North),PRK,1994,88.4812,,,,,
Korea (South),KOR,1994,354.3179,,,,,
Kuwait,KWT,1994,36.8087,,,,,
Kyrgyzstan,KGZ,1994,6.4779,,,,,
Laos,LAO,1994,0.3004,,,,,
Latvia,LVA,1994,10.1909,,,,,
Lebanon,LBN,1994,12.8784,,,,,
Lesotho,LSO,1994,0.1795,,,,,
Liberia,LBR,1994,0.3188,,,,,
Libya,LBY,1994,38.1967,,,,,
Lithuania,LTU,1994,15.2764,,,,,
Luxembourg,LUX,1994,10.3854,,,,,
"Macedonia, FYR",MKD,1994,8.4718,,,,,
Madagascar,MDG,1994,1.319,,,,,
Malawi,MWI,1994,0.7181,,,,,
Malaysia,MYS,1994,78.2064,,,,,
Maldives,MDV,1994,0.2198,,,,,
Mali,MLI,1994,0.4617,,,,,
Malta,MLT,1994,2.48,,,,,
Mauritania,MRT,1994,3.1181,,,,,
Mauritius,MUS,1994,1.6232,,,,,
Mexico,MEX,1994,328.2664,,,,,
Moldova,MDA,1994,13.7083,,,,,
Mongolia,MNG,1994,10.164,,,,,
Morocco,MAR,1994,28.1157,,,,,
Mozambique,MOZ,1994,1.0993,,,,,
Myanmar,MMR,1994,5.8145,,,,,
Namibia,NAM,1994,1.641,,,,,
Nauru,NRU,1994,0.1319,,,,,
Nepal,NPL,1994,1.7576,,,,,
Netherlands,NLD,1994,171.3951,,,,,
New Zealand,NZL,1994,25.1544,,,,,
Nicaragua,NIC,1994,2.5339,,,,,
Niger,NER,1994,0.872,,,,,
Nigeria,NGA,1994,81.7976,,,,,
Niue,NIU,1994,0.0037,,,,,
Norway,NOR,1994,34.4744,,,,,
Oman,OMN,1994,13.4544,,,,,
Pakistan,PAK,1994,77.9777,,,,,
Palau,PLW,1994,0.1099,,,,,
Panama,PAN,1994,4.1078,,,,,
Papua New Guinea,PNG,1994,2.1801,,,,,
Paraguay,PRY,1994,3.3698,,,,,
Peru,PER,1994,22.9267,,,,,
Philippines,PHL,1994,52.1605,,,,,
Poland,POL,1994,336.892,,,,,
Portugal,PRT,1994,48.6754,,,,,
Qatar,QAT,1994,18.3145,,,,,
Romania,ROU,1994,116.2869,,,,,
Russian Federation,RUS,1994,1630.1262,,,,,
Rwanda,RWA,1994,0.6156,,,,,
Saint Kitts & Nevis,KNA,1994,0.0879,,,,,
Saint Lucia,LCA,1994,0.2638,,,,,
Saint Vincent & Grenadines,VCT,1994,0.1209,,,,,
Samoa,WSM,1994,0.1209,,,,,
Sao Tome & Principe,STP,1994,0.0476,,,,,
Saudi Arabia,SAU,1994,229.2434,,,,,
Senegal,SEN,1994,2.6608,,,,,
Serbia,SRB,1994,39.2124,,,,,
Seychelles,SYC,1994,0.1869,,,,,
Sierra Leone,SLE,1994,0.2858,,,,,
Singapore,SGP,1994,40.2662,,,,,
Slovakia,SVK,1994,41.6547,,,,,
Slovenia,SVN,1994,13.577,,,,,
Solomon Islands,SLB,1994,0.1539,,,,,
South Africa,ZAF,1994,261.5388,,,,,
Spain,ESP,1994,232.4029,,,,,
Sri Lanka,LKA,1994,5.9117,,,,,
Sudan,SDN,1994,4.9206,,,,,
Suriname,SUR,1994,2.1618,,,,,
Swaziland,SWZ,1994,0.4836,,,,,
Sweden,SWE,1994,59.1636,,,,,
Switzerland,CHE,1994,43.0564,,,,,
Syria,SYR,1994,33.8416,,,,,
Taiwan,TWN,1994,160.6918,,,,,
Tajikistan,TJK,1994,3.0089,,,,,
Tanzania,TZA,1994,1.9676,,,,,
Thailand,THA,1994,140.1878,,,,,
Togo,TGO,1994,0.7229,,,,,
Tonga,TON,1994,0.1063,,,,,
Trinidad & Tobago,TTO,1994,17.2337,,,,,
Tunisia,TUN,1994,17.0183,,,,,
Turkey,TUR,1994,153.4725,,,,,
Turkmenistan,TKM,1994,32.8681,,,,,
Uganda,UGA,1994,0.7621,,,,,
Ukraine,UKR,1994,413.8292,,,,,
United Arab Emirates,ARE,1994,68.7314,,,,,
United Kingdom,GBR,1994,537.8985,,,,,
United States of America,USA,1994,5140.2143,,,,,
Uruguay,URY,1994,4.4217,,,,,
Uzbekistan,UZB,1994,114.8326,,,,,
Vanuatu,VUT,1994,0.066,,,,,
Venezuela,VEN,1994,121.6314,,,,,
Vietnam,VNM,1994,26.9566,,,,,
Yemen,YEM,1994,8.4694,,,,,
Zambia,ZMB,1994,2.2092,,,,,
Zimbabwe,ZWE,1994,15.8049,,,,,
World,WLD,1994,21484.3853,5795.166666666667,,,,
Afghanistan,AFG,1995,1.2458,,,,,
Albania,ALB,1995,1.9589,,,,,
Algeria,DZA,1995,74.6878,,,,,
Angola,AGO,1995,10.8677,,,,,
Antigua & Barbuda,ATG,1995,0.3224,,,,,
Argentina,ARG,1995,124.6823,,,,,
Armenia,ARM,1995,3.5336,,,,,
Australia,AUS,1995,288.9729,,,,,
Austria,AUT,1995,61.2963,,,,,
Azerbaijan,AZE,1995,33.9989,,,,,
Bahamas,BHS,1995,1.6781,,,,,
Bahrain,BHR,1995,11.7289,,,,,
Bangladesh,BGD,1995,20.6492,,,,,
Barbados,BRB,1995,0.8281,,,,,
Belarus,BLR,1995,62.0356,,,,,
Belgium,BEL,1995,119.3064,,,,,
Belize,BLZ,1995,0.3774,,,,,
Benin,BEN,1995,0.5095,,,,,
Bhutan,BTN,1995,0.2492,,,,,
Bolivia,BOL,1995,8.2342,,,,,
Bosnia & Herzegovina,BIH,1995,3.3536,,,,,
Botswana,BWA,1995,3.33,,,,,
Brazil,BRA,1995,251.6037,,,,,
Brunei,BRN,1995,4.49,,,,,
Bulgaria,BGR,1995,54.3032,,,,,
Burkina Faso,BFA,1995,0.6265,,,,,
Burundi,BDI,1995,0.3334,,,,,
Cambodia,KHM,1995,1.5213,,,,,
Cameroon,CMR,1995,7.1803,,,,,
Canada,CAN,1995,470.5423,,,,,
Cape Verde,CPV,1995,0.1136,,,,,
Central African Republic,CAF,1995,0.2345,,,,,
Chad,TCD,1995,0.1026,,,,,
Chile,CHL,1995,40.7443,,,,,
China,CHN,1995,3258.7887,,,,,
Colombia,COL,1995,63.8231,,,,,
Comoros,COM,1995,0.0806,,,,,
Congo,COG,1995,2.8843,,,,,
"Congo, Dem. Republic",COD,1995,2.2172,,,,,
Cook Islands,COK,1995,0.022,,,,,
Costa Rica,CRI,1995,4.8324,,,,,
Cote d'Ivoire,CIV,1995,3.7083,,,,,
Croatia,HRV,1995,16.65,,,,,
Cuba,CUB,1995,22.9428,,,,,
Cyprus,CYP,1995,5.5393,,,,,
Czech Republic,CZE,1995,126.0836,,,,,
Denmark,DNK,1995,59.7351,,,,,
Djibouti,DJI,1995,0.4287,,,,,
Dominica,DMA,1995,0.0806,,,,,
Dominican Republic,DOM,1995,11.8955,,,,,
Ecuador,ECU,1995,18.5828,,,,,
Egypt,EGY,1995,94.0444,,,,,
El Salvador,SLV,1995,5.0733,,,,,
Equatorial Guinea,GNQ,1995,1.0603,,,,,
Eritrea,ERI,1995,0.7956,,,,,
Estonia,EST,1995,16.2888,,,,,
Ethiopia,ETH,1995,2.6841,,,,,
Fiji,FJI,1995,0.8647,,,,,
Finland,FIN,1995,56.4707,,,,,
France,FRA,1995,364.0522,,,,,
Gabon,GAB,1995,4.6474,,,,,
Gambia,GMB,1995,0.2162,,,,,
Georgia,GEO,1995,8.1313,,,,,
Germany,DEU,1995,885.3614,,,,,
Ghana,GHA,1995,3.9585,,,,,
Greece,GRC,1995,83.0374,,,,,
Grenada,GRD,1995,0.1576,,,,,
Guatemala,GTM,1995,6.3852,,,,,
Guinea,GIN,1995,1.2494,,,,,
Guinea-Bissau,GNB,1995,0.2821,,,,,
Guyana,GUY,1995,1.4803,,,,,
Haiti,HTI,1995,0.9,,,,,
Honduras,HND,1995,3.8991,,,,,
Hungary,HUN,1995,58.7426,,,,,
Iceland,ISL,1995,1.9903,,,,,
India,IND,1995,812.7086,,,,,
Indonesia,IDN,1995,235.3835,,,,,
Iran,IRN,1995,280.6921,,,,,
Iraq,IRQ,1995,98.6028,,,,,
Ireland,IRL,1995,33.831,,,,,
Israel,ISR,1995,49.3624,,,,,
Italy,ITA,1995,426.2094,,,,,
Jamaica,JAM,1995,8.6001,,,,,
Japan,JPN,1995,1186.9819,,,,,
Jordan,JOR,1995,13.9377,,,,,
Kazakhstan,KAZ,1995,168.8244,,,,,
Kenya,KEN,1995,6.5504,,,,,
Kiribati,KIR,1995,0.022,,,,,
Korea (North),PRK,1995,83.3312,,,,,
Korea (South),KOR,1995,386.1227,,,,,
Kuwait,KWT,1995,37.9913,,,,,
Kyrgyzstan,KGZ,1995,4.5839,,,,,
Laos,LAO,1995,0.3774,,,,,
Latvia,LVA,1995,8.9526,,,,,
Lebanon,LBN,1995,14.6124,,,,,
Lesotho,LSO,1995,0.1793,,,,,
Liberia,LBR,1995,0.3334,,,,,
Libya,LBY,1995,39.9616,,,,,
Lithuania,LTU,1995,14.4924,,,,,
Luxembourg,LUX,1995,8.4054,,,,,
"Macedonia, FYR",MKD,1995,8.4401,,,,,
Madagascar,MDG,1995,1.3117,,,,,
Malawi,MWI,1995,0.7255,,,,,
Malaysia,MYS,1995,88.1184,,,,,
Maldives,MDV,1995,0.2748,,,,,
Mali,MLI,1995,0.469,,,,,
Malta,MLT,1995,2.35,,,,,
Mauritania,MRT,1995,2.9825,,,,,
Mauritius,MUS,1995,1.832,,,,,
Mexico,MEX,1995,313.0827,,,,,
Moldova,MDA,1995,11.8356,,,,,
Mongolia,MNG,1995,10.105,,,,,
Morocco,MAR,1995,29.1813,,,,,
Mozambique,MOZ,1995,1.1693,,,,,
Myanmar,MMR,1995,7.1065,,,,,
Namibia,NAM,1995,1.751,,,,,
Nauru,NRU,1995,0.1282,,,,,
Nepal,NPL,1995,1.9012,,,,,
Netherlands,NLD,1995,172.8495,,,,,
New Zealand,NZL,1995,25.8021,,,,,
Nicaragua,NIC,1995,2.6612,,,,,
Niger,NER,1995,0.9197,,,,,
Nigeria,NGA,1995,80.1323,,,,,
Niue,NIU,1995,0.0037,,,,,
Norway,NOR,1995,34.4116,,,,,
Oman,OMN,1995,15.7548,,,,,
Pakistan,PAK,1995,83.7996,,,,,
Palau,PLW,1995,0.1136,,,,,
Panama,PAN,1995,4.4178,,,,,
Papua New Guinea,PNG,1995,2.0408,,,,,
Paraguay,PRY,1995,3.7651,,,,,
Peru,PER,1995,25.982,,,,,
Philippines,PHL,1995,62.4578,,,,,
Poland,POL,1995,338.0323,,,,,
Portugal,PRT,1995,52.3187,,,,,
Qatar,QAT,1995,19.0582,,,,,
Romania,ROU,1995,120.9012,,,,,
Russian Federation,RUS,1995,1576.8781,,,,,
Rwanda,RWA,1995,0.6119,,,,,
Saint Kitts & Nevis,KNA,1995,0.0953,,,,,
Saint Lucia,LCA,1995,0.3114,,,,,
Saint Vincent & Grenadines,VCT,1995,0.1319,,,,,
Samoa,WSM,1995,0.1319,,,,,
Sao Tome & Principe,STP,1995,0.0476,,,,,
Saudi Arabia,SAU,1995,236.0195,,,,,
Senegal,SEN,1995,2.8144,,,,,
Serbia,SRB,1995,44.8364,,,,,
Seychelles,SYC,1995,0.1905,,,,,
Sierra Leone,SLE,1995,0.2858,,,,,
Singapore,SGP,1995,43.1638,,,,,
Slovakia,SVK,1995,42.2773,,,,,
Slovenia,SVN,1995,14.5246,,,,,
Solomon Islands,SLB,1995,0.1612,,,,,
South Africa,ZAF,1995,279.0114,,,,,
Spain,ESP,1995,245.8685,,,,,
Sri Lanka,LKA,1995,5.977,,,,,
Sudan,SDN,1995,4.7542,,,,,
Suriname,SUR,1995,2.1801,,,,,
Swaziland,SWZ,1995,0.4543,,,,,
Sweden,SWE,1995,58.7841,,,,,
Switzerland,CHE,1995,43.8442,,,,,
Syria,SYR,1995,35.7667,,,,,
Taiwan,TWN,1995,169.3908,,,,,
Tajikistan,TJK,1995,2.4913,,,,,
Tanzania,TZA,1995,2.8168,,,,,
Thailand,THA,1995,157.5893,,,,,
Togo,TGO,1995,0.7459,,,,,
Tonga,TON,1995,0.1099,,,,,
Trinidad & Tobago,TTO,1995,17.2908,,,,,
Tunisia,TUN,1995,17.3967,,,,,
Turkey,TUR,1995,169.3168,,,,,
Turkmenistan,TKM,1995,33.3862,,,,,
Uganda,UGA,1995,0.9929,,,,,
Ukraine,UKR,1995,396.5686,,,,,
United Arab Emirates,ARE,1995,73.2447,,,,,
United Kingdom,GBR,1995,526.6735,,,,,
United States of America,USA,1995,5193.6996,,,,,
Uruguay,URY,1995,4.8204,,,,,
Uzbekistan,UZB,1995,103.2728,,,,,
Vanuatu,VUT,1995,0.066,,,,,
Venezuela,VEN,1995,129.5049,,,,,
Vietnam,VNM,1995,31.2,,,,,
Yemen,YEM,1995,9.8823,,,,,
Zambia,ZMB,1995,2.2039,,,,,
Zimbabwe,ZWE,1995,15.3336,,,,,
World,WLD,1995,22065.9768,5725.866666666666,,,,
Afghanistan,AFG,1996,1.1761,,,,,
Albania,ALB,1996,1.9726,,,,,
Algeria,DZA,1996,72.7802,,,,,
Angola,AGO,1996,11.4655,,,,,
Antigua & Barbuda,ATG,1996,0.3224,,,,,
Argentina,ARG,1996,138.787,,,,,
Armenia,ARM,1996,2.5692,,,,,
Australia,AUS,1996,299.3078,,,,,
Austria,AUT,1996,65.0609,,,,,
Azerbaijan,AZE,1996,29.0399,,,,,
Bahamas,BHS,1996,1.6671,,,,,
Bahrain,BHR,1996,12.3253,,,,,
Bangladesh,BGD,1996,21.2324,,,,,
Barbados,BRB,1996,0.85,,,,,
Belarus,BLR,1996,63.4628,,,,,
Belgium,BEL,1996,125.1768,,,,,
Belize,BLZ,1996,0.3078,,,,,
Benin,BEN,1996,1.0795,,,,,
Bhutan,BTN,1996,0.3004,,,,,
Bolivia,BOL,1996,8.0475,,,,,
Bosnia & Herzegovina,BIH,1996,4.1433,,,,,
Botswana,BWA,1996,3.04,,,,,
Brazil,BRA,1996,273.9978,,,,,
Brunei,BRN,1996,4.8346,,,,,
Bulgaria,BGR,1996,54.9762,,,,,
Burkina Faso,BFA,1996,0.7072,,,,,
Burundi,BDI,1996,0.3298,,,,,
Cambodia,KHM,1996,1.6289,,,,,
Cameroon,CMR,1996,6.3586,,,,,
Canada,CAN,1996,486.1963,,,,,
Cape Verde,CPV,1996,0.1392,,,,,
Central African Republic,CAF,1996,0.2345,,,,,
Chad,TCD,1996,0.1063,,,,,
Chile,CHL,1996,47.3526,,,,,
China,CHN,1996,3335.3325,,,,,
Colombia,COL,1996,64.4725,,,,,
Comoros,COM,1996,0.066,,,,,
Congo,COG,1996,2.8323,,,,,
"Congo, Dem. Republic",COD,1996,2.1209,,,,,
Cook Islands,COK,1996,0.022,,,,,
Costa Rica,CRI,1996,4.544,,,,,
Cote d'Ivoire,CIV,1996,4.3083,,,,,
Croatia,HRV,1996,16.5097,,,,,
Cuba,CUB,1996,24.9055,,,,,
Cyprus,CYP,1996,5.8283,,,,,
Czech Republic,CZE,1996,128.0888,,,,,
Denmark,DNK,1996,72.9684,,,,,
Djibouti,DJI,1996,0.436,,,,,
Dominica,DMA,1996,0.0733,,,,,
Dominican Republic,DOM,1996,12.7771,,,,,
Ecuador,ECU,1996,21.4683,,,,,
Egypt,EGY,1996,98.8701,,,,,
El Salvador,SLV,1996,4.5527,,,,,
Equatorial Guinea,GNQ,1996,1.5372,,,,,
Eritrea,ERI,1996,0.872,,,,,
Estonia,EST,1996,17.1542,,,,,
Ethiopia,ETH,1996,2.9944,,,,,
Fiji,FJI,1996,0.894,,,,,
Finland,FIN,1996,62.6973,,,,,
France,FRA,1996,378.7543,,,,,
Gabon,GAB,1996,4.7521,,,,,
Gambia,GMB,1996,0.2162,,,,,
Georgia,GEO,1996,6.354,,,,,
Germany,DEU,1996,913.1011,,,,,
Ghana,GHA,1996,4.3575,,,,,
Greece,GRC,1996,83.087,,,,,
Grenada,GRD,1996,0.1612,,,,,
Guatemala,GTM,1996,6.2123,,,,,
Guinea,GIN,1996,1.2714,,,,,
Guinea-Bissau,GNB,1996,0.2858,,,,,
Guyana,GUY,1996,1.5279,,,,,
Haiti,HTI,1996,1.05,,,,,
Honduras,HND,1996,3.9527,,,,,
Hungary,HUN,1996,59.5703,,,,,
Iceland,ISL,1996,2.254,,,,,
India,IND,1996,859.7697,,,,,
Indonesia,IDN,1996,253.618,,,,,
Iran,IRN,1996,289.4218,,,,,
Iraq,IRQ,1996,97.2098,,,,,
Ireland,IRL,1996,35.2636,,,,,
Israel,ISR,1996,51.152,,,,,
Italy,ITA,1996,423.6752,,,,,
Jamaica,JAM,1996,8.9785,,,,,
Japan,JPN,1996,1203.5161,,,,,
Jordan,JOR,1996,14.3414,,,,,
Kazakhstan,KAZ,1996,146.5069,,,,,
Kenya,KEN,1996,7.165,,,,,
Kiribati,KIR,1996,0.0366,,,,,
Korea (North),PRK,1996,74.2312,,,,,
Korea (South),KOR,1996,412.8378,,,,,
Kuwait,KWT,1996,37.1169,,,,,
Kyrgyzstan,KGZ,1996,5.7511,,,,,
Laos,LAO,1996,0.5056,,,,,
Latvia,LVA,1996,9.0512,,,,,
Lebanon,LBN,1996,15.2241,,,,,
Lesotho,LSO,1996,0.1797,,,,,
Liberia,LBR,1996,0.3444,,,,,
Libya,LBY,1996,42.0448,,,,,
Lithuania,LTU,1996,15.1081,,,,,
Luxembourg,LUX,1996,8.4834,,,,,
"Macedonia, FYR",MKD,1996,9.9655,,,,,
Madagascar,MDG,1996,1.4106,,,,,
Malawi,MWI,1996,0.7108,,,,,
Malaysia,MYS,1996,96.5019,,,,,
Maldives,MDV,1996,0.3188,,,,,
Mali,MLI,1996,0.4873,,,,,
Malta,MLT,1996,2.3,,,,,
Mauritania,MRT,1996,2.9972,,,,,
Mauritius,MUS,1996,1.9492,,,,,
Mexico,MEX,1996,331.3093,,,,,
Moldova,MDA,1996,10.1583,,,,,
Mongolia,MNG,1996,8.5513,,,,,
Morocco,MAR,1996,28.9129,,,,,
Mozambique,MOZ,1996,1.1779,,,,,
Myanmar,MMR,1996,7.4628,,,,,
Namibia,NAM,1996,1.8956,,,,,
Nauru,NRU,1996,0.1209,,,,,
Nepal,NPL,1996,1.9639,,,,,
Netherlands,NLD,1996,180.2723,,,,,
New Zealand,NZL,1996,27.217,,,,,
Nicaragua,NIC,1996,2.8295,,,,,
Niger,NER,1996,1.0149,,,,,
Nigeria,NGA,1996,85.2536,,,,,
Niue,NIU,1996,0.0037,,,,,
Norway,NOR,1996,35.1587,,,,,
Oman,OMN,1996,16.0171,,,,,
Pakistan,PAK,1996,90.3934,,,,,
Palau,PLW,1996,0.1172,,,,,
Panama,PAN,1996,4.5224,,,,,
Papua New Guinea,PNG,1996,2.1618,,,,,
Paraguay,PRY,1996,3.7241,,,,,
Peru,PER,1996,28.0616,,,,,
Philippines,PHL,1996,67.9922,,,,,
Poland,POL,1996,353.7943,,,,,
Portugal,PRT,1996,50.7536,,,,,
Qatar,QAT,1996,20.0644,,,,,
Romania,ROU,1996,125.1461,,,,,
Russian Federation,RUS,1996,1540.6236,,,,,
Rwanda,RWA,1996,0.6302,,,,,
Saint Kitts & Nevis,KNA,1996,0.1026,,,,,
Saint Lucia,LCA,1996,0.3298,,,,,
Saint Vincent & Grenadines,VCT,1996,0.1356,,,,,
Samoa,WSM,1996,0.1319,,,,,
Sao Tome & Principe,STP,1996,0.0476,,,,,
Saudi Arabia,SAU,1996,247.5942,,,,,
Senegal,SEN,1996,2.993,,,,,
Serbia,SRB,1996,52.2692,,,,,
Seychelles,SYC,1996,0.1979,,,,,
Sierra Leone,SLE,1996,0.3188,,,,,
Singapore,SGP,1996,45.3151,,,,,
Slovakia,SVK,1996,42.716,,,,,
Slovenia,SVN,1996,15.333,,,,,
Solomon Islands,SLB,1996,0.1612,,,,,
South Africa,ZAF,1996,289.2447,,,,,
Spain,ESP,1996,234.9245,,,,,
Sri Lanka,LKA,1996,8.5517,,,,,
Sudan,SDN,1996,4.5505,,,,,
Suriname,SUR,1996,2.1288,,,,,
Swaziland,SWZ,1996,0.3408,,,,,
Sweden,SWE,1996,64.2001,,,,,
Switzerland,CHE,1996,44.5437,,,,,
Syria,SYR,1996,38.1718,,,,,
Taiwan,TWN,1996,177.2219,,,,,
Tajikistan,TJK,1996,2.2256,,,,,
Tanzania,TZA,1996,3.1627,,,,,
Thailand,THA,1996,177.7393,,,,,
Togo,TGO,1996,1.1452,,,,,
Tonga,TON,1996,0.1099,,,,,
Trinidad & Tobago,TTO,1996,18.8185,,,,,
Tunisia,TUN,1996,17.9494,,,,,
Turkey,TUR,1996,186.5677,,,,,
Turkmenistan,TKM,1996,29.6635,,,,,
Uganda,UGA,1996,1.1139,,,,,
Ukraine,UKR,1996,343.2488,,,,,
United Arab Emirates,ARE,1996,81.2198,,,,,
United Kingdom,GBR,1996,546.0151,,,,,
United States of America,USA,1996,5359.2681,,,,,
Uruguay,URY,1996,5.6808,,,,,
Uzbekistan,UZB,1996,104.4351,,,,,
Vanuatu,VUT,1996,0.0843,,,,,
Venezuela,VEN,1996,142.0359,,,,,
Vietnam,VNM,1996,35.0194,,,,,
Yemen,YEM,1996,10.083,,,,,
Zambia,ZMB,1996,1.8422,,,,,
Zimbabwe,ZWE,1996,14.7283,,,,,
World,WLD,1996,22654.3,5614.766666666666,,,,
Afghanistan,AFG,1997,1.0882,,,,,
Albania,ALB,1997,1.4813,,,,,
Algeria,DZA,1997,74.6757,,,,,
Angola,AGO,1997,11.784,,,,,
Antigua & Barbuda,ATG,1997,0.3371,,,,,
Argentina,ARG,1997,139.5235,,,,,
Armenia,ARM,1997,3.3266,,,,,
Australia,AUS,1997,306.9911,,,,,
Austria,AUT,1997,64.3399,,,,,
Azerbaijan,AZE,1997,28.1476,,,,,
Bahamas,BHS,1997,1.363,,,,,
Bahrain,BHR,1997,12.9143,,,,,
Bangladesh,BGD,1997,23.0456,,,,,
Barbados,BRB,1997,0.8977,,,,,
Belarus,BLR,1997,62.7643,,,,,
Belgium,BEL,1997,122.4921,,,,,
Belize,BLZ,1997,0.3884,,,,,
Benin,BEN,1997,1.2489,,,,,
Bhutan,BTN,1997,0.392,,,,,
Bolivia,BOL,1997,8.1388,,,,,
Bosnia & Herzegovina,BIH,1997,8.3689,,,,,
Botswana,BWA,1997,3.19,,,,,
Brazil,BRA,1997,294.1065,,,,,
Brunei,BRN,1997,5.2146,,,,,
Bulgaria,BGR,1997,51.7944,,,,,
Burkina Faso,BFA,1997,0.8061,,,,,
Burundi,BDI,1997,0.3151,,,,,
Cambodia,KHM,1997,1.7133,,,,,
Cameroon,CMR,1997,6.6462,,,,,
Canada,CAN,1997,503.2395,,,,,
Cape Verde,CPV,1997,0.1429,,,,,
Central African Republic,CAF,1997,0.2455,,,,,
Chad,TCD,1997,0.1136,,,,,
Chile,CHL,1997,54.3739,,,,,
China,CHN,1997,3317.7461,,,,,
Colombia,COL,1997,68.2476,,,,,
Comoros,COM,1997,0.066,,,,,
Congo,COG,1997,3.3366,,,,,
"Congo, Dem. Republic",COD,1997,2.0623,,,,,
Cook Islands,COK,1997,0.022,,,,,
Costa Rica,CRI,1997,4.519,,,,,
Cote d'Ivoire,CIV,1997,5.2396,,,,,
Croatia,HRV,1997,18.3226,,,,,
Cuba,CUB,1997,27.2631,,,,,
Cyprus,CYP,1997,5.9043,,,,,
Czech Republic,CZE,1997,126.3992,,,,,
Denmark,DNK,1997,63.5238,,,,,
Djibouti,DJI,1997,0.4397,,,,,
Dominica,DMA,1997,0.0806,,,,,
Dominican Republic,DOM,1997,14.556,,,,,
Ecuador,ECU,1997,22.1819,,,,,
Egypt,EGY,1997,105.9656,,,,,
El Salvador,SLV,1997,5.4293,,,,,
Equatorial Guinea,GNQ,1997,1.7495,,,,,
Eritrea,ERI,1997,0.8293,,,,,
Estonia,EST,1997,16.7625,,,,,
Ethiopia,ETH,1997,3.1537,,,,,
Fiji,FJI,1997,0.7365,,,,,
Finland,FIN,1997,60.5007,,,,,
France,FRA,1997,372.0262,,,,,
Gabon,GAB,1997,4.8694,,,,,
Gambia,GMB,1997,0.2162,,,,,
Georgia,GEO,1997,5.494,,,,,
Germany,DEU,1997,884.402,,,,,
Ghana,GHA,1997,4.5364,,,,,
Greece,GRC,1997,84.2572,,,,,
Grenada,GRD,1997,0.1759,,,,,
Guatemala,GTM,1997,6.5875,,,,,
Guinea,GIN,1997,1.2787,,,,,
Guinea-Bissau,GNB,1997,0.2638,,,,,
Guyana,GUY,1997,1.6012,,,,,
Haiti,HTI,1997,1.29,,,,,
Honduras,HND,1997,4.1003,,,,,
Hungary,HUN,1997,58.0096,,,,,
Iceland,ISL,1997,2.1513,,,,,
India,IND,1997,905.8191,,,,,
Indonesia,IDN,1997,274.3438,,,,,
Iran,IRN,1997,302.6199,,,,,
Iraq,IRQ,1997,112.2766,,,,,
Ireland,IRL,1997,36.4579,,,,,
Israel,ISR,1997,53.1494,,,,,
Italy,ITA,1997,427.6931,,,,,
Jamaica,JAM,1997,9.1731,,,,,
Japan,JPN,1997,1198.3347,,,,,
Jordan,JOR,1997,14.7995,,,,,
Kazakhstan,KAZ,1997,123.8298,,,,,
Kenya,KEN,1997,6.8011,,,,,
Kiribati,KIR,1997,0.0293,,,,,
Korea (North),PRK,1997,66.8481,,,,,
Korea (South),KOR,1997,437.9658,,,,,
Kuwait,KWT,1997,38.1651,,,,,
Kyrgyzstan,KGZ,1997,5.6761,,,,,
Laos,LAO,1997,0.6412,,,,,
Latvia,LVA,1997,8.4909,,,,,
Lebanon,LBN,1997,16.6784,,,,,
Lesotho,LSO,1997,0.1792,,,,,
Liberia,LBR,1997,0.3554,,,,,
Libya,LBY,1997,41.6147,,,,,
Lithuania,LTU,1997,14.7154,,,,,
Luxembourg,LUX,1997,8.0308,,,,,
"Macedonia, FYR",MKD,1997,8.9092,,,,,
Madagascar,MDG,1997,1.7001,,,,,
Malawi,MWI,1997,0.7584,,,,,
Malaysia,MYS,1997,103.4731,,,,,
Maldives,MDV,1997,0.3664,,,,,
Mali,MLI,1997,0.524,,,,,
Malta,MLT,1997,2.44,,,,,
Mauritania,MRT,1997,2.9935,,,,,
Mauritius,MUS,1997,1.9969,,,,,
Mexico,MEX,1997,346.6894,,,,,
Moldova,MDA,1997,9.3223,,,,,
Mongolia,MNG,1997,8.385,,,,,
Morocco,MAR,1997,30.4254,,,,,
Mozambique,MOZ,1997,1.3099,,,,,
Myanmar,MMR,1997,7.4065,,,,,
Namibia,NAM,1997,1.9656,,,,,
Nauru,NRU,1997,0.1209,,,,,
Nepal,NPL,1997,2.1936,,,,,
Netherlands,NLD,1997,174.8323,,,,,
New Zealand,NZL,1997,29.489,,,,,
Nicaragua,NIC,1997,3.0369,,,,,
Niger,NER,1997,1.0113,,,,,
Nigeria,NGA,1997,81.4499,,,,,
Niue,NIU,1997,0.0037,,,,,
Norway,NOR,1997,36.8858,,,,,
Oman,OMN,1997,17.4261,,,,,
Pakistan,PAK,1997,93.6847,,,,,
Palau,PLW,1997,0.1172,,,,,
Panama,PAN,1997,4.7681,,,,,
Papua New Guinea,PNG,1997,2.5538,,,,,
Paraguay,PRY,1997,4.1371,,,,,
Peru,PER,1997,28.3573,,,,,
Philippines,PHL,1997,75.937,,,,,
Poland,POL,1997,343.5346,,,,,
Portugal,PRT,1997,53.2126,,,,,
Qatar,QAT,1997,21.7744,,,,,
Romania,ROU,1997,115.4584,,,,,
Russian Federation,RUS,1997,1439.704,,,,,
Rwanda,RWA,1997,0.6485,,,,,
Saint Kitts & Nevis,KNA,1997,0.1026,,,,,
Saint Lucia,LCA,1997,0.3114,,,,,
Saint Vincent & Grenadines,VCT,1997,0.1356,,,,,
Samoa,WSM,1997,0.1319,,,,,
Sao Tome & Principe,STP,1997,0.0476,,,,,
Saudi Arabia,SAU,1997,229.6147,,,,,
Senegal,SEN,1997,3.285,,,,,
Serbia,SRB,1997,56.8003,,,,,
Seychelles,SYC,1997,0.414,,,,,
Sierra Leone,SLE,1997,0.3298,,,,,
Singapore,SGP,1997,46.2951,,,,,
Slovakia,SVK,1997,43.0409,,,,,
Slovenia,SVN,1997,15.8133,,,,,
Solomon Islands,SLB,1997,0.1612,,,,,
South Africa,ZAF,1997,304.0615,,,,,
Spain,ESP,1997,254.4753,,,,,
Sri Lanka,LKA,1997,8.51,,,,,
Sudan,SDN,1997,5.4792,,,,,
Suriname,SUR,1997,2.1398,,,,,
Swaziland,SWZ,1997,1.2018,,,,,
Sweden,SWE,1997,57.8312,,,,,
Switzerland,CHE,1997,43.197,,,,,
Syria,SYR,1997,39.6169,,,,,
Taiwan,TWN,1997,188.6645,,,,,
Tajikistan,TJK,1997,2.4983,,,,,
Tanzania,TZA,1997,2.9078,,,,,
Thailand,THA,1997,180.9559,,,,,
Togo,TGO,1997,0.8688,,,,,
Tonga,TON,1997,0.1136,,,,,
Trinidad & Tobago,TTO,1997,19.3651,,,,,
Tunisia,TUN,1997,18.6502,,,,,
Turkey,TUR,1997,195.0108,,,,,
Turkmenistan,TKM,1997,29.9135,,,,,
Uganda,UGA,1997,1.1468,,,,,
Ukraine,UKR,1997,326.2592,,,,,
United Arab Emirates,ARE,1997,82.0632,,,,,
United Kingdom,GBR,1997,524.2352,,,,,
United States of America,USA,1997,5538.4548,,,,,
Uruguay,URY,1997,5.7984,,,,,
Uzbekistan,UZB,1997,107.2851,,,,,
Vanuatu,VUT,1997,0.0879,,,,,
Venezuela,VEN,1997,147.4404,,,,,
Vietnam,VNM,1997,40.7638,,,,,
Yemen,YEM,1997,10.8656,,,,,
Zambia,ZMB,1997,2.3605,,,,,
Zimbabwe,ZWE,1997,13.7296,,,,,
World,WLD,1997,22867.8931,5468.099999999999,,,,
Afghanistan,AFG,1998,1.0332,,,,,
Albania,ALB,1998,1.7103,,,,,
Algeria,DZA,1998,76.1473,,,,,
Angola,AGO,1998,11.7163,,,,,
Antigua & Barbuda,ATG,1998,0.3334,,,,,
Argentina,ARG,1998,142.4834,,,,,
Armenia,ARM,1998,3.4602,,,,,
Australia,AUS,1998,326.9295,,,,,
Austria,AUT,1998,64.8399,,,,,
Azerbaijan,AZE,1998,41.9354,,,,,
Bahamas,BHS,1998,1.6781,,,,,
Bahrain,BHR,1998,13.8936,,,,,
Bangladesh,BGD,1998,24.3392,,,,,
Barbados,BRB,1998,1.1395,,,,,
Belarus,BLR,1998,60.3249,,,,,
Belgium,BEL,1998,124.4281,,,,,
Belize,BLZ,1998,0.3701,,,,,
Benin,BEN,1998,1.2989,,,,,
Bhutan,BTN,1998,0.3847,,,,,
Bolivia,BOL,1998,8.6747,,,,,
Bosnia & Herzegovina,BIH,1998,10.6102,,,,,
Botswana,BWA,1998,3.88,,,,,
Brazil,BRA,1998,303.6795,,,,,
Brunei,BRN,1998,4.4263,,,,,
Bulgaria,BGR,1998,49.6084,,,,,
Burkina Faso,BFA,1998,0.861,,,,,
Burundi,BDI,1998,0.3041,,,,,
Cambodia,KHM,1998,1.9433,,,,,
Cameroon,CMR,1998,6.8185,,,,,
Canada,CAN,1998,509.1664,,,,,
Cape Verde,CPV,1998,0.1539,,,,,
Central African Republic,CAF,1998,0.2492,,,,,
Chad,TCD,1998,0.1136,,,,,
Chile,CHL,1998,55.9108,,,,,
China,CHN,1998,3406.3609,,,,,
Colombia,COL,1998,69.7707,,,,,
Comoros,COM,1998,0.0733,,,,,
Congo,COG,1998,3.2628,,,,,
"Congo, Dem. Republic",COD,1998,2.196,,,,,
Cook Islands,COK,1998,0.022,,,,,
Costa Rica,CRI,1998,5.0523,,,,,
Cote d'Ivoire,CIV,1998,5.0724,,,,,
Croatia,HRV,1998,19.5132,,,,,
Cuba,CUB,1998,26.8358,,,,,
Cyprus,CYP,1998,6.3909,,,,,
Czech Republic,CZE,1998,119.8537,,,,,
Denmark,DNK,1998,59.4431,,,,,
Djibouti,DJI,1998,0.4104,,,,,
Dominica,DMA,1998,0.0769,,,,,
Dominican Republic,DOM,1998,16.468,,,,,
Ecuador,ECU,1998,22.8054,,,,,
Egypt,EGY,1998,111.4692,,,,,
El Salvador,SLV,1998,5.7813,,,,,
Equatorial Guinea,GNQ,1998,1.6613,,,,,
Eritrea,ERI,1998,0.612,,,,,
Estonia,EST,1998,16.1612,,,,,
Ethiopia,ETH,1998,3.3237,,,,,
Fiji,FJI,1998,0.7035,,,,,
Finland,FIN,1998,57.3559,,,,,
France,FRA,1998,399.3069,,,,,
Gabon,GAB,1998,4.9694,,,,,
Gambia,GMB,1998,0.2345,,,,,
Georgia,GEO,1998,4.9789,,,,,
Germany,DEU,1998,877.808,,,,,
Ghana,GHA,1998,6.3534,,,,,
Greece,GRC,1998,87.8146,,,,,
Grenada,GRD,1998,0.1759,,,,,
Guatemala,GTM,1998,8.2875,,,,,
Guinea,GIN,1998,1.2421,,,,,
Guinea-Bissau,GNB,1998,0.1722,,,,,
Guyana,GUY,1998,1.6525,,,,,
Haiti,HTI,1998,1.31,,,,,
Honduras,HND,1998,4.727,,,,,
Hungary,HUN,1998,58.4749,,,,,
Iceland,ISL,1998,2.1486,,,,,
India,IND,1998,918.5627,,,,,
Indonesia,IDN,1998,274.4075,,,,,
Iran,IRN,1998,305.136,,,,,
Iraq,IRQ,1998,82.243,,,,,
Ireland,IRL,1998,38.9666,,,,,
Israel,ISR,1998,52.688,,,,,
Italy,ITA,1998,439.1371,,,,,
Jamaica,JAM,1998,9.6585,,,,,
Japan,JPN,1998,1161.6075,,,,,
Jordan,JOR,1998,14.989,,,,,
Kazakhstan,KAZ,1998,126.5304,,,,,
Kenya,KEN,1998,7.3208,,,,,
Kiribati,KIR,1998,0.033,,,,,
Korea (North),PRK,1998,60.0238,,,,,
Korea (South),KOR,1998,374.026,,,,,
Kuwait,KWT,1998,43.6808,,,,,
Kyrgyzstan,KGZ,1998,6.0117,,,,,
Laos,LAO,1998,0.7181,,,,,
Latvia,LVA,1998,8.1732,,,,,
Lebanon,LBN,1998,16.6825,,,,,
Lesotho,LSO,1998,0.1821,,,,,
Liberia,LBR,1998,0.3884,,,,,
Libya,LBY,1998,42.5964,,,,,
Lithuania,LTU,1998,15.552,,,,,
Luxembourg,LUX,1998,7.4281,,,,,
"Macedonia, FYR",MKD,1998,9.7408,,,,,
Madagascar,MDG,1998,1.7404,,,,,
Malawi,MWI,1998,0.8244,,,,,
Malaysia,MYS,1998,101.5809,,,,,
Maldives,MDV,1998,0.3334,,,,,
Mali,MLI,1998,0.5166,,,,,
Malta,MLT,1998,2.36,,,,,
Mauritania,MRT,1998,1.1102,,,,,
Mauritius,MUS,1998,2.1947,,,,,
Mexico,MEX,1998,366.5744,,,,,
Moldova,MDA,1998,8.4166,,,,,
Mongolia,MNG,1998,8.415,,,,,
Morocco,MAR,1998,31.1133,,,,,
Mozambique,MOZ,1998,1.2663,,,,,
Myanmar,MMR,1998,8.0632,,,,,
Namibia,NAM,1998,2.0533,,,,,
Nauru,NRU,1998,0.1172,,,,,
Nepal,NPL,1998,2.3192,,,,,
Netherlands,NLD,1998,175.4206,,,,,
New Zealand,NZL,1998,28.797,,,,,
Nicaragua,NIC,1998,3.5269,,,,,
Niger,NER,1998,1.0736,,,,,
Nigeria,NGA,1998,73.393,,,,,
Niue,NIU,1998,0.0037,,,,,
Norway,NOR,1998,38.664,,,,,
Oman,OMN,1998,17.4878,,,,,
Pakistan,PAK,1998,95.6071,,,,,
Palau,PLW,1998,0.1172,,,,,
Panama,PAN,1998,5.8537,,,,,
Papua New Guinea,PNG,1998,2.8359,,,,,
Paraguay,PRY,1998,4.3427,,,,,
Peru,PER,1998,27.1025,,,,,
Philippines,PHL,1998,75.423,,,,,
Poland,POL,1998,320.0499,,,,,
Portugal,PRT,1998,58.1039,,,,,
Qatar,QAT,1998,23.241,,,,,
Romania,ROU,1998,100.8884,,,,,
Russian Federation,RUS,1998,1429.4759,,,,,
Rwanda,RWA,1998,0.6412,,,,,
Saint Kitts & Nevis,KNA,1998,0.1026,,,,,
Saint Lucia,LCA,1998,0.3078,,,,,
Saint Vincent & Grenadines,VCT,1998,0.1649,,,,,
Samoa,WSM,1998,0.1319,,,,,
Sao Tome & Principe,STP,1998,0.0476,,,,,
Saudi Arabia,SAU,1998,244.1499,,,,,
Senegal,SEN,1998,3.6783,,,,,
Serbia,SRB,1998,56.7812,,,,,
Seychelles,SYC,1998,0.4397,,,,,
Sierra Leone,SLE,1998,0.3041,,,,,
Singapore,SGP,1998,45.4252,,,,,
Slovakia,SVK,1998,42.155,,,,,
Slovenia,SVN,1998,15.6216,,,,,
Solomon Islands,SLB,1998,0.1612,,,,,
South Africa,ZAF,1998,310.9041,,,,,
Spain,ESP,1998,265.1903,,,,,
Sri Lanka,LKA,1998,8.776,,,,,
Sudan,SDN,1998,5.0089,,,,,
Suriname,SUR,1998,2.1618,,,,,
Swaziland,SWZ,1998,1.2128,,,,,
Sweden,SWE,1998,58.9612,,,,,
Switzerland,CHE,1998,45.0754,,,,,
Syria,SYR,1998,43.5999,,,,,
Taiwan,TWN,1998,200.6839,,,,,
Tajikistan,TJK,1998,2.7573,,,,,
Tanzania,TZA,1998,2.7884,,,,,
Thailand,THA,1998,159.9318,,,,,
Togo,TGO,1998,1.0692,,,,,
Tonga,TON,1998,0.1099,,,,,
Trinidad & Tobago,TTO,1998,21.2071,,,,,
Tunisia,TUN,1998,19.4508,,,,,
Turkey,TUR,1998,197.2557,,,,,
Turkmenistan,TKM,1998,30.5635,,,,,
Uganda,UGA,1998,1.3484,,,,,
Ukraine,UKR,1998,306.9546,,,,,
United Arab Emirates,ARE,1998,85.8918,,,,,
United Kingdom,GBR,1998,528.8445,,,,,
United States of America,USA,1998,5527.8655,,,,,
Uruguay,URY,1998,6.056,,,,,
Uzbekistan,UZB,1998,119.2728,,,,,
Vanuatu,VUT,1998,0.0843,,,,,
Venezuela,VEN,1998,148.1472,,,,,
Vietnam,VNM,1998,45.5817,,,,,
Yemen,YEM,1998,11.7472,,,,,
Zambia,ZMB,1998,2.2559,,,,,
Zimbabwe,ZWE,1998,13.9696,,,,,
World,WLD,1998,22956.0925,5453.066666666667,,,,
Afghanistan,AFG,1999,0.8061,,,,,
Albania,ALB,1999,2.9813,,,,,
Algeria,DZA,1999,79.9153,,,,,
Angola,AGO,1999,12.8107,,,,,
Antigua & Barbuda,ATG,1999,0.3481,,,,,
Argentina,ARG,1999,144.475,,,,,
Armenia,ARM,1999,3.1029,,,,,
Australia,AUS,1999,336.9433,,,,,
Austria,AUT,1999,63.2716,,,,,
Azerbaijan,AZE,1999,39.5434,,,,,
Bahamas,BHS,1999,1.6708,,,,,
Bahrain,BHR,1999,13.8669,,,,,
Bangladesh,BGD,1999,24.6506,,,,,
Barbados,BRB,1999,1.2091,,,,,
Belarus,BLR,1999,58.7379,,,,,
Belgium,BEL,1999,121.0174,,,,,
Belize,BLZ,1999,0.6009,,,,,
Benin,BEN,1999,1.4289,,,,,
Bhutan,BTN,1999,0.3884,,,,,
Bolivia,BOL,1999,8.0414,,,,,
Bosnia & Herzegovina,BIH,1999,10.3702,,,,,
Botswana,BWA,1999,3.9,,,,,
Brazil,BRA,1999,314.6126,,,,,
Brunei,BRN,1999,4.3026,,,,,
Bulgaria,BGR,1999,43.8759,,,,,
Burkina Faso,BFA,1999,0.9307,,,,,
Burundi,BDI,1999,0.2968,,,,,
Cambodia,KHM,1999,1.9,,,,,
Cameroon,CMR,1999,6.5934,,,,,
Canada,CAN,1999,518.6187,,,,,
Cape Verde,CPV,1999,0.1722,,,,,
Central African Republic,CAF,1999,0.2638,,,,,
Chad,TCD,1999,0.1209,,,,,
Chile,CHL,1999,58.9158,,,,,
China,CHN,1999,3325.5282,,,,,
Colombia,COL,1999,62.3029,,,,,
Comoros,COM,1999,0.0806,,,,,
Congo,COG,1999,2.8887,,,,,
"Congo, Dem. Republic",COD,1999,2.1906,,,,,
Cook Islands,COK,1999,0.0293,,,,,
Costa Rica,CRI,1999,5.0696,,,,,
Cote d'Ivoire,CIV,1999,6.8624,,,,,
Croatia,HRV,1999,19.652,,,,,
Cuba,CUB,1999,27.7124,,,,,
Cyprus,CYP,1999,6.6252,,,,,
Czech Republic,CZE,1999,113.0041,,,,,
Denmark,DNK,1999,56.4755,,,,,
Djibouti,DJI,1999,0.4433,,,,,
Dominica,DMA,1999,0.0806,,,,,
Dominican Republic,DOM,1999,17.7158,,,,,
Ecuador,ECU,1999,19.1852,,,,,
Egypt,EGY,1999,117.3734,,,,,
El Salvador,SLV,1999,5.733,,,,,
Equatorial Guinea,GNQ,1999,2.0524,,,,,
Eritrea,ERI,1999,0.652,,,,,
Estonia,EST,1999,15.0695,,,,,
Ethiopia,ETH,1999,3.2588,,,,,
Fiji,FJI,1999,0.8024,,,,,
Finland,FIN,1999,56.7522,,,,,
France,FRA,1999,393.056,,,,,
Gabon,GAB,1999,4.8284,,,,,
Gambia,GMB,1999,0.2565,,,,,
Georgia,GEO,1999,4.5285,,,,,
Germany,DEU,1999,847.3952,,,,,
Ghana,GHA,1999,6.8707,,,,,
Greece,GRC,1999,87.3786,,,,,
Grenada,GRD,1999,0.1942,,,,,
Guatemala,GTM,1999,8.1988,,,,,
Guinea,GIN,1999,1.2714,,,,,
Guinea-Bissau,GNB,1999,0.1942,,,,,
Guyana,GUY,1999,1.6818,,,,,
Haiti,HTI,1999,1.38,,,,,
Honduras,HND,1999,4.7973,,,,,
Hungary,HUN,1999,58.7039,,,,,
Iceland,ISL,1999,2.106,,,,,
India,IND,1999,987.6362,,,,,
Indonesia,IDN,1999,294.1188,,,,,
Iran,IRN,1999,332.8425,,,,,
Iraq,IRQ,1999,65.381,,,,,
Ireland,IRL,1999,40.6274,,,,,
Israel,ISR,1999,53.9457,,,,,
Italy,ITA,1999,443.5875,,,,,
Jamaica,JAM,1999,9.9028,,,,,
Japan,JPN,1999,1201.1629,,,,,
Jordan,JOR,1999,15.0274,,,,,
Kazakhstan,KAZ,1999,114.6877,,,,,
Kenya,KEN,1999,7.6581,,,,,
Kiribati,KIR,1999,0.0293,,,,,
Korea (North),PRK,1999,65.6432,,,,,
Korea (South),KOR,1999,409.3455,,,,,
Kuwait,KWT,1999,48.2047,,,,,
Kyrgyzstan,KGZ,1999,4.7605,,,,,
Laos,LAO,1999,0.9563,,,,,
Latvia,LVA,1999,7.38,,,,,
Lebanon,LBN,1999,17.172,,,,,
Lesotho,LSO,1999,0.1821,,,,,
Liberia,LBR,1999,0.4067,,,,,
Libya,LBY,1999,41.1316,,,,,
Lithuania,LTU,1999,13.1234,,,,,
Luxembourg,LUX,1999,7.7801,,,,,
"Macedonia, FYR",MKD,1999,9.0101,,,,,
Madagascar,MDG,1999,1.9236,,,,,
Malawi,MWI,1999,0.9966,,,,,
Malaysia,MYS,1999,109.0543,,,,,
Maldives,MDV,1999,0.4653,,,,,
Mali,MLI,1999,0.5386,,,,,
Malta,MLT,1999,2.39,,,,,
Mauritania,MRT,1999,1.1981,,,,,
Mauritius,MUS,1999,2.4622,,,,,
Mexico,MEX,1999,359.6393,,,,,
Moldova,MDA,1999,7.1256,,,,,
Mongolia,MNG,1999,8.4813,,,,,
Morocco,MAR,1999,32.7519,,,,,
Mozambique,MOZ,1999,1.2563,,,,,
Myanmar,MMR,1999,9.1794,,,,,
Namibia,NAM,1999,1.8,,,,,
Nauru,NRU,1999,0.1099,,,,,
Nepal,NPL,1999,3.1129,,,,,
Netherlands,NLD,1999,170.7605,,,,,
New Zealand,NZL,1999,30.3952,,,,,
Nicaragua,NIC,1999,3.5559,,,,,
Niger,NER,1999,1.0552,,,,,
Nigeria,NGA,1999,72.632,,,,,
Niue,NIU,1999,0.0037,,,,,
Norway,NOR,1999,40.4292,,,,,
Oman,OMN,1999,20.6077,,,,,
Pakistan,PAK,1999,104.4652,,,,,
Palau,PLW,1999,0.1172,,,,,
Panama,PAN,1999,5.1474,,,,,
Papua New Guinea,PNG,1999,2.4659,,,,,
Paraguay,PRY,1999,4.3527,,,,,
Peru,PER,1999,29.1889,,,,,
Philippines,PHL,1999,72.7981,,,,,
Poland,POL,1999,310.7594,,,,,
Portugal,PRT,1999,65.0363,,,,,
Qatar,QAT,1999,25.3793,,,,,
Romania,ROU,1999,86.9544,,,,,
Russian Federation,RUS,1999,1470.3204,,,,,
Rwanda,RWA,1999,0.6705,,,,,
Saint Kitts & Nevis,KNA,1999,0.1026,,,,,
Saint Lucia,LCA,1999,0.3188,,,,,
Saint Vincent & Grenadines,VCT,1999,0.1685,,,,,
Samoa,WSM,1999,0.1392,,,,,
Sao Tome & Principe,STP,1999,0.0476,,,,,
Saudi Arabia,SAU,1999,248.5248,,,,,
Senegal,SEN,1999,4.0383,,,,,
Serbia,SRB,1999,40.4041,,,,,
Seychelles,SYC,1999,0.513,,,,,
Sierra Leone,SLE,1999,0.2931,,,,,
Singapore,SGP,1999,48.2981,,,,,
Slovakia,SVK,1999,41.1923,,,,,
Slovenia,SVN,1999,15.0982,,,,,
Solomon Islands,SLB,1999,0.1649,,,,,
South Africa,ZAF,1999,293.8107,,,,,
Spain,ESP,1999,286.2609,,,,,
Sri Lanka,LKA,1999,9.6573,,,,,
Sudan,SDN,1999,5.4536,,,,,
Suriname,SUR,1999,2.1508,,,,,
Swaziland,SWZ,1999,1.2348,,,,,
Sweden,SWE,1999,58.0668,,,,,
Switzerland,CHE,1999,45.1597,,,,,
Syria,SYR,1999,42.8233,,,,,
Taiwan,TWN,1999,208.8187,,,,,
Tajikistan,TJK,1999,2.5447,,,,,
Tanzania,TZA,1999,2.604,,,,,
Thailand,THA,1999,166.6535,,,,,
Togo,TGO,1999,1.3904,,,,,
Tonga,TON,1999,0.1282,,,,,
Trinidad & Tobago,TTO,1999,22.1198,,,,,
Tunisia,TUN,1999,20.41,,,,,
Turkey,TUR,1999,194.1679,,,,,
Turkmenistan,TKM,1999,35.7235,,,,,
Uganda,UGA,1999,1.407,,,,,
Ukraine,UKR,1999,303.3456,,,,,
United Arab Emirates,ARE,1999,87.7026,,,,,
United Kingdom,GBR,1999,526.1346,,,,,
United States of America,USA,1999,5555.7168,,,,,
Uruguay,URY,1999,7.092,,,,,
Uzbekistan,UZB,1999,121.6977,,,,,
Vanuatu,VUT,1999,0.0843,,,,,
Venezuela,VEN,1999,131.2178,,,,,
Vietnam,VNM,1999,46.349,,,,,
Yemen,YEM,1999,13.1955,,,,,
Zambia,ZMB,1999,1.8402,,,,,
Zimbabwe,ZWE,1999,15.6983,,,,,
World,WLD,1999,23092.3398,5313.733333333334,,,,
Afghanistan,AFG,2000,0.7584,,,,,
Albania,ALB,2000,3.1379,,,,,
Algeria,DZA,2000,80.9427,,,,,
Angola,AGO,2000,12.825,,,,,
Antigua & Barbuda,ATG,2000,0.3444,,,,,
Argentina,ARG,2000,143.205,,,,,
Armenia,ARM,2000,3.5099,,,,,
Australia,AUS,2000,343.0758,,,,,
Austria,AUT,2000,63.5833,,,,,
Azerbaijan,AZE,2000,40.5403,,,,,
Bahamas,BHS,2000,1.6671,,,,,
Bahrain,BHR,2000,14.174,,,,,
Bangladesh,BGD,2000,27.0844,,,,,
Barbados,BRB,2000,1.1871,,,,,
Belarus,BLR,2000,59.6297,,,,,
Belgium,BEL,2000,122.1614,,,,,
Belize,BLZ,2000,0.6888,,,,,
Benin,BEN,2000,1.5346,,,,,
Bhutan,BTN,2000,0.3994,,,,,
Bolivia,BOL,2000,8.1374,,,,,
Bosnia & Herzegovina,BIH,2000,13.8214,,,,,
Botswana,BWA,2000,4.19,,,,,
Brazil,BRA,2000,326.8958,,,,,
Brunei,BRN,2000,4.5472,,,,,
Bulgaria,BGR,2000,43.2392,,,,,
Burkina Faso,BFA,2000,1.0406,,,,,
Burundi,BDI,2000,0.3004,,,,,
Cambodia,KHM,2000,1.96,,,,,
Cameroon,CMR,2000,6.7833,,,,,
Canada,CAN,2000,540.2044,,,,,
Cape Verde,CPV,2000,0.1869,,,,,
Central African Republic,CAF,2000,0.2675,,,,,
Chad,TCD,2000,0.1759,,,,,
Chile,CHL,2000,54.3661,,,,,
China,CHN,2000,3607.5775,,,,,
Colombia,COL,2000,64.8461,,,,,
Comoros,COM,2000,0.0843,,,,,
Congo,COG,2000,2.8776,,,,,
"Congo, Dem. Republic",COD,2000,1.7543,,,,,
Cook Islands,COK,2000,0.0293,,,,,
Costa Rica,CRI,2000,4.974,,,,,
Cote d'Ivoire,CIV,2000,6.4524,,,,,
Croatia,HRV,2000,19.0816,,,,,
Cuba,CUB,2000,28.0855,,,,,
Cyprus,CYP,2000,6.9662,,,,,
Czech Republic,CZE,2000,123.9208,,,,,
Denmark,DNK,2000,52.2734,,,,,
Djibouti,DJI,2000,0.403,,,,,
Dominica,DMA,2000,0.1026,,,,,
Dominican Republic,DOM,2000,18.3394,,,,,
Ecuador,ECU,2000,20.5243,,,,,
Egypt,EGY,2000,114.9045,,,,,
El Salvador,SLV,2000,5.7413,,,,,
Equatorial Guinea,GNQ,2000,2.1286,,,,,
Eritrea,ERI,2000,0.632,,,,,
Estonia,EST,2000,14.7849,,,,,
Ethiopia,ETH,2000,3.6597,,,,,
Fiji,FJI,2000,0.8647,,,,,
Finland,FIN,2000,56.0572,,,,,
France,FRA,2000,388.7157,,,,,
Gabon,GAB,2000,4.6175,,,,,
Gambia,GMB,2000,0.2748,,,,,
Georgia,GEO,2000,4.7822,,,,,
Germany,DEU,2000,845.2038,,,,,
Ghana,GHA,2000,6.081,,,,,
Greece,GRC,2000,95.1354,,,,,
Grenada,GRD,2000,0.1905,,,,,
Guatemala,GTM,2000,9.4383,,,,,
Guinea,GIN,2000,1.2787,,,,,
Guinea-Bissau,GNB,2000,0.1466,,,,,
Guyana,GUY,2000,1.6085,,,,,
Haiti,HTI,2000,1.41,,,,,
Honduras,HND,2000,5.0812,,,,,
Hungary,HUN,2000,55.8561,,,,,
Iceland,ISL,2000,2.2233,,,,,
India,IND,2000,1023.8378,,,,,
Indonesia,IDN,2000,295.4044,,,,,
Iran,IRN,2000,346.2601,,,,,
Iraq,IRQ,2000,75.0093,,,,,
Ireland,IRL,2000,42.3744,,,,,
Israel,ISR,2000,58.0233,,,,,
Italy,ITA,2000,445.4372,,,,,
Jamaica,JAM,2000,9.9801,,,,,
Japan,JPN,2000,1216.2403,,,,,
Jordan,JOR,2000,15.6754,,,,,
Kazakhstan,KAZ,2000,113.5862,,,,,
Kenya,KEN,2000,8.3816,,,,,
Kiribati,KIR,2000,0.033,,,,,
Korea (North),PRK,2000,70.8637,,,,,
Korea (South),KOR,2000,463.2617,,,,,
Kuwait,KWT,2000,50.6202,,,,,
Kyrgyzstan,KGZ,2000,4.6492,,,,,
Laos,LAO,2000,0.971,,,,,
Latvia,LVA,2000,6.82,,,,,
Lebanon,LBN,2000,15.5196,,,,,
Lesotho,LSO,2000,0.2118,,,,,
Liberia,LBR,2000,0.436,,,,,
Libya,LBY,2000,42.9064,,,,,
Lithuania,LTU,2000,11.4758,,,,,
Luxembourg,LUX,2000,8.3737,,,,,
"Macedonia, FYR",MKD,2000,8.7031,,,,,
Madagascar,MDG,2000,1.8686,,,,,
Malawi,MWI,2000,0.9087,,,,,
Malaysia,MYS,2000,118.3948,,,,,
Maldives,MDV,2000,0.4983,,,,,
Mali,MLI,2000,0.5423,,,,,
Malta,MLT,2000,2.11,,,,,
Mauritania,MRT,2000,1.2348,,,,,
Mauritius,MUS,2000,2.7663,,,,,
Mexico,MEX,2000,376.2724,,,,,
Moldova,MDA,2000,6.6099,,,,,
Mongolia,MNG,2000,8.8576,,,,,
Morocco,MAR,2000,33.4577,,,,,
Mozambique,MOZ,2000,1.4556,,,,,
Myanmar,MMR,2000,9.7196,,,,,
Namibia,NAM,2000,1.76,,,,,
Nauru,NRU,2000,0.1026,,,,,
Nepal,NPL,2000,3.2102,,,,,
Netherlands,NLD,2000,174.0167,,,,,
New Zealand,NZL,2000,31.4992,,,,,
Nicaragua,NIC,2000,3.7838,,,,,
Niger,NER,2000,0.7951,,,,,
Nigeria,NGA,2000,74.6082,,,,,
Niue,NIU,2000,0.0037,,,,,
Norway,NOR,2000,35.7827,,,,,
Oman,OMN,2000,22.414,,,,,
Pakistan,PAK,2000,104.1417,,,,,
Palau,PLW,2000,0.1172,,,,,
Panama,PAN,2000,5.4127,,,,,
Papua New Guinea,PNG,2000,2.6857,,,,,
Paraguay,PRY,2000,3.5724,,,,,
Peru,PER,2000,28.694,,,,,
Philippines,PHL,2000,73.4777,,,,,
Poland,POL,2000,298.4065,,,,,
Portugal,PRT,2000,64.5952,,,,,
Qatar,QAT,2000,24.5746,,,,,
Romania,ROU,2000,90.0591,,,,,
Russian Federation,RUS,2000,1512.8436,,,,,
Rwanda,RWA,2000,0.6888,,,,,
Saint Kitts & Nevis,KNA,2000,0.1026,,,,,
Saint Lucia,LCA,2000,0.3298,,,,,
Saint Vincent & Grenadines,VCT,2000,0.1576,,,,,
Samoa,WSM,2000,0.1392,,,,,
Sao Tome & Principe,STP,2000,0.0476,,,,,
Saudi Arabia,SAU,2000,259.8021,,,,,
Senegal,SEN,2000,4.2668,,,,,
Serbia,SRB,2000,43.5652,,,,,
Seychelles,SYC,2000,0.5643,,,,,
Sierra Leone,SLE,2000,0.425,,,,,
Singapore,SGP,2000,48.1316,,,,,
Slovakia,SVK,2000,38.8869,,,,,
Slovenia,SVN,2000,14.7385,,,,,
Solomon Islands,SLB,2000,0.1649,,,,,
South Africa,ZAF,2000,300.9313,,,,,
Spain,ESP,2000,302.9325,,,,,
Sri Lanka,LKA,2000,11.122,,,,,
Sudan,SDN,2000,5.9733,,,,,
Suriname,SUR,2000,2.1251,,,,,
Swaziland,SWZ,2000,1.1871,,,,,
Sweden,SWE,2000,54.0827,,,,,
Switzerland,CHE,2000,44.3296,,,,,
Syria,SYR,2000,42.7741,,,,,
Taiwan,TWN,2000,227.177,,,,,
Tajikistan,TJK,2000,2.1956,,,,,
Tanzania,TZA,2000,2.984,,,,,
Thailand,THA,2000,167.4468,,,,,
Togo,TGO,2000,1.3081,,,,,
Tonga,TON,2000,0.1209,,,,,
Trinidad & Tobago,TTO,2000,25.7746,,,,,
Tunisia,TUN,2000,21.5521,,,,,
Turkey,TUR,2000,218.6434,,,,,
Turkmenistan,TKM,2000,36.7835,,,,,
Uganda,UGA,2000,1.5316,,,,,
Ukraine,UKR,2000,294.6054,,,,,
United Arab Emirates,ARE,2000,90.9796,,,,,
United Kingdom,GBR,2000,533.8217,,,,,
United States of America,USA,2000,5747.8546,,,,,
Uruguay,URY,2000,5.6081,,,,,
Uzbekistan,UZB,2000,119.7751,,,,,
Vanuatu,VUT,2000,0.0806,,,,,
Venezuela,VEN,2000,140.3458,,,,,
Vietnam,VNM,2000,51.3587,,,,,
Yemen,YEM,2000,13.9062,,,,,
Zambia,ZMB,2000,1.8905,,,,,
Zimbabwe,ZWE,2000,13.1083,,,,,
World,WLD,2000,23922.4758,5169.633333333334,,,,
Afghanistan,AFG,2001,0.6229,,,,,
Albania,ALB,2001,3.2,,,,,
Algeria,DZA,2001,77.1518,,,,,
Angola,AGO,2001,13.4909,,,,,
Antigua & Barbuda,ATG,2001,0.3444,,,,,
Argentina,ARG,2001,132.6055,,,,,
Armenia,ARM,2001,3.5902,,,,,
Australia,AUS,2001,355.5188,,,,,
Austria,AUT,2001,67.7643,,,,,
Azerbaijan,AZE,2001,26.6801,,,,,
Bahamas,BHS,2001,1.5682,,,,,
Bahrain,BHR,2001,14.774,,,,,
Bangladesh,BGD,2001,31.7752,,,,,
Barbados,BRB,2001,1.2201,,,,,
Belarus,BLR,2001,58.7877,,,,,
Belgium,BEL,2001,123.2651,,,,,
Belize,BLZ,2001,0.7108,,,,,
Benin,BEN,2001,1.8446,,,,,
Bhutan,BTN,2001,0.3884,,,,,
Bolivia,BOL,2001,7.658,,,,,
Bosnia & Herzegovina,BIH,2001,13.6417,,,,,
Botswana,BWA,2001,3.86,,,,,
Brazil,BRA,2001,332.995,,,,,
Brunei,BRN,2001,4.4236,,,,,
Bulgaria,BGR,2001,45.8906,,,,,
Burkina Faso,BFA,2001,0.9966,,,,,
Burundi,BDI,2001,0.2162,,,,,
Cambodia,KHM,2001,2.14,,,,,
Cameroon,CMR,2001,6.4196,,,,,
Canada,CAN,2001,532.696,,,,,
Cape Verde,CPV,2001,0.2088,,,,,
Central African Republic,CAF,2001,0.2455,,,,,
Chad,TCD,2001,0.1722,,,,,
Chile,CHL,2001,52.3457,,,,,
China,CHN,2001,3725.5673,,,,,
Colombia,COL,2001,63.5615,,,,,
Comoros,COM,2001,0.0879,,,,,
Congo,COG,2001,3.0856,,,,,
"Congo, Dem. Republic",COD,2001,1.52,,,,,
Cook Islands,COK,2001,0.033,,,,,
Costa Rica,CRI,2001,5.4572,,,,,
Cote d'Ivoire,CIV,2001,6.4024,,,,,
Croatia,HRV,2001,20.1358,,,,,
Cuba,CUB,2001,27.2216,,,,,
Cyprus,CYP,2001,6.8415,,,,,
Czech Republic,CZE,2001,123.1997,,,,,
Denmark,DNK,2001,53.4056,,,,,
Djibouti,DJI,2001,0.3847,,,,,
Dominica,DMA,2001,0.1136,,,,,
Dominican Republic,DOM,2001,18.2467,,,,,
Ecuador,ECU,2001,21.2229,,,,,
Egypt,EGY,2001,125.7731,,,,,
El Salvador,SLV,2001,6.1362,,,,,
Equatorial Guinea,GNQ,2001,2.4507,,,,,
Eritrea,ERI,2001,0.692,,,,,
Estonia,EST,2001,15.2815,,,,,
Ethiopia,ETH,2001,4.487,,,,,
Fiji,FJI,2001,1.1139,,,,,
Finland,FIN,2001,61.1695,,,,,
France,FRA,2001,395.1955,,,,,
Gabon,GAB,2001,4.5947,,,,,
Gambia,GMB,2001,0.2821,,,,,
Georgia,GEO,2001,3.6585,,,,,
Germany,DEU,2001,861.7905,,,,,
Ghana,GHA,2001,6.4253,,,,,
Greece,GRC,2001,96.943,,,,,
Grenada,GRD,2001,0.1942,,,,,
Guatemala,GTM,2001,9.8566,,,,,
Guinea,GIN,2001,1.2971,,,,,
Guinea-Bissau,GNB,2001,0.1502,,,,,
Guyana,GUY,2001,1.5938,,,,,
Haiti,HTI,2001,1.6426,,,,,
Honduras,HND,2001,5.8895,,,,,
Hungary,HUN,2001,57.3034,,,,,
Iceland,ISL,2001,2.1523,,,,,
India,IND,2001,1037.3303,,,,,
Indonesia,IDN,2001,315.6949,,,,,
Iran,IRN,2001,357.2821,,,,,
Iraq,IRQ,2001,77.7693,,,,,
Ireland,IRL,2001,45.0184,,,,,
Israel,ISR,2001,58.5813,,,,,
Italy,ITA,2001,448.4732,,,,,
Jamaica,JAM,2001,10.0468,,,,,
Japan,JPN,2001,1199.4059,,,,,
Jordan,JOR,2001,15.8128,,,,,
Kazakhstan,KAZ,2001,110.6113,,,,,
Kenya,KEN,2001,7.7759,,,,,
Kiribati,KIR,2001,0.0256,,,,,
Korea (North),PRK,2001,73.4321,,,,,
Korea (South),KOR,2001,478.0038,,,,,
Kuwait,KWT,2001,54.4472,,,,,
Kyrgyzstan,KGZ,2001,3.9645,,,,,
Laos,LAO,2001,0.9013,,,,,
Latvia,LVA,2001,7.23,,,,,
Lebanon,LBN,2001,16.75,,,,,
Lesotho,LSO,2001,0.2113,,,,,
Liberia,LBR,2001,0.502,,,,,
Libya,LBY,2001,44.5708,,,,,
Lithuania,LTU,2001,12.2738,,,,,
Luxembourg,LUX,2001,8.9827,,,,,
"Macedonia, FYR",MKD,2001,8.8651,,,,,
Madagascar,MDG,2001,1.7367,,,,,
Malawi,MWI,2001,0.9013,,,,,
Malaysia,MYS,2001,124.8983,,,,,
Maldives,MDV,2001,0.5752,,,,,
Mali,MLI,2001,0.5459,,,,,
Malta,MLT,2001,2.46,,,,,
Mauritania,MRT,2001,1.3484,,,,,
Mauritius,MUS,2001,2.9678,,,,,
Mexico,MEX,2001,374.0975,,,,,
Moldova,MDA,2001,6.9089,,,,,
Mongolia,MNG,2001,8.833,,,,,
Morocco,MAR,2001,36.983,,,,,
Mozambique,MOZ,2001,1.4419,,,,,
Myanmar,MMR,2001,8.5623,,,,,
Namibia,NAM,2001,2.18,,,,,
Nauru,NRU,2001,0.1026,,,,,
Nepal,NPL,2001,3.4429,,,,,
Netherlands,NLD,2001,179.9203,,,,,
New Zealand,NZL,2001,33.4401,,,,,
Nicaragua,NIC,2001,3.9465,,,,,
Niger,NER,2001,0.7621,,,,,
Nigeria,NGA,2001,84.4379,,,,,
Niue,NIU,2001,0.0073,,,,,
Norway,NOR,2001,36.588,,,,,
Oman,OMN,2001,25.4574,,,,,
Pakistan,PAK,2001,105.8313,,,,,
Palau,PLW,2001,0.1832,,,,,
Panama,PAN,2001,6.3104,,,,,
Papua New Guinea,PNG,2001,3.228,,,,,
Paraguay,PRY,2001,3.7024,,,,,
Peru,PER,2001,26.7422,,,,,
Philippines,PHL,2001,71.6824,,,,,
Poland,POL,2001,295.5193,,,,,
Portugal,PRT,2001,63.9936,,,,,
Qatar,QAT,2001,26.3554,,,,,
Romania,ROU,2001,94.5449,,,,,
Russian Federation,RUS,2001,1515.6809,,,,,
Rwanda,RWA,2001,0.6888,,,,,
Saint Kitts & Nevis,KNA,2001,0.1832,,,,,
Saint Lucia,LCA,2001,0.3627,,,,,
Saint Vincent & Grenadines,VCT,2001,0.1795,,,,,
Samoa,WSM,2001,0.1429,,,,,
Sao Tome & Principe,STP,2001,0.0513,,,,,
Saudi Arabia,SAU,2001,269.8589,,,,,
Senegal,SEN,2001,4.7658,,,,,
Serbia,SRB,2001,45.8655,,,,,
Seychelles,SYC,2001,0.6412,,,,,
Sierra Leone,SLE,2001,0.5679,,,,,
Singapore,SGP,2001,48.3404,,,,,
Slovakia,SVK,2001,40.0539,,,,,
Slovenia,SVN,2001,15.5456,,,,,
Solomon Islands,SLB,2001,0.1722,,,,,
South Africa,ZAF,2001,286.7042,,,,,
Spain,ESP,2001,305.7186,,,,,
Sri Lanka,LKA,2001,11.0033,,,,,
Sudan,SDN,2001,6.5653,,,,,
Suriname,SUR,2001,2.2644,,,,,
Swaziland,SWZ,2001,1.1395,,,,,
Sweden,SWE,2001,53.579,,,,,
Switzerland,CHE,2001,45.3376,,,,,
Syria,SYR,2001,42.737,,,,,
Taiwan,TWN,2001,234.2318,,,,,
Tajikistan,TJK,2001,2.1466,,,,,
Tanzania,TZA,2001,3.207,,,,,
Thailand,THA,2001,176.7685,,,,,
Togo,TGO,2001,1.1994,,,,,
Tonga,TON,2001,0.1429,,,,,
Trinidad & Tobago,TTO,2001,27.5455,,,,,
Tunisia,TUN,2001,22.2622,,,,,
Turkey,TUR,2001,197.4086,,,,,
Turkmenistan,TKM,2001,37.9135,,,,,
Uganda,UGA,2001,1.6195,,,,,
Ukraine,UKR,2001,299.2409,,,,,
United Arab Emirates,ARE,2001,90.2273,,,,,
United Kingdom,GBR,2001,546.4535,,,,,
United States of America,USA,2001,5728.176,,,,,
Uruguay,URY,2001,5.2356,,,,,
Uzbekistan,UZB,2001,121.2332,,,,,
Vanuatu,VUT,2001,0.0879,,,,,
Venezuela,VEN,2001,143.7598,,,,,
Vietnam,VNM,2001,57.47,,,,,
Yemen,YEM,2001,15.1238,,,,,
Zambia,ZMB,2001,1.9063,,,,,
Zimbabwe,ZWE,2001,12.7594,,,,,
World,WLD,2001,24187.5943,5079.8,,,,
Afghanistan,AFG,2002,0.3591,,,,,
Albania,ALB,2002,3.69,,,,,
Algeria,DZA,2002,82.8558,,,,,
Angola,AGO,2002,14.3113,,,,,
Antigua & Barbuda,ATG,2002,0.3627,,,,,
Argentina,ARG,2002,124.7237,,,,,
Armenia,ARM,2002,3.0659,,,,,
Australia,AUS,2002,362.9344,,,,,
Austria,AUT,2002,69.3529,,,,,
Azerbaijan,AZE,2002,26.8614,,,,,
Bahamas,BHS,2002,1.5755,,,,,
Bahrain,BHR,2002,15.633,,,,,
Bangladesh,BGD,2002,32.8115,,,,,
Barbados,BRB,2002,1.2274,,,,,
Belarus,BLR,2002,60.3209,,,,,
Belgium,BEL,2002,115.8271,,,,,
Belize,BLZ,2002,0.3591,,,,,
Benin,BEN,2002,2.1246,,,,,
Bhutan,BTN,2002,0.4177,,,,,
Bolivia,BOL,2002,8.2662,,,,,
Bosnia & Herzegovina,BIH,2002,14.4443,,,,,
Botswana,BWA,2002,4.01,,,,,
Brazil,BRA,2002,331.49,,,,,
Brunei,BRN,2002,4.4909,,,,,
Bulgaria,BGR,2002,43.1462,,,,,
Burkina Faso,BFA,2002,1.0039,,,,,
Burundi,BDI,2002,0.2235,,,,,
Cambodia,KHM,2002,2.2,,,,,
Cameroon,CMR,2002,6.3045,,,,,
Canada,CAN,2002,540.9622,,,,,
Cape Verde,CPV,2002,0.2455,,,,,
Central African Republic,CAF,2002,0.2455,,,,,
Chad,TCD,2002,0.1685,,,,,
Chile,CHL,2002,53.3681,,,,,
China,CHN,2002,3966.6704,,,,,
Colombia,COL,2002,61.3179,,,,,
Comoros,COM,2002,0.0916,,,,,
Congo,COG,2002,2.9075,,,,,
"Congo, Dem. Republic",COD,2002,1.61,,,,,
Cook Islands,COK,2002,0.0293,,,,,
Costa Rica,CRI,2002,5.5772,,,,,
Cote d'Ivoire,CIV,2002,6.5624,,,,,
Croatia,HRV,2002,21.2318,,,,,
Cuba,CUB,2002,26.1216,,,,,
Cyprus,CYP,2002,7.0281,,,,,
Czech Republic,CZE,2002,118.7748,,,,,
Denmark,DNK,2002,53.5118,,,,,
Djibouti,DJI,2002,0.3994,,,,,
Dominica,DMA,2002,0.1026,,,,,
Dominican Republic,DOM,2002,19.8606,,,,,
Ecuador,ECU,2002,23.5332,,,,,
Egypt,EGY,2002,132.4969,,,,,
El Salvador,SLV,2002,6.2195,,,,,
Equatorial Guinea,GNQ,2002,2.9708,,,,,
Eritrea,ERI,2002,0.682,,,,,
Estonia,EST,2002,14.8408,,,,,
Ethiopia,ETH,2002,4.667,,,,,
Fiji,FJI,2002,0.8391,,,,,
Finland,FIN,2002,63.7472,,,,,
France,FRA,2002,388.164,,,,,
Gabon,GAB,2002,4.3482,,,,,
Gambia,GMB,2002,0.3151,,,,,
Georgia,GEO,2002,3.0822,,,,,
Germany,DEU,2002,848.6514,,,,,
Ghana,GHA,2002,7.7753,,,,,
Greece,GRC,2002,96.9855,,,,,
Grenada,GRD,2002,0.2052,,,,,
Guatemala,GTM,2002,10.5166,,,,,
Guinea,GIN,2002,1.3227,,,,,
Guinea-Bissau,GNB,2002,0.1539,,,,,
Guyana,GUY,2002,1.5792,,,,,
Haiti,HTI,2002,1.8729,,,,,
Honduras,HND,2002,6.1482,,,,,
Hungary,HUN,2002,56.6257,,,,,
Iceland,ISL,2002,2.2303,,,,,
India,IND,2002,1073.0134,,,,,
Indonesia,IDN,2002,322.4612,,,,,
Iran,IRN,2002,375.3293,,,,,
Iraq,IRQ,2002,82.0133,,,,,
Ireland,IRL,2002,44.1361,,,,,
Israel,ISR,2002,61.2127,,,,,
Italy,ITA,2002,455.7895,,,,,
Jamaica,JAM,2002,10.2078,,,,,
Japan,JPN,2002,1233.4636,,,,,
Jordan,JOR,2002,16.8634,,,,,
Kazakhstan,KAZ,2002,120.7126,,,,,
Kenya,KEN,2002,7.5891,,,,,
Kiribati,KIR,2002,0.0403,,,,,
Korea (North),PRK,2002,70.3427,,,,,
Korea (South),KOR,2002,473.7932,,,,,
Kuwait,KWT,2002,57.4121,,,,,
Kyrgyzstan,KGZ,2002,4.9538,,,,,
Laos,LAO,2002,1.1761,,,,,
Latvia,LVA,2002,7.3482,,,,,
Lebanon,LBN,2002,16.6816,,,,,
Lesotho,LSO,2002,0.2113,,,,,
Liberia,LBR,2002,0.502,,,,,
Libya,LBY,2002,46.3528,,,,,
Lithuania,LTU,2002,12.3604,,,,,
Luxembourg,LUX,2002,9.6427,,,,,
"Macedonia, FYR",MKD,2002,8.3304,,,,,
Madagascar,MDG,2002,1.2348,,,,,
Malawi,MWI,2002,0.883,,,,,
Malaysia,MYS,2002,133.9296,,,,,
Maldives,MDV,2002,0.6888,,,,,
Mali,MLI,2002,0.5533,,,,,
Malta,MLT,2002,2.29,,,,,
Mauritania,MRT,2002,1.4326,,,,,
Mauritius,MUS,2002,2.9788,,,,,
Mexico,MEX,2002,379.3731,,,,,
Moldova,MDA,2002,7.0702,,,,,
Mongolia,MNG,2002,9.4733,,,,,
Morocco,MAR,2002,38.212,,,,,
Mozambique,MOZ,2002,1.6155,,,,,
Myanmar,MMR,2002,8.5578,,,,,
Namibia,NAM,2002,1.89,,,,,
Nauru,NRU,2002,0.0989,,,,,
Nepal,NPL,2002,2.7829,,,,,
Netherlands,NLD,2002,180.0768,,,,,
New Zealand,NZL,2002,33.4468,,,,,
Nicaragua,NIC,2002,4.0848,,,,,
Niger,NER,2002,0.8134,,,,,
Nigeria,NGA,2002,85.8552,,,,,
Niue,NIU,2002,0.0073,,,,,
Norway,NOR,2002,36.0901,,,,,
Oman,OMN,2002,27.1948,,,,,
Pakistan,PAK,2002,108.2413,,,,,
Palau,PLW,2002,0.1832,,,,,
Panama,PAN,2002,5.5437,,,,,
Papua New Guinea,PNG,2002,3.5101,,,,,
Paraguay,PRY,2002,3.7835,,,,,
Peru,PER,2002,28.0168,,,,,
Philippines,PHL,2002,73.4715,,,,,
Poland,POL,2002,284.8757,,,,,
Portugal,PRT,2002,67.6721,,,,,
Qatar,QAT,2002,30.443,,,,,
Romania,ROU,2002,94.0386,,,,,
Russian Federation,RUS,2002,1514.7674,,,,,
Rwanda,RWA,2002,0.6888,,,,,
Saint Kitts & Nevis,KNA,2002,0.1979,,,,,
Saint Lucia,LCA,2002,0.3261,,,,,
Saint Vincent & Grenadines,VCT,2002,0.1869,,,,,
Samoa,WSM,2002,0.1429,,,,,
Sao Tome & Principe,STP,2002,0.0586,,,,,
Saudi Arabia,SAU,2002,285.9226,,,,,
Senegal,SEN,2002,4.8644,,,,,
Serbia,SRB,2002,49.3845,,,,,
Seychelles,SYC,2002,0.5423,,,,,
Sierra Leone,SLE,2002,0.6046,,,,,
Singapore,SGP,2002,46.7189,,,,,
Slovakia,SVK,2002,39.5605,,,,,
Slovenia,SVN,2002,15.6962,,,,,
Solomon Islands,SLB,2002,0.1722,,,,,
South Africa,ZAF,2002,297.9061,,,,,
Spain,ESP,2002,322.8576,,,,,
Sri Lanka,LKA,2002,11.4856,,,,,
Sudan,SDN,2002,8.0926,,,,,
Suriname,SUR,2002,2.2497,,,,,
Swaziland,SWZ,2002,1.1248,,,,,
Sweden,SWE,2002,55.2154,,,,,
Switzerland,CHE,2002,44.3496,,,,,
Syria,SYR,2002,45.0254,,,,,
Taiwan,TWN,2002,244.0673,,,,,
Tajikistan,TJK,2002,2.1313,,,,,
Tanzania,TZA,2002,3.683,,,,,
Thailand,THA,2002,193.7545,,,,,
Togo,TGO,2002,1.2894,,,,,
Tonga,TON,2002,0.1466,,,,,
Trinidad & Tobago,TTO,2002,28.5024,,,,,
Tunisia,TUN,2002,22.2711,,,,,
Turkey,TUR,2002,208.4887,,,,,
Turkmenistan,TKM,2002,39.7335,,,,,
Uganda,UGA,2002,1.6671,,,,,
Ukraine,UKR,2002,302.5077,,,,,
United Arab Emirates,ARE,2002,100.5538,,,,,
United Kingdom,GBR,2002,530.8608,,,,,
United States of America,USA,2002,5656.2035,,,,,
Uruguay,URY,2002,4.7483,,,,,
Uzbekistan,UZB,2002,126.1632,,,,,
Vanuatu,VUT,2002,0.0843,,,,,
Venezuela,VEN,2002,141.6557,,,,,
Vietnam,VNM,2002,68.0835,,,,,
Yemen,YEM,2002,15.2068,,,,,
Zambia,ZMB,2002,1.9736,,,,,
Zimbabwe,ZWE,2002,11.9004,,,,,
World,WLD,2002,24594.5018,5564.900000000001,,,,
Afghanistan,AFG,2003,0.5826,,,,,
Albania,ALB,2003,4.1495,,,,,
Algeria,DZA,2003,86.2931,,,,,
Angola,AGO,2003,18.688,,,,,
Antigua & Barbuda,ATG,2003,0.3884,,,,,
Argentina,ARG,2003,135.6502,,,,,
Armenia,ARM,2003,3.4405,,,,,
Australia,AUS,2003,365.9779,,,,,
Austria,AUT,2003,74.5246,,,,,
Azerbaijan,AZE,2003,28.8356,,,,,
Bahamas,BHS,2003,1.5169,,,,,
Bahrain,BHR,2003,16.256,,,,,
Bangladesh,BGD,2003,34.9415,,,,,
Barbados,BRB,2003,1.2714,,,,,
Belarus,BLR,2003,62.0211,,,,,
Belgium,BEL,2003,123.2746,,,,,
Belize,BLZ,2003,0.3737,,,,,
Benin,BEN,2003,2.3746,,,,,
Bhutan,BTN,2003,0.3774,,,,,
Bolivia,BOL,2003,9.0912,,,,,
Bosnia & Herzegovina,BIH,2003,14.7633,,,,,
Botswana,BWA,2003,3.93,,,,,
Brazil,BRA,2003,322.7236,,,,,
Brunei,BRN,2003,5.3672,,,,,
Bulgaria,BGR,2003,47.4479,,,,,
Burkina Faso,BFA,2003,1.0772,,,,,
Burundi,BDI,2003,0.1649,,,,,
Cambodia,KHM,2003,2.37,,,,,
Cameroon,CMR,2003,6.2016,,,,,
Canada,CAN,2003,565.0743,,,,,
Cape Verde,CPV,2003,0.2528,,,,,
Central African Republic,CAF,2003,0.2345,,,,,
Chad,TCD,2003,0.3811,,,,,
Chile,CHL,2003,55.2988,,,,,
China,CHN,2003,4606.2184,,,,,
Colombia,COL,2003,60.9943,,,,,
Comoros,COM,2003,0.0989,,,,,
Congo,COG,2003,3.0895,,,,,
"Congo, Dem. Republic",COD,2003,1.82,,,,,
Cook Islands,COK,2003,0.033,,,,,
Costa Rica,CRI,2003,5.8543,,,,,
Cote d'Ivoire,CIV,2003,5.3824,,,,,
Croatia,HRV,2003,22.751,,,,,
Cuba,CUB,2003,25.5326,,,,,
Cyprus,CYP,2003,7.7971,,,,,
Czech Republic,CZE,2003,122.4641,,,,,
Denmark,DNK,2003,58.7395,,,,,
Djibouti,DJI,2003,0.4067,,,,,
Dominica,DMA,2003,0.1136,,,,,
Dominican Republic,DOM,2003,19.6373,,,,,
Ecuador,ECU,2003,23.8123,,,,,
Egypt,EGY,2003,135.5321,,,,,
El Salvador,SLV,2003,6.6225,,,,,
Equatorial Guinea,GNQ,2003,4.9289,,,,,
Eritrea,ERI,2003,0.682,,,,,
Estonia,EST,2003,16.8128,,,,,
Ethiopia,ETH,2003,5.1343,,,,,
Fiji,FJI,2003,0.861,,,,,
Finland,FIN,2003,71.9738,,,,,
France,FRA,2003,394.9439,,,,,
Gabon,GAB,2003,4.431,,,,,
Gambia,GMB,2003,0.3151,,,,,
Georgia,GEO,2003,3.2922,,,,,
Germany,DEU,2003,842.5238,,,,,
Ghana,GHA,2003,7.2953,,,,,
Greece,GRC,2003,101.015,,,,,
Grenada,GRD,2003,0.2162,,,,,
Guatemala,GTM,2003,10.5266,,,,,
Guinea,GIN,2003,1.3374,,,,,
Guinea-Bissau,GNB,2003,0.1942,,,,,
Guyana,GUY,2003,1.5645,,,,,
Haiti,HTI,2003,1.7829,,,,,
Honduras,HND,2003,6.8102,,,,,
Hungary,HUN,2003,59.0728,,,,,
Iceland,ISL,2003,2.224,,,,,
India,IND,2003,1103.9226,,,,,
Indonesia,IDN,2003,351.7875,,,,,
Iran,IRN,2003,397.7173,,,,,
Iraq,IRQ,2003,77.4795,,,,,
Ireland,IRL,2003,43.6789,,,,,
Israel,ISR,2003,63.0983,,,,,
Italy,ITA,2003,473.3065,,,,,
Jamaica,JAM,2003,10.4941,,,,,
Japan,JPN,2003,1239.2457,,,,,
Jordan,JOR,2003,16.6514,,,,,
Kazakhstan,KAZ,2003,136.3824,,,,,
Kenya,KEN,2003,6.6944,,,,,
Kiribati,KIR,2003,0.0403,,,,,
Korea (North),PRK,2003,71.879,,,,,
Korea (South),KOR,2003,479.171,,,,,
Kuwait,KWT,2003,61.7695,,,,,
Kyrgyzstan,KGZ,2003,5.5774,,,,,
Laos,LAO,2003,1.1285,,,,,
Latvia,LVA,2003,7.5866,,,,,
Lebanon,LBN,2003,17.0719,,,,,
Lesotho,LSO,2003,0.2112,,,,,
Liberia,LBR,2003,0.5313,,,,,
Libya,LBY,2003,46.9494,,,,,
Lithuania,LTU,2003,12.3668,,,,,
Luxembourg,LUX,2003,10.1154,,,,,
"Macedonia, FYR",MKD,2003,9.0811,,,,,
Madagascar,MDG,2003,1.7001,,,,,
Malawi,MWI,2003,0.9563,,,,,
Malaysia,MYS,2003,141.6877,,,,,
Maldives,MDV,2003,0.5972,,,,,
Mali,MLI,2003,0.5386,,,,,
Malta,MLT,2003,2.58,,,,,
Mauritania,MRT,2003,1.4729,,,,,
Mauritius,MUS,2003,3.1474,,,,,
Mexico,MEX,2003,385.6873,,,,,
Moldova,MDA,2003,7.6082,,,,,
Mongolia,MNG,2003,9.1806,,,,,
Morocco,MAR,2003,38.1409,,,,,
Mozambique,MOZ,2003,1.9604,,,,,
Myanmar,MMR,2003,11.0023,,,,,
Namibia,NAM,2003,2.02,,,,,
Nauru,NRU,2003,0.0916,,,,,
Nepal,NPL,2003,3.0166,,,,,
Netherlands,NLD,2003,184.6956,,,,,
New Zealand,NZL,2003,34.1308,,,,,
Nicaragua,NIC,2003,4.3933,,,,,
Niger,NER,2003,0.8794,,,,,
Nigeria,NGA,2003,82.8059,,,,,
Niue,NIU,2003,0.0073,,,,,
Norway,NOR,2003,39.0642,,,,,
Oman,OMN,2003,28.2422,,,,,
Pakistan,PAK,2003,112.238,,,,,
Palau,PLW,2003,0.1905,,,,,
Panama,PAN,2003,5.6533,,,,,
Papua New Guinea,PNG,2003,3.9644,,,,,
Paraguay,PRY,2003,3.9401,,,,,
Peru,PER,2003,27.4201,,,,,
Philippines,PHL,2003,75.2281,,,,,
Poland,POL,2003,296.0574,,,,,
Portugal,PRT,2003,62.6586,,,,,
Qatar,QAT,2003,31.9623,,,,,
Romania,ROU,2003,100.0262,,,,,
Russian Federation,RUS,2003,1547.9398,,,,,
Rwanda,RWA,2003,0.6815,,,,,
Saint Kitts & Nevis,KNA,2003,0.2198,,,,,
Saint Lucia,LCA,2003,0.3591,,,,,
Saint Vincent & Grenadines,VCT,2003,0.1942,,,,,
Samoa,WSM,2003,0.1502,,,,,
Sao Tome & Principe,STP,2003,0.066,,,,,
Saudi Arabia,SAU,2003,303.441,,,,,
Senegal,SEN,2003,4.6727,,,,,
Serbia,SRB,2003,52.7632,,,,,
Seychelles,SYC,2003,0.5569,,,,,
Sierra Leone,SLE,2003,0.6522,,,,,
Singapore,SGP,2003,48.5933,,,,,
Slovakia,SVK,2003,40.031,,,,,
Slovenia,SVN,2003,15.8115,,,,,
Solomon Islands,SLB,2003,0.1795,,,,,
South Africa,ZAF,2003,324.5196,,,,,
Spain,ESP,2003,331.9891,,,,,
Sri Lanka,LKA,2003,12.5389,,,,,
Sudan,SDN,2003,8.1556,,,,,
Suriname,SUR,2003,2.2387,,,,,
Swaziland,SWZ,2003,1.0442,,,,,
Sweden,SWE,2003,56.1348,,,,,
Switzerland,CHE,2003,45.569,,,,,
Syria,SYR,2003,44.7833,,,,,
Taiwan,TWN,2003,255.904,,,,,
Tajikistan,TJK,2003,2.1743,,,,,
Tanzania,TZA,2003,3.8999,,,,,
Thailand,THA,2003,203.7695,,,,,
Togo,TGO,2003,1.4994,,,,,
Tonga,TON,2003,0.1759,,,,,
Trinidad & Tobago,TTO,2003,27.0011,,,,,
Tunisia,TUN,2003,22.4347,,,,,
Turkey,TUR,2003,219.6109,,,,,
Turkmenistan,TKM,2003,44.3135,,,,,
Uganda,UGA,2003,1.7074,,,,,
Ukraine,UKR,2003,334.2181,,,,,
United Arab Emirates,ARE,2003,106.8223,,,,,
United Kingdom,GBR,2003,542.8694,,,,,
United States of America,USA,2003,5732.9168,,,,,
Uruguay,URY,2003,4.724,,,,,
Uzbekistan,UZB,2003,120.9926,,,,,
Vanuatu,VUT,2003,0.0806,,,,,
Venezuela,VEN,2003,133.3559,,,,,
Vietnam,VNM,2003,73.372,,,,,
Yemen,YEM,2003,17.4394,,,,,
Zambia,ZMB,2003,2.1259,,,,,
Zimbabwe,ZWE,2003,10.3879,,,,,
World,WLD,2003,25763.2179,5548.400000000001,,,,
Afghanistan,AFG,2004,0.7365,,,,,
Albania,ALB,2004,4.4358,,,,,
Algeria,DZA,2004,86.9744,,,,,
Angola,AGO,2004,20.5044,,,,,
Antigua & Barbuda,ATG,2004,0.4067,,,,,
Argentina,ARG,2004,152.0189,,,,,
Armenia,ARM,2004,3.7092,,,,,
Australia,AUS,2004,380.671,,,,,
Austria,AUT,2004,75.8691,,,,,
Azerbaijan,AZE,2004,30.0108,,,,,
Bahamas,BHS,2004,1.7221,,,,,
Bahrain,BHR,2004,17.0079,,,,,
Bangladesh,BGD,2004,36.3515,,,,,
Barbados,BRB,2004,1.2934,,,,,
Belarus,BLR,2004,64.4093,,,,,
Belgium,BEL,2004,120.3552,,,,,
Belize,BLZ,2004,0.3811,,,,,
Benin,BEN,2004,2.5346,,,,,
Bhutan,BTN,2004,0.3078,,,,,
Bolivia,BOL,2004,9.6846,,,,,
Bosnia & Herzegovina,BIH,2004,15.4803,,,,,
Botswana,BWA,2004,4.1,,,,,
Brazil,BRA,2004,340.5358,,,,,
Brunei,BRN,2004,5.0409,,,,,
Bulgaria,BGR,2004,46.9556,,,,,
Burkina Faso,BFA,2004,1.1029,,,,,
Burundi,BDI,2004,0.1979,,,,,
Cambodia,KHM,2004,2.37,,,,,
Cameroon,CMR,2004,6.6178,,,,,
Canada,CAN,2004,561.4458,,,,,
Cape Verde,CPV,2004,0.2638,,,,,
Central African Republic,CAF,2004,0.2125,,,,,
Chad,TCD,2004,0.3774,,,,,
Chile,CHL,2004,59.8267,,,,,
China,CHN,2004,5320.6449,,,,,
Colombia,COL,2004,61.4462,,,,,
Comoros,COM,2004,0.1026,,,,,
Congo,COG,2004,3.0651,,,,,
"Congo, Dem. Republic",COD,2004,1.94,,,,,
Cook Islands,COK,2004,0.055,,,,,
Costa Rica,CRI,2004,6.1475,,,,,
Cote d'Ivoire,CIV,2004,5.7724,,,,,
Croatia,HRV,2004,22.298,,,,,
Cuba,CUB,2004,25.2719,,,,,
Cyprus,CYP,2004,7.7127,,,,,
Czech Republic,CZE,2004,123.7489,,,,,
Denmark,DNK,2004,53.3134,,,,,
Djibouti,DJI,2004,0.458,,,,,
Dominica,DMA,2004,0.1099,,,,,
Dominican Republic,DOM,2004,19.0827,,,,,
Ecuador,ECU,2004,24.2155,,,,,
Egypt,EGY,2004,146.71,,,,,
El Salvador,SLV,2004,6.5802,,,,,
Equatorial Guinea,GNQ,2004,5.716,,,,,
Eritrea,ERI,2004,0.682,,,,,
Estonia,EST,2004,17.0178,,,,,
Ethiopia,ETH,2004,5.4559,,,,,
Fiji,FJI,2004,1.1322,,,,,
Finland,FIN,2004,68.0049,,,,,
France,FRA,2004,395.7661,,,,,
Gabon,GAB,2004,4.471,,,,,
Gambia,GMB,2004,0.3224,,,,,
Georgia,GEO,2004,3.5525,,,,,
Germany,DEU,2004,846.1753,,,,,
Ghana,GHA,2004,6.8453,,,,,
Greece,GRC,2004,100.7829,,,,,
Grenada,GRD,2004,0.2052,,,,,
Guatemala,GTM,2004,11.2155,,,,,
Guinea,GIN,2004,1.3374,,,,,
Guinea-Bissau,GNB,2004,0.2015,,,,,
Guyana,GUY,2004,1.6268,,,,,
Haiti,HTI,2004,2.0402,,,,,
Honduras,HND,2004,7.4125,,,,,
Hungary,HUN,2004,57.9831,,,,,
Iceland,ISL,2004,2.2913,,,,,
India,IND,2004,1185.0572,,,,,
Indonesia,IDN,2004,355.7678,,,,,
Iran,IRN,2004,428.2056,,,,,
Iraq,IRQ,2004,76.7232,,,,,
Ireland,IRL,2004,44.7815,,,,,
Israel,ISR,2004,63.3634,,,,,
Italy,ITA,2004,481.1359,,,,,
Jamaica,JAM,2004,10.493,,,,,
Japan,JPN,2004,1239.2032,,,,,
Jordan,JOR,2004,18.7056,,,,,
Kazakhstan,KAZ,2004,147.4747,,,,,
Kenya,KEN,2004,7.6504,,,,,
Kiribati,KIR,2004,0.044,,,,,
Korea (North),PRK,2004,73.4566,,,,,
Korea (South),KOR,2004,498.2013,,,,,
Kuwait,KWT,2004,65.2722,,,,,
Kyrgyzstan,KGZ,2004,5.5724,,,,,
Laos,LAO,2004,1.4216,,,,,
Latvia,LVA,2004,7.6029,,,,,
Lebanon,LBN,2004,17.4611,,,,,
Lesotho,LSO,2004,0.2118,,,,,
Liberia,LBR,2004,0.6265,,,,,
Libya,LBY,2004,48.2138,,,,,
Lithuania,LTU,2004,13.0437,,,,,
Luxembourg,LUX,2004,11.5357,,,,,
"Macedonia, FYR",MKD,2004,8.8037,,,,,
Madagascar,MDG,2004,1.8064,,,,,
Malawi,MWI,2004,0.9746,,,,,
Malaysia,MYS,2004,153.5115,,,,,
Maldives,MDV,2004,0.7768,,,,,
Mali,MLI,2004,0.5643,,,,,
Malta,MLT,2004,2.58,,,,,
Mauritania,MRT,2004,1.6305,,,,,
Mauritius,MUS,2004,3.1877,,,,,
Mexico,MEX,2004,389.2583,,,,,
Moldova,MDA,2004,7.6798,,,,,
Mongolia,MNG,2004,9.3793,,,,,
Morocco,MAR,2004,41.8313,,,,,
Mozambique,MOZ,2004,1.9648,,,,,
Myanmar,MMR,2004,10.6167,,,,,
Namibia,NAM,2004,2.11,,,,,
Nauru,NRU,2004,0.0879,,,,,
Nepal,NPL,2004,2.8129,,,,,
Netherlands,NLD,2004,186.2624,,,,,
New Zealand,NZL,2004,33.9057,,,,,
Nicaragua,NIC,2004,4.3601,,,,,
Niger,NER,2004,0.9673,,,,,
Nigeria,NGA,2004,83.4659,,,,,
Niue,NIU,2004,0.0073,,,,,
Norway,NOR,2004,39.4107,,,,,
Oman,OMN,2004,28.0608,,,,,
Pakistan,PAK,2004,125.5446,,,,,
Palau,PLW,2004,0.1869,,,,,
Panama,PAN,2004,5.9003,,,,,
Papua New Guinea,PNG,2004,4.4774,,,,,
Paraguay,PRY,2004,3.9645,,,,,
Peru,PER,2004,31.9275,,,,,
Philippines,PHL,2004,76.6873,,,,,
Poland,POL,2004,299.7018,,,,,
Portugal,PRT,2004,64.1378,,,,,
Qatar,QAT,2004,35.0923,,,,,
Romania,ROU,2004,97.6807,,,,,
Russian Federation,RUS,2004,1556.9774,,,,,
Rwanda,RWA,2004,0.6852,,,,,
Saint Kitts & Nevis,KNA,2004,0.2272,,,,,
Saint Lucia,LCA,2004,0.3554,,,,,
Saint Vincent & Grenadines,VCT,2004,0.1942,,,,,
Samoa,WSM,2004,0.1539,,,,,
Sao Tome & Principe,STP,2004,0.0733,,,,,
Saudi Arabia,SAU,2004,322.8686,,,,,
Senegal,SEN,2004,5.6808,,,,,
Serbia,SRB,2004,57.331,,,,,
Seychelles,SYC,2004,0.7438,,,,,
Sierra Leone,SLE,2004,0.6412,,,,,
Singapore,SGP,2004,50.28,,,,,
Slovakia,SVK,2004,38.8631,,,,,
Slovenia,SVN,2004,15.9699,,,,,
Solomon Islands,SLB,2004,0.1795,,,,,
South Africa,ZAF,2004,341.7427,,,,,
Spain,ESP,2004,349.9705,,,,,
Sri Lanka,LKA,2004,13.0262,,,,,
Sudan,SDN,2004,9.0639,,,,,
Suriname,SUR,2004,2.29,,,,,
Swaziland,SWZ,2004,1.0296,,,,,
Sweden,SWE,2004,54.8497,,,,,
Switzerland,CHE,2004,46.0599,,,,,
Syria,SYR,2004,48.2503,,,,,
Taiwan,TWN,2004,264.6834,,,,,
Tajikistan,TJK,2004,2.5953,,,,,
Tanzania,TZA,2004,4.4482,,,,,
Thailand,THA,2004,222.4421,,,,,
Togo,TGO,2004,1.4394,,,,,
Tonga,TON,2004,0.1722,,,,,
Trinidad & Tobago,TTO,2004,28.4211,,,,,
Tunisia,TUN,2004,23.5261,,,,,
Turkey,TUR,2004,226.5831,,,,,
Turkmenistan,TKM,2004,46.2848,,,,,
Uganda,UGA,2004,1.8503,,,,,
Ukraine,UKR,2004,317.4881,,,,,
United Arab Emirates,ARE,2004,112.2796,,,,,
United Kingdom,GBR,2004,543.8,,,,,
United States of America,USA,2004,5818.2678,,,,,
Uruguay,URY,2004,5.6878,,,,,
Uzbekistan,UZB,2004,117.7045,,,,,
Vanuatu,VUT,2004,0.055,,,,,
Venezuela,VEN,2004,138.2138,,,,,
Vietnam,VNM,2004,87.0333,,,,,
Yemen,YEM,2004,18.4394,,,,,
Zambia,ZMB,2004,2.1342,,,,,
Zimbabwe,ZWE,2004,10.0392,,,,,
World,WLD,2004,26966.0081,5627.966666666667,,,,
Afghanistan,AFG,2005,1.0149,,,,,
Albania,ALB,2005,4.2355,,,,,
Algeria,DZA,2005,91.62,,,,,
Angola,AGO,2005,19.3739,,,,,
Antigua & Barbuda,ATG,2005,0.4104,,,,,
Argentina,ARG,2005,156.9005,,,,,
Armenia,ARM,2005,4.4204,,,,,
Australia,AUS,2005,384.8343,,,,,
Austria,AUT,2005,76.9417,,,,,
Azerbaijan,AZE,2005,31.5758,,,,,
Bahamas,BHS,2005,1.5975,,,,,
Bahrain,BHR,2005,18.3479,,,,,
Bangladesh,BGD,2005,39.3428,,,,,
Barbados,BRB,2005,1.352,,,,,
Belarus,BLR,2005,63.6409,,,,,
Belgium,BEL,2005,116.7849,,,,,
Belize,BLZ,2005,0.3957,,,,,
Benin,BEN,2005,2.7746,,,,,
Bhutan,BTN,2005,0.3957,,,,,
Bolivia,BOL,2005,10.4934,,,,,
Bosnia & Herzegovina,BIH,2005,16.143,,,,,
Botswana,BWA,2005,4.43,,,,,
Brazil,BRA,2005,346.5112,,,,,
Brunei,BRN,2005,4.9519,,,,,
Bulgaria,BGR,2005,47.9327,,,,,
Burkina Faso,BFA,2005,1.1248,,,,,
Burundi,BDI,2005,0.1539,,,,,
Cambodia,KHM,2005,2.64,,,,,
Cameroon,CMR,2005,6.7094,,,,,
Canada,CAN,2005,565.7163,,,,,
Cape Verde,CPV,2005,0.2931,,,,,
Central African Republic,CAF,2005,0.2125,,,,,
Chad,TCD,2005,0.3994,,,,,
Chile,CHL,2005,60.3109,,,,,
China,CHN,2005,5935.7137,,,,,
Colombia,COL,2005,63.8187,,,,,
Comoros,COM,2005,0.1099,,,,,
Congo,COG,2005,5.0451,,,,,
"Congo, Dem. Republic",COD,2005,2.27,,,,,
Cook Islands,COK,2005,0.0623,,,,,
Costa Rica,CRI,2005,6.6866,,,,,
Cote d'Ivoire,CIV,2005,6.1724,,,,,
Croatia,HRV,2005,22.4731,,,,,
Cuba,CUB,2005,26.0925,,,,,
Cyprus,CYP,2005,7.8877,,,,,
Czech Republic,CZE,2005,121.5722,,,,,
Denmark,DNK,2005,49.8434,,,,,
Djibouti,DJI,2005,0.4727,,,,,
Dominica,DMA,2005,0.1136,,,,,
Dominican Republic,DOM,2005,18.645,,,,,
Ecuador,ECU,2005,27.6824,,,,,
Egypt,EGY,2005,170.2717,,,,,
El Salvador,SLV,2005,6.8243,,,,,
Equatorial Guinea,GNQ,2005,4.9216,,,,,
Eritrea,ERI,2005,0.602,,,,,
Estonia,EST,2005,17.2327,,,,,
Ethiopia,ETH,2005,5.2604,,,,,
Fiji,FJI,2005,1.363,,,,,
Finland,FIN,2005,55.9278,,,,,
France,FRA,2005,398.9336,,,,,
Gabon,GAB,2005,4.6737,,,,,
Gambia,GMB,2005,0.3224,,,,,
Georgia,GEO,2005,4.5535,,,,,
Germany,DEU,2005,817.8173,,,,,
Ghana,GHA,2005,7.3377,,,,,
Greece,GRC,2005,102.5988,,,,,
Grenada,GRD,2005,0.2162,,,,,
Guatemala,GTM,2005,11.6945,,,,,
Guinea,GIN,2005,1.1798,,,,,
Guinea-Bissau,GNB,2005,0.2125,,,,,
Guyana,GUY,2005,1.4326,,,,,
Haiti,HTI,2005,2.1302,,,,,
Honduras,HND,2005,7.6288,,,,,
Hungary,HUN,2005,58.0849,,,,,
Iceland,ISL,2005,2.256,,,,,
India,IND,2005,1238.5019,,,,,
Indonesia,IDN,2005,360.9512,,,,,
Iran,IRN,2005,459.9119,,,,,
Iraq,IRQ,2005,90.4059,,,,,
Ireland,IRL,2005,46.4918,,,,,
Israel,ISR,2005,61.2544,,,,,
Italy,ITA,2005,480.8851,,,,,
Jamaica,JAM,2005,10.6614,,,,,
Japan,JPN,2005,1247.7281,,,,,
Jordan,JOR,2005,20.0352,,,,,
Kazakhstan,KAZ,2005,159.0322,,,,,
Kenya,KEN,2005,8.6189,,,,,
Kiribati,KIR,2005,0.0623,,,,,
Korea (North),PRK,2005,76.6596,,,,,
Korea (South),KOR,2005,494.7277,,,,,
Kuwait,KWT,2005,72.9734,,,,,
Kyrgyzstan,KGZ,2005,5.3336,,,,,
Laos,LAO,2005,1.4326,,,,,
Latvia,LVA,2005,7.7092,,,,,
Lebanon,LBN,2005,16.7737,,,,,
Lesotho,LSO,2005,0.2268,,,,,
Liberia,LBR,2005,0.7401,,,,,
Libya,LBY,2005,51.5055,,,,,
Lithuania,LTU,2005,13.894,,,,,
Luxembourg,LUX,2005,11.7574,,,,,
"Macedonia, FYR",MKD,2005,9.2233,,,,,
Madagascar,MDG,2005,1.7404,,,,,
Malawi,MWI,2005,0.916,,,,,
Malaysia,MYS,2005,162.7193,,,,,
Maldives,MDV,2005,0.6998,,,,,
Mali,MLI,2005,0.5679,,,,,
Malta,MLT,2005,2.71,,,,,
Mauritania,MRT,2005,1.6744,,,,,
Mauritius,MUS,2005,3.4075,,,,,
Mexico,MEX,2005,407.7915,,,,,
Moldova,MDA,2005,7.9988,,,,,
Mongolia,MNG,2005,9.535,,,,,
Montenegro,MNE,2005,1.68,,,,,
Morocco,MAR,2005,44.9313,,,,,
Mozambique,MOZ,2005,1.7655,,,,,
Myanmar,MMR,2005,11.1877,,,,,
Namibia,NAM,2005,2.47,,,,,
Nauru,NRU,2005,0.0879,,,,,
Nepal,NPL,2005,3.1829,,,,,
Netherlands,NLD,2005,183.9643,,,,,
New Zealand,NZL,2005,34.4568,,,,,
Nicaragua,NIC,2005,4.2938,,,,,
Niger,NER,2005,0.8281,,,,,
Nigeria,NGA,2005,97.3662,,,,,
Niue,NIU,2005,0.0073,,,,,
Norway,NOR,2005,38.2829,,,,,
Oman,OMN,2005,31.3232,,,,,
Pakistan,PAK,2005,128.9612,,,,,
Palau,PLW,2005,0.1905,,,,,
Panama,PAN,2005,7.344,,,,,
Papua New Guinea,PNG,2005,4.613,,,,,
Paraguay,PRY,2005,3.7148,,,,,
Peru,PER,2005,31.9407,,,,,
Philippines,PHL,2005,78.7875,,,,,
Poland,POL,2005,299.2357,,,,,
Portugal,PRT,2005,67.0163,,,,,
Qatar,QAT,2005,44.6814,,,,,
Romania,ROU,2005,98.7328,,,,,
Russian Federation,RUS,2005,1562.6482,,,,,
Rwanda,RWA,2005,0.5276,,,,,
Saint Kitts & Nevis,KNA,2005,0.2345,,,,,
Saint Lucia,LCA,2005,0.3664,,,,,
Saint Vincent & Grenadines,VCT,2005,0.1979,,,,,
Samoa,WSM,2005,0.1576,,,,,
Sao Tome & Principe,STP,2005,0.0769,,,,,
Saudi Arabia,SAU,2005,338.6436,,,,,
Senegal,SEN,2005,5.958,,,,,
Serbia,SRB,2005,50.5093,,,,,
Seychelles,SYC,2005,0.6962,,,,,
Sierra Leone,SLE,2005,0.5459,,,,,
Singapore,SGP,2005,49.59,,,,,
Slovakia,SVK,2005,39.8459,,,,,
Slovenia,SVN,2005,16.1469,,,,,
Solomon Islands,SLB,2005,0.1795,,,,,
South Africa,ZAF,2005,335.1982,,,,,
Spain,ESP,2005,364.5274,,,,,
Sri Lanka,LKA,2005,14.1675,,,,,
Sudan,SDN,2005,9.8949,,,,,
Suriname,SUR,2005,2.3779,,,,,
Swaziland,SWZ,2005,1.0149,,,,,
Sweden,SWE,2005,51.6884,,,,,
Switzerland,CHE,2005,46.5942,,,,,
Syria,SYR,2005,57.734,,,,,
Taiwan,TWN,2005,272.4511,,,,,
Tajikistan,TJK,2005,2.4646,,,,,
Tanzania,TZA,2005,5.7366,,,,,
Thailand,THA,2005,229.6533,,,,,
Togo,TGO,2005,1.3794,,,,,
Tonga,TON,2005,0.1576,,,,,
Trinidad & Tobago,TTO,2005,36.5665,,,,,
Tunisia,TUN,2005,24.2387,,,,,
Turkey,TUR,2005,237.6862,,,,,
Turkmenistan,TKM,2005,48.1424,,,,,
Uganda,UGA,2005,2.2827,,,,,
Ukraine,UKR,2005,311.6612,,,,,
United Arab Emirates,ARE,2005,114.9669,,,,,
United Kingdom,GBR,2005,541.5545,,,,,
United States of America,USA,2005,5828.6335,,,,,
Uruguay,URY,2005,5.5978,,,,,
Uzbekistan,UZB,2005,111.0745,,,,,
Vanuatu,VUT,2005,0.055,,,,,
Venezuela,VEN,2005,165.7065,,,,,
Vietnam,VNM,2005,95.7326,,,,,
Yemen,YEM,2005,19.4231,,,,,
Zambia,ZMB,2005,2.3062,,,,,
Zimbabwe,ZWE,2005,10.5604,,,,,
World,WLD,2005,27915.834,5380.099999999999,,,,
Afghanistan,AFG,2006,1.3374,,,,,
Albania,ALB,2006,4.1501,,,,,
Algeria,DZA,2006,96.291,,,,,
Angola,AGO,2006,20.7232,,,,,
Antigua & Barbuda,ATG,2006,0.425,,,,,
Argentina,ARG,2006,166.8018,,,,,
Armenia,ARM,2006,4.4514,,,,,
Australia,AUS,2006,389.6601,,,,,
Austria,AUT,2006,74.9182,,,,,
Azerbaijan,AZE,2006,31.0997,,,,,
Bahamas,BHS,2006,1.5206,,,,,
Bahrain,BHR,2006,20.3379,,,,,
Bangladesh,BGD,2006,42.1528,,,,,
Barbados,BRB,2006,1.3703,,,,,
Belarus,BLR,2006,67.8504,,,,,
Belgium,BEL,2006,114.1417,,,,,
Belize,BLZ,2006,0.4067,,,,,
Benin,BEN,2006,3.9538,,,,,
Bhutan,BTN,2006,0.392,,,,,
Bolivia,BOL,2006,11.346,,,,,
Bosnia & Herzegovina,BIH,2006,17.8419,,,,,
Botswana,BWA,2006,4.43,,,,,
Brazil,BRA,2006,352.1808,,,,,
Brunei,BRN,2006,7.3309,,,,,
Bulgaria,BGR,2006,49.4708,,,,,
Burkina Faso,BFA,2006,1.3593,,,,,
Burundi,BDI,2006,0.1869,,,,,
Cambodia,KHM,2006,2.95,,,,,
Cameroon,CMR,2006,7.049,,,,,
Canada,CAN,2006,547.1384,,,,,
Cape Verde,CPV,2006,0.3078,,,,,
Central African Republic,CAF,2006,0.2272,,,,,
Chad,TCD,2006,0.4067,,,,,
Chile,CHL,2006,61.9994,,,,,
China,CHN,2006,6529.7885,,,,,
Colombia,COL,2006,63.7067,,,,,
Comoros,COM,2006,0.1209,,,,,
Congo,COG,2006,5.1719,,,,,
"Congo, Dem. Republic",COD,2006,2.4613,,,,,
Cook Islands,COK,2006,0.066,,,,,
Costa Rica,CRI,2006,6.5962,,,,,
Cote d'Ivoire,CIV,2006,6.0195,,,,,
Croatia,HRV,2006,22.5517,,,,,
Cuba,CUB,2006,26.6021,,,,,
Cyprus,CYP,2006,7.9504,,,,,
Czech Republic,CZE,2006,122.7841,,,,,
Denmark,DNK,2006,58.0232,,,,,
Djibouti,DJI,2006,0.4873,,,,,
Dominica,DMA,2006,0.1099,,,,,
Dominican Republic,DOM,2006,20.4033,,,,,
Ecuador,ECU,2006,28.6487,,,,,
Egypt,EGY,2006,180.4291,,,,,
El Salvador,SLV,2006,7.1722,,,,,
Equatorial Guinea,GNQ,2006,5.4529,,,,,
Eritrea,ERI,2006,0.522,,,,,
Estonia,EST,2006,15.9414,,,,,
Ethiopia,ETH,2006,5.641,,,,,
Fiji,FJI,2006,1.3593,,,,,
Finland,FIN,2006,67.4991,,,,,
France,FRA,2006,390.7302,,,,,
Gabon,GAB,2006,4.0398,,,,,
Gambia,GMB,2006,0.3371,,,,,
Georgia,GEO,2006,5.0135,,,,,
Germany,DEU,2006,832.3991,,,,,
Ghana,GHA,2006,8.7277,,,,,
Greece,GRC,2006,101.9116,,,,,
Grenada,GRD,2006,0.2308,,,,,
Guatemala,GTM,2006,11.7245,,,,,
Guinea,GIN,2006,1.1798,,,,,
Guinea-Bissau,GNB,2006,0.2162,,,,,
Guyana,GUY,2006,1.2897,,,,,
Haiti,HTI,2006,2.1629,,,,,
Honduras,HND,2006,7.1617,,,,,
Hungary,HUN,2006,57.7307,,,,,
Iceland,ISL,2006,2.2996,,,,,
India,IND,2006,1338.9367,,,,,
Indonesia,IDN,2006,377.2755,,,,,
Iran,IRN,2006,501.687,,,,,
Iraq,IRQ,2006,74.1304,,,,,
Ireland,IRL,2006,47.6605,,,,,
Israel,ISR,2006,64.5584,,,,,
Italy,ITA,2006,478.397,,,,,
Jamaica,JAM,2006,12.0474,,,,,
Japan,JPN,2006,1232.032,,,,,
Jordan,JOR,2006,20.3986,,,,,
Kazakhstan,KAZ,2006,176.1529,,,,,
Kenya,KEN,2006,9.6945,,,,,
Kiribati,KIR,2006,0.0696,,,,,
Korea (North),PRK,2006,78.0504,,,,,
Korea (South),KOR,2006,503.5838,,,,,
Kuwait,KWT,2006,72.3117,,,,,
Kyrgyzstan,KGZ,2006,5.2176,,,,,
Laos,LAO,2006,1.5792,,,,,
Latvia,LVA,2006,8.1592,,,,,
Lebanon,LBN,2006,15.3171,,,,,
Lesotho,LSO,2006,0.2346,,,,,
Liberia,LBR,2006,0.7584,,,,,
Libya,LBY,2006,53.4369,,,,,
Lithuania,LTU,2006,14.1113,,,,,
Luxembourg,LUX,2006,11.6407,,,,,
"Macedonia, FYR",MKD,2006,9.2417,,,,,
Madagascar,MDG,2006,1.6818,,,,,
Malawi,MWI,2006,0.9563,,,,,
Malaysia,MYS,2006,169.4037,,,,,
Maldives,MDV,2006,0.8867,,,,,
Mali,MLI,2006,0.5679,,,,,
Malta,MLT,2006,2.58,,,,,
Mauritania,MRT,2006,1.6744,,,,,
Mauritius,MUS,2006,3.7739,,,,,
Mexico,MEX,2006,419.6133,,,,,
Moldova,MDA,2006,7.9077,,,,,
Mongolia,MNG,2006,10.5596,,,,,
Montenegro,MNE,2006,2.03,,,,,
Morocco,MAR,2006,45.4772,,,,,
Mozambique,MOZ,2006,1.9304,,,,,
Myanmar,MMR,2006,10.2307,,,,,
Namibia,NAM,2006,2.46,,,,,
Nauru,NRU,2006,0.0769,,,,,
Nepal,NPL,2006,2.6166,,,,,
Netherlands,NLD,2006,179.7669,,,,,
New Zealand,NZL,2006,34.595,,,,,
Nicaragua,NIC,2006,4.5038,,,,,
Niger,NER,2006,0.8061,,,,,
Nigeria,NGA,2006,91.4852,,,,,
Niue,NIU,2006,0.0073,,,,,
Norway,NOR,2006,39.3827,,,,,
Oman,OMN,2006,40.2552,,,,,
Pakistan,PAK,2006,140.1622,,,,,
Palau,PLW,2006,0.2015,,,,,
Panama,PAN,2006,7.724,,,,,
Papua New Guinea,PNG,2006,4.591,,,,,
Paraguay,PRY,2006,3.9904,,,,,
Peru,PER,2006,31.909,,,,,
Philippines,PHL,2006,71.1918,,,,,
Poland,POL,2006,311.68,,,,,
Portugal,PRT,2006,60.525,,,,,
Qatar,QAT,2006,48.7389,,,,,
Romania,ROU,2006,100.971,,,,,
Russian Federation,RUS,2006,1621.6512,,,,,
Rwanda,RWA,2006,0.5276,,,,,
Saint Kitts & Nevis,KNA,2006,0.2345,,,,,
Saint Lucia,LCA,2006,0.3664,,,,,
Saint Vincent & Grenadines,VCT,2006,0.2015,,,,,
Samoa,WSM,2006,0.1576,,,,,
Sao Tome & Principe,STP,2006,0.0843,,,,,
Saudi Arabia,SAU,2006,357.1477,,,,,
Senegal,SEN,2006,5.8863,,,,,
Serbia,SRB,2006,53.0922,,,,,
Seychelles,SYC,2006,0.7438,,,,,
Sierra Leone,SLE,2006,0.7328,,,,,
Singapore,SGP,2006,53.26,,,,,
Slovakia,SVK,2006,39.2615,,,,,
Slovenia,SVN,2006,16.5339,,,,,
Solomon Islands,SLB,2006,0.1795,,,,,
South Africa,ZAF,2006,336.0457,,,,,
Spain,ESP,2006,358.7831,,,,,
Sri Lanka,LKA,2006,12.6588,,,,,
Sudan,SDN,2006,12.1389,,,,,
Suriname,SUR,2006,2.4402,,,,,
Swaziland,SWZ,2006,1.0149,,,,,
Sweden,SWE,2006,49.4893,,,,,
Switzerland,CHE,2006,46.2415,,,,,
Syria,SYR,2006,60.8025,,,,,
Taiwan,TWN,2006,279.3743,,,,,
Tajikistan,TJK,2006,2.6792,,,,,
Tanzania,TZA,2006,6.1815,,,,,
Thailand,THA,2006,232.5454,,,,,
Togo,TGO,2006,1.2894,,,,,
Tonga,TON,2006,0.1759,,,,,
Trinidad & Tobago,TTO,2006,41.4627,,,,,
Tunisia,TUN,2006,24.8317,,,,,
Turkey,TUR,2006,263.3448,,,,,
Turkmenistan,TKM,2006,49.378,,,,,
Uganda,UGA,2006,2.6527,,,,,
Ukraine,UKR,2006,317.1244,,,,,
United Arab Emirates,ARE,2006,122.7874,,,,,
United Kingdom,GBR,2006,543.2663,,,,,
United States of America,USA,2006,5741.8623,,,,,
Uruguay,URY,2006,6.5178,,,,,
Uzbekistan,UZB,2006,115.3296,,,,,
Vanuatu,VUT,2006,0.0476,,,,,
Venezuela,VEN,2006,163.6681,,,,,
Vietnam,VNM,2006,99.8712,,,,,
Yemen,YEM,2006,19.7228,,,,,
Zambia,ZMB,2006,2.2648,,,,,
Zimbabwe,ZWE,2006,9.7381,,,,,
World,WLD,2006,28826.409,5380.099999999999,,,,
Afghanistan,AFG,2007,1.9896,,,,,
Albania,ALB,2007,4.3133,,,,,
Algeria,DZA,2007,103.6753,,,,,
Angola,AGO,2007,23.403,,,,,
Antigua & Barbuda,ATG,2007,0.4433,,,,,
Argentina,ARG,2007,173.5996,,,,,
Armenia,ARM,2007,5.1491,,,,,
Australia,AUS,2007,399.7881,,,,,
Austria,AUT,2007,72.6041,,,,,
Azerbaijan,AZE,2007,27.6927,,,,,
Bahamas,BHS,2007,1.5425,,,,,
Bahrain,BHR,2007,21.3879,,,,,
Bangladesh,BGD,2007,45.7728,,,,,
Barbados,BRB,2007,1.4253,,,,,
Belarus,BLR,2007,65.7953,,,,,
Belgium,BEL,2007,110.8205,,,,,
Belize,BLZ,2007,0.425,,,,,
Benin,BEN,2007,4.5231,,,,,
Bhutan,BTN,2007,0.392,,,,,
Bolivia,BOL,2007,12.3127,,,,,
Bosnia & Herzegovina,BIH,2007,18.7975,,,,,
Botswana,BWA,2007,4.44,,,,,
Brazil,BRA,2007,369.3556,,,,,
Brunei,BRN,2007,6.9389,,,,,
Bulgaria,BGR,2007,52.8684,,,,,
Burkina Faso,BFA,2007,1.6451,,,,,
Burundi,BDI,2007,0.1905,,,,,
Cambodia,KHM,2007,3.434,,,,,
Cameroon,CMR,2007,8.1223,,,,,
Canada,CAN,2007,573.7532,,,,,
Cape Verde,CPV,2007,0.3114,,,,,
Central African Republic,CAF,2007,0.2345,,,,,
Chad,TCD,2007,0.4617,,,,,
Chile,CHL,2007,69.6914,,,,,
China,CHN,2007,6994.716,,,,,
Colombia,COL,2007,64.4997,,,,,
Comoros,COM,2007,0.1209,,,,,
Congo,COG,2007,5.2256,,,,,
"Congo, Dem. Republic",COD,2007,2.6513,,,,,
Cook Islands,COK,2007,0.066,,,,,
Costa Rica,CRI,2007,7.7368,,,,,
Cote d'Ivoire,CIV,2007,5.8845,,,,,
Croatia,HRV,2007,23.838,,,,,
Cuba,CUB,2007,27.4097,,,,,
Cyprus,CYP,2007,8.2843,,,,,
Czech Republic,CZE,2007,124.4602,,,,,
Denmark,DNK,2007,53.2661,,,,,
Djibouti,DJI,2007,0.4873,,,,,
Dominica,DMA,2007,0.1502,,,,,
Dominican Republic,DOM,2007,20.8745,,,,,
Ecuador,ECU,2007,29.9226,,,,,
Egypt,EGY,2007,194.4476,,,,,
El Salvador,SLV,2007,7.5785,,,,,
Equatorial Guinea,GNQ,2007,5.2633,,,,,
Eritrea,ERI,2007,0.512,,,,,
Estonia,EST,2007,19.7253,,,,,
Ethiopia,ETH,2007,6.1697,,,,,
Fiji,FJI,2007,1.2018,,,,,
Finland,FIN,2007,65.4484,,,,,
France,FRA,2007,384.1829,,,,,
Gabon,GAB,2007,3.9792,,,,,
Gambia,GMB,2007,0.392,,,,,
Georgia,GEO,2007,5.7135,,,,,
Germany,DEU,2007,805.9501,,,,,
Ghana,GHA,2007,9.1277,,,,,
Greece,GRC,2007,106.1463,,,,,
Grenada,GRD,2007,0.2382,,,,,
Guatemala,GTM,2007,12.6158,,,,,
Guinea,GIN,2007,1.2091,,,,,
Guinea-Bissau,GNB,2007,0.2308,,,,,
Guyana,GUY,2007,1.5645,,,,,
Haiti,HTI,2007,2.1829,,,,,
Honduras,HND,2007,8.9167,,,,,
Hungary,HUN,2007,55.903,,,,,
Iceland,ISL,2007,2.3696,,,,,
India,IND,2007,1442.9457,,,,,
Indonesia,IDN,2007,390.6988,,,,,
Iran,IRN,2007,537.6287,,,,,
Iraq,IRQ,2007,80.6019,,,,,
Ireland,IRL,2007,46.8313,,,,,
Israel,ISR,2007,66.6544,,,,,
Italy,ITA,2007,470.9614,,,,,
Jamaica,JAM,2007,11.9568,,,,,
Japan,JPN,2007,1267.2171,,,,,
Jordan,JOR,2007,21.2928,,,,,
Kazakhstan,KAZ,2007,190.8596,,,,,
Kenya,KEN,2007,9.7877,,,,,
Kiribati,KIR,2007,0.0513,,,,,
Korea (North),PRK,2007,65.0558,,,,,
Korea (South),KOR,2007,516.4334,,,,,
Kuwait,KWT,2007,71.6689,,,,,
Kyrgyzstan,KGZ,2007,5.8719,,,,,
Laos,LAO,2007,1.6708,,,,,
Latvia,LVA,2007,8.4902,,,,,
Lebanon,LBN,2007,13.9776,,,,,
Lesotho,LSO,2007,0.2384,,,,,
Liberia,LBR,2007,0.6778,,,,,
Libya,LBY,2007,52.1234,,,,,
Lithuania,LTU,2007,14.9696,,,,,
Luxembourg,LUX,2007,11.1486,,,,,
"Macedonia, FYR",MKD,2007,9.6927,,,,,
Madagascar,MDG,2007,1.81,,,,,
Malawi,MWI,2007,0.9526,,,,,
Malaysia,MYS,2007,183.8461,,,,,
Maldives,MDV,2007,0.916,,,,,
Mali,MLI,2007,0.5789,,,,,
Malta,MLT,2007,2.73,,,,,
Mauritania,MRT,2007,1.9126,,,,,
Mauritius,MUS,2007,3.8838,,,,,
Mexico,MEX,2007,439.4906,,,,,
Moldova,MDA,2007,7.8194,,,,,
Mongolia,MNG,2007,11.1879,,,,,
Montenegro,MNE,2007,1.76,,,,,
Morocco,MAR,2007,47.8754,,,,,
Mozambique,MOZ,2007,2.4298,,,,,
Myanmar,MMR,2007,10.6174,,,,,
Namibia,NAM,2007,2.54,,,,,
Nauru,NRU,2007,0.0879,,,,,
Nepal,NPL,2007,2.7002,,,,,
Netherlands,NLD,2007,182.4214,,,,,
New Zealand,NZL,2007,33.565,,,,,
Nicaragua,NIC,2007,4.6238,,,,,
Niger,NER,2007,0.8207,,,,,
Nigeria,NGA,2007,89.1513,,,,,
Niue,NIU,2007,0.0073,,,,,
Norway,NOR,2007,39.9475,,,,,
Oman,OMN,2007,44.4176,,,,,
Pakistan,PAK,2007,154.2977,,,,,
Palau,PLW,2007,0.2088,,,,,
Panama,PAN,2007,7.574,,,,,
Papua New Guinea,PNG,2007,4.8988,,,,,
Paraguay,PRY,2007,4.1404,,,,,
Peru,PER,2007,34.6525,,,,,
Philippines,PHL,2007,75.1611,,,,,
Poland,POL,2007,312.2092,,,,,
Portugal,PRT,2007,62.2148,,,,,
Qatar,QAT,2007,55.3861,,,,,
Romania,ROU,2007,99.6324,,,,,
Russian Federation,RUS,2007,1626.3581,,,,,
Rwanda,RWA,2007,0.5533,,,,,
Saint Kitts & Nevis,KNA,2007,0.2492,,,,,
Saint Lucia,LCA,2007,0.3847,,,,,
Saint Vincent & Grenadines,VCT,2007,0.2015,,,,,
Samoa,WSM,2007,0.1612,,,,,
Sao Tome & Principe,STP,2007,0.0843,,,,,
Saudi Arabia,SAU,2007,370.877,,,,,
Senegal,SEN,2007,6.5419,,,,,
Serbia,SRB,2007,51.2182,,,,,
Seychelles,SYC,2007,0.6522,,,,,
Sierra Leone,SLE,2007,0.6339,,,,,
Singapore,SGP,2007,54.02,,,,,
Slovakia,SVK,2007,38.7735,,,,,
Slovenia,SVN,2007,16.4785,,,,,
Solomon Islands,SLB,2007,0.1979,,,,,
South Africa,ZAF,2007,361.964,,,,,
Spain,ESP,2007,370.9675,,,,,
Sri Lanka,LKA,2007,13.8464,,,,,
Sudan,SDN,2007,12.8312,,,,,
Suriname,SUR,2007,2.4402,,,,,
Swaziland,SWZ,2007,1.0626,,,,,
Sweden,SWE,2007,47.8193,,,,,
Switzerland,CHE,2007,44.2232,,,,,
Syria,SYR,2007,64.3968,,,,,
Taiwan,TWN,2007,284.3758,,,,,
Tajikistan,TJK,2007,3.2676,,,,,
Tanzania,TZA,2007,6.1234,,,,,
Thailand,THA,2007,235.2041,,,,,
Togo,TGO,2007,1.2894,,,,,
Tonga,TON,2007,0.1539,,,,,
Trinidad & Tobago,TTO,2007,42.9485,,,,,
Tunisia,TUN,2007,25.1229,,,,,
Turkey,TUR,2007,289.6971,,,,,
Turkmenistan,TKM,2007,55.969,,,,,
Uganda,UGA,2007,3.1254,,,,,
Ukraine,UKR,2007,321.4046,,,,,
United Arab Emirates,ARE,2007,138.3731,,,,,
United Kingdom,GBR,2007,530.0609,,,,,
United States of America,USA,2007,5819.0165,,,,,
Uruguay,URY,2007,6.1078,,,,,
Uzbekistan,UZB,2007,115.599,,,,,
Vanuatu,VUT,2007,0.0953,,,,,
Venezuela,VEN,2007,154.9685,,,,,
Vietnam,VNM,2007,110.8894,,,,,
Yemen,YEM,2007,20.971,,,,,
Zambia,ZMB,2007,1.6875,,,,,
Zimbabwe,ZWE,2007,9.5879,,,,,
World,WLD,2007,29828.5913,5380.099999999999,,,,
Afghanistan,AFG,2008,3.9205,,,,,
Albania,ALB,2008,4.268,,,,,
Algeria,DZA,2008,107.9449,,,,,
Angola,AGO,2008,25.0796,,,,,
Antigua & Barbuda,ATG,2008,0.458,,,,,
Argentina,ARG,2008,184.7291,,,,,
Armenia,ARM,2008,5.6447,,,,,
Australia,AUS,2008,402.3907,,,,,
Austria,AUT,2008,73.2554,,,,,
Azerbaijan,AZE,2008,29.9951,,,,,
Bahamas,BHS,2008,1.0442,,,,,
Bahrain,BHR,2008,22.5798,,,,,
Bangladesh,BGD,2008,49.3415,,,,,
Barbados,BRB,2008,1.6305,,,,,
Belarus,BLR,2008,66.3731,,,,,
Belgium,BEL,2008,114.7034,,,,,
Belize,BLZ,2008,0.4067,,,,,
Benin,BEN,2008,4.5475,,,,,
Bhutan,BTN,2008,0.4177,,,,,
Bolivia,BOL,2008,13.4146,,,,,
Bosnia & Herzegovina,BIH,2008,20.6198,,,,,
Botswana,BWA,2008,4.52,,,,,
Brazil,BRA,2008,391.9075,,,,,
Brunei,BRN,2008,7.3309,,,,,
Bulgaria,BGR,2008,51.5439,,,,,
Burkina Faso,BFA,2008,1.6964,,,,,
Burundi,BDI,2008,0.2492,,,,,
Cambodia,KHM,2008,3.9147,,,,,
Cameroon,CMR,2008,8.199,,,,,
Canada,CAN,2008,562.0074,,,,,
Cape Verde,CPV,2008,0.3078,,,,,
Central African Republic,CAF,2008,0.2345,,,,,
Chad,TCD,2008,0.5093,,,,,
Chile,CHL,2008,71.1403,,,,,
China,CHN,2008,7187.6056,,,,,
Colombia,COL,2008,65.2171,,,,,
Comoros,COM,2008,0.1246,,,,,
Congo,COG,2008,5.447,,,,,
"Congo, Dem. Republic",COD,2008,2.8813,,,,,
Cook Islands,COK,2008,0.0696,,,,,
Costa Rica,CRI,2008,7.8358,,,,,
Cote d'Ivoire,CIV,2008,6.6495,,,,,
Croatia,HRV,2008,22.7837,,,,,
Cuba,CUB,2008,25.9321,,,,,
Cyprus,CYP,2008,8.5007,,,,,
Czech Republic,CZE,2008,119.6486,,,,,
Denmark,DNK,2008,50.1438,,,,,
Djibouti,DJI,2008,0.524,,,,,
Dominica,DMA,2008,0.1282,,,,,
Dominican Republic,DOM,2008,21.3632,,,,,
Ecuador,ECU,2008,31.6275,,,,,
Egypt,EGY,2008,197.0727,,,,,
El Salvador,SLV,2008,6.8185,,,,,
Equatorial Guinea,GNQ,2008,4.9225,,,,,
Eritrea,ERI,2008,0.442,,,,,
Estonia,EST,2008,18.113,,,,,
Ethiopia,ETH,2008,6.6423,,,,,
Fiji,FJI,2008,1.0772,,,,,
Finland,FIN,2008,57.8084,,,,,
France,FRA,2008,380.9025,,,,,
Gabon,GAB,2008,4.0392,,,,,
Gambia,GMB,2008,0.4104,,,,,
Georgia,GEO,2008,4.9835,,,,,
Germany,DEU,2008,812.9435,,,,,
Ghana,GHA,2008,8.2477,,,,,
Greece,GRC,2008,102.482,,,,,
Grenada,GRD,2008,0.2601,,,,,
Guatemala,GTM,2008,11.3958,,,,,
Guinea,GIN,2008,1.2128,,,,,
Guinea-Bissau,GNB,2008,0.2272,,,,,
Guyana,GUY,2008,1.5572,,,,,
Haiti,HTI,2008,2.3829,,,,,
Honduras,HND,2008,8.6804,,,,,
Hungary,HUN,2008,54.7876,,,,,
Iceland,ISL,2008,2.1796,,,,,
India,IND,2008,1545.7503,,,,,
Indonesia,IDN,2008,385.4127,,,,,
Iran,IRN,2008,550.6606,,,,,
Iraq,IRQ,2008,88.2171,,,,,
Ireland,IRL,2008,45.7319,,,,,
Israel,ISR,2008,66.7928,,,,,
Italy,ITA,2008,456.5117,,,,,
Jamaica,JAM,2008,11.3127,,,,,
Japan,JPN,2008,1178.4679,,,,,
Jordan,JOR,2008,20.7061,,,,,
Kazakhstan,KAZ,2008,231.0992,,,,,
Kenya,KEN,2008,10.3506,,,,,
Kiribati,KIR,2008,0.055,,,,,
Korea (North),PRK,2008,72.155,,,,,
Korea (South),KOR,2008,527.5096,,,,,
Kuwait,KWT,2008,76.0718,,,,,
Kyrgyzstan,KGZ,2008,6.5882,,,,,
Laos,LAO,2008,1.7404,,,,,
Latvia,LVA,2008,8.0639,,,,,
Lebanon,LBN,2008,17.9478,,,,,
Lesotho,LSO,2008,0.2398,,,,,
Liberia,LBR,2008,0.5752,,,,,
Libya,LBY,2008,54.6121,,,,,
Lithuania,LTU,2008,14.7649,,,,,
Luxembourg,LUX,2008,11.0723,,,,,
"Macedonia, FYR",MKD,2008,9.468,,,,,
Madagascar,MDG,2008,1.9419,,,,,
Malawi,MWI,2008,1.1542,,,,,
Malaysia,MYS,2008,195.6524,,,,,
Maldives,MDV,2008,1.0076,,,,,
Mali,MLI,2008,0.5936,,,,,
Malta,MLT,2008,2.57,,,,,
Mauritania,MRT,2008,2.0189,,,,,
Mauritius,MUS,2008,3.9498,,,,,
Mexico,MEX,2008,446.7747,,,,,
Moldova,MDA,2008,7.8537,,,,,
Mongolia,MNG,2008,11.3356,,,,,
Montenegro,MNE,2008,2.36,,,,,
Morocco,MAR,2008,50.0082,,,,,
Mozambique,MOZ,2008,2.3801,,,,,
Myanmar,MMR,2008,8.0104,,,,,
Namibia,NAM,2008,2.9,,,,,
Nauru,NRU,2008,0.0879,,,,,
Nepal,NPL,2008,2.9966,,,,,
Netherlands,NLD,2008,184.3343,,,,,
New Zealand,NZL,2008,34.8429,,,,,
Nicaragua,NIC,2008,4.4338,,,,,
Niger,NER,2008,0.916,,,,,
Nigeria,NGA,2008,86.0083,,,,,
Niue,NIU,2008,0.0073,,,,,
Norway,NOR,2008,39.3231,,,,,
Oman,OMN,2008,54.8896,,,,,
Pakistan,PAK,2008,148.6559,,,,,
Palau,PLW,2008,0.2088,,,,,
Panama,PAN,2008,7.5297,,,,,
Papua New Guinea,PNG,2008,3.4735,,,,,
Paraguay,PRY,2008,4.0604,,,,,
Peru,PER,2008,39.6021,,,,,
Philippines,PHL,2008,77.4386,,,,,
Poland,POL,2008,307.4172,,,,,
Portugal,PRT,2008,59.5521,,,,,
Qatar,QAT,2008,61.7429,,,,,
Romania,ROU,2008,98.5428,,,,,
Russian Federation,RUS,2008,1647.6893,,,,,
Rwanda,RWA,2008,0.5423,,,,,
Saint Kitts & Nevis,KNA,2008,0.2492,,,,,
Saint Lucia,LCA,2008,0.3957,,,,,
Saint Vincent & Grenadines,VCT,2008,0.2015,,,,,
Samoa,WSM,2008,0.1612,,,,,
Sao Tome & Principe,STP,2008,0.0843,,,,,
Saudi Arabia,SAU,2008,397.5278,,,,,
Senegal,SEN,2008,6.5052,,,,,
Serbia,SRB,2008,50.1711,,,,,
Seychelles,SYC,2008,0.7072,,,,,
Sierra Leone,SLE,2008,0.6632,,,,,
Singapore,SGP,2008,55.21,,,,,
Slovakia,SVK,2008,38.5406,,,,,
Slovenia,SVN,2008,17.3885,,,,,
Solomon Islands,SLB,2008,0.1979,,,,,
South Africa,ZAF,2008,389.7424,,,,,
Spain,ESP,2008,338.0827,,,,,
Sri Lanka,LKA,2008,13.1177,,,,,
Sudan,SDN,2008,13.9846,,,,,
Suriname,SUR,2008,2.4402,,,,,
Swaziland,SWZ,2008,1.0919,,,,,
Sweden,SWE,2008,45.8536,,,,,
Switzerland,CHE,2008,45.7932,,,,,
Syria,SYR,2008,65.634,,,,,
Taiwan,TWN,2008,271.496,,,,,
Tajikistan,TJK,2008,3.0753,,,,,
Tanzania,TZA,2008,6.5108,,,,,
Thailand,THA,2008,238.2135,,,,,
Togo,TGO,2008,1.4994,,,,,
Tonga,TON,2008,0.1612,,,,,
Trinidad & Tobago,TTO,2008,41.1499,,,,,
Tunisia,TUN,2008,25.7457,,,,,
Turkey,TUR,2008,290.4602,,,,,
Turkmenistan,TKM,2008,56.753,,,,,
Uganda,UGA,2008,3.1584,,,,,
Ukraine,UKR,2008,312.4443,,,,,
United Arab Emirates,ARE,2008,158.2781,,,,,
United Kingdom,GBR,2008,519.0435,,,,,
United States of America,USA,2008,5639.8193,,,,,
Uruguay,URY,2008,8.0078,,,,,
Uzbekistan,UZB,2008,118.3703,,,,,
Vanuatu,VUT,2008,0.0916,,,,,
Venezuela,VEN,2008,192.8575,,,,,
Vietnam,VNM,2008,122.8766,,,,,
Yemen,YEM,2008,21.8116,,,,,
Zambia,ZMB,2008,1.8685,,,,,
Zimbabwe,ZWE,2008,7.4379,,,,,
World,WLD,2008,30076.5144,5380.099999999999,,,,
Afghanistan,AFG,2009,6.5183,,,,,
Albania,ALB,2009,4.0033,,,,,
Algeria,DZA,2009,117.0327,,,,,
Angola,AGO,2009,27.2276,,,,,
Antigua & Barbuda,ATG,2009,0.4983,,,,,
Argentina,ARG,2009,178.3302,,,,,
Armenia,ARM,2009,4.4945,,,,,
Australia,AUS,2009,409.5865,,,,,
Austria,AUT,2009,66.5256,,,,,
Azerbaijan,AZE,2009,25.4412,,,,,
Bahamas,BHS,2009,1.6378,,,,,
Bahrain,BHR,2009,22.8681,,,,,
Bangladesh,BGD,2009,52.7215,,,,,
Barbados,BRB,2009,1.6232,,,,,
Belarus,BLR,2009,64.3591,,,,,
Belgium,BEL,2009,105.5763,,,,,
Belize,BLZ,2009,0.414,,,,,
Benin,BEN,2009,4.8975,,,,,
Bhutan,BTN,2009,0.3884,,,,,
Bolivia,BOL,2009,14.1303,,,,,
Bosnia & Herzegovina,BIH,2009,20.2749,,,,,
Botswana,BWA,2009,4.27,,,,,
Brazil,BRA,2009,370.3887,,,,,
Brunei,BRN,2009,7.5299,,,,,
Bulgaria,BGR,2009,43.7564,,,,,
Burkina Faso,BFA,2009,1.6635,,,,,
Burundi,BDI,2009,0.1759,,,,,
Cambodia,KHM,2009,4.0247,,,,,
Cameroon,CMR,2009,8.729,,,,,
Canada,CAN,2009,527.8556,,,,,
Cape Verde,CPV,2009,0.3114,,,,,
Central African Republic,CAF,2009,0.2345,,,,,
Chad,TCD,2009,0.4433,,,,,
Chile,CHL,2009,67.4264,,,,,
China,CHN,2009,7612.1718,,,,,
Colombia,COL,2009,67.7412,,,,,
Comoros,COM,2009,0.1246,,,,,
Congo,COG,2009,5.4743,,,,,
"Congo, Dem. Republic",COD,2009,2.935,,,,,
Cook Islands,COK,2009,0.0696,,,,,
Costa Rica,CRI,2009,7.0275,,,,,
Cote d'Ivoire,CIV,2009,6.3592,,,,,
Croatia,HRV,2009,21.1743,,,,,
Cuba,CUB,2009,32.6718,,,,,
Cyprus,CYP,2009,8.1965,,,,,
Czech Republic,CZE,2009,111.9337,,,,,
Denmark,DNK,2009,47.8403,,,,,
Djibouti,DJI,2009,0.5313,,,,,
Dominica,DMA,2009,0.1282,,,,,
Dominican Republic,DOM,2009,19.5749,,,,,
Ecuador,ECU,2009,34.13,,,,,
Egypt,EGY,2009,197.4786,,,,,
El Salvador,SLV,2009,6.7746,,,,,
Equatorial Guinea,GNQ,2009,5.4912,,,,,
Eritrea,ERI,2009,0.462,,,,,
Estonia,EST,2009,14.8212,,,,,
Ethiopia,ETH,2009,6.9468,,,,,
Fiji,FJI,2009,0.8464,,,,,
Finland,FIN,2009,55.614,,,,,
France,FRA,2009,358.4997,,,,,
Gabon,GAB,2009,4.1092,,,,,
Gambia,GMB,2009,0.436,,,,,
Georgia,GEO,2009,5.7824,,,,,
Germany,DEU,2009,754.0807,,,,,
Ghana,GHA,2009,10.0077,,,,,
Greece,GRC,2009,98.1929,,,,,
Grenada,GRD,2009,0.2528,,,,,
Guatemala,GTM,2009,11.8775,,,,,
Guinea,GIN,2009,1.2274,,,,,
Guinea-Bissau,GNB,2009,0.2345,,,,,
Guyana,GUY,2009,1.5535,,,,,
Haiti,HTI,2009,2.4029,,,,,
Honduras,HND,2009,8.2177,,,,,
Hungary,HUN,2009,49.7589,,,,,
Iceland,ISL,2009,2.1296,,,,,
India,IND,2009,1744.5082,,,,,
Indonesia,IDN,2009,399.4005,,,,,
Iran,IRN,2009,567.9721,,,,,
Iraq,IRQ,2009,106.332,,,,,
Ireland,IRL,2009,40.5671,,,,,
Israel,ISR,2009,65.9535,,,,,
Italy,ITA,2009,407.5065,,,,,
Jamaica,JAM,2009,7.8264,,,,,
Japan,JPN,2009,1116.3978,,,,,
Jordan,JOR,2009,21.2143,,,,,
Kazakhstan,KAZ,2009,202.1859,,,,,
Kenya,KEN,2009,12.3861,,,,,
Kiribati,KIR,2009,0.0403,,,,,
Korea (North),PRK,2009,69.5177,,,,,
Korea (South),KOR,2009,540.5975,,,,,
Kuwait,KWT,2009,81.1513,,,,,
Kyrgyzstan,KGZ,2009,5.4795,,,,,
Laos,LAO,2009,1.81,,,,,
Latvia,LVA,2009,7.4924,,,,,
Lebanon,LBN,2009,21.7802,,,,,
Lesotho,LSO,2009,0.2346,,,,,
Liberia,LBR,2009,0.5276,,,,,
Libya,LBY,2009,61.2925,,,,,
Lithuania,LTU,2009,12.7195,,,,,
Luxembourg,LUX,2009,10.4883,,,,,
"Macedonia, FYR",MKD,2009,8.8543,,,,,
Madagascar,MDG,2009,1.821,,,,,
Malawi,MWI,2009,1.0589,,,,,
Malaysia,MYS,2009,181.0506,,,,,
Maldives,MDV,2009,1.0662,,,,,
Mali,MLI,2009,0.6119,,,,,
Malta,MLT,2009,2.45,,,,,
Mauritania,MRT,2009,2.2094,,,,,
Mauritius,MUS,2009,3.8655,,,,,
Mexico,MEX,2009,430.0009,,,,,
Moldova,MDA,2009,7.6781,,,,,
Mongolia,MNG,2009,11.8372,,,,,
Montenegro,MNE,2009,1.62,,,,,
Morocco,MAR,2009,49.9064,,,,,
Mozambique,MOZ,2009,2.6284,,,,,
Myanmar,MMR,2009,7.5067,,,,,
Namibia,NAM,2009,2.99,,,,,
Nauru,NRU,2009,0.0843,,,,,
Nepal,NPL,2009,3.5566,,,,,
Netherlands,NLD,2009,177.5609,,,,,
New Zealand,NZL,2009,32.0305,,,,,
Nicaragua,NIC,2009,4.4338,,,,,
Niger,NER,2009,1.0845,,,,,
Nigeria,NGA,2009,70.4183,,,,,
Niue,NIU,2009,0.0073,,,,,
Norway,NOR,2009,38.8166,,,,,
Oman,OMN,2009,58.3471,,,,,
Pakistan,PAK,2009,153.4425,,,,,
Palau,PLW,2009,0.2088,,,,,
Panama,PAN,2009,8.6154,,,,,
Papua New Guinea,PNG,2009,3.3306,,,,,
Paraguay,PRY,2009,4.4304,,,,,
Peru,PER,2009,42.3815,,,,,
Philippines,PHL,2009,78.5918,,,,,
Poland,POL,2009,295.122,,,,,
Portugal,PRT,2009,59.4677,,,,,
Qatar,QAT,2009,65.9023,,,,,
Romania,ROU,2009,82.6988,,,,,
Russian Federation,RUS,2009,1535.1724,,,,,
Rwanda,RWA,2009,0.5716,,,,,
Saint Kitts & Nevis,KNA,2009,0.2601,,,,,
Saint Lucia,LCA,2009,0.3847,,,,,
Saint Vincent & Grenadines,VCT,2009,0.2015,,,,,
Samoa,WSM,2009,0.1612,,,,,
Sao Tome & Principe,STP,2009,0.0916,,,,,
Saudi Arabia,SAU,2009,421.6481,,,,,
Senegal,SEN,2009,7.0561,,,,,
Serbia,SRB,2009,46.7406,,,,,
Seychelles,SYC,2009,0.7548,,,,,
Sierra Leone,SLE,2009,0.6522,,,,,
Singapore,SGP,2009,55.71,,,,,
Slovakia,SVK,2009,34.9807,,,,,
Slovenia,SVN,2009,15.6583,,,,,
Solomon Islands,SLB,2009,0.1979,,,,,
South Africa,ZAF,2009,370.1834,,,,,
Spain,ESP,2009,297.1936,,,,,
Sri Lanka,LKA,2009,12.8153,,,,,
Sudan,SDN,2009,15.3514,,,,,
Suriname,SUR,2009,2.4659,,,,,
Swaziland,SWZ,2009,1.0223,,,,,
Sweden,SWE,2009,43.2593,,,,,
Switzerland,CHE,2009,44.3432,,,,,
Syria,SYR,2009,60.3059,,,,,
Taiwan,TWN,2009,258.4126,,,,,
Tajikistan,TJK,2009,2.9089,,,,,
Tanzania,TZA,2009,6.3473,,,,,
Thailand,THA,2009,232.9425,,,,,
Togo,TGO,2009,1.5394,,,,,
Tonga,TON,2009,0.1722,,,,,
Trinidad & Tobago,TTO,2009,41.9851,,,,,
Tunisia,TUN,2009,25.7154,,,,,
Turkey,TUR,2009,283.2091,,,,,
Turkmenistan,TKM,2009,50.2196,,,,,
Uganda,UGA,2009,3.3636,,,,,
Ukraine,UKR,2009,257.2002,,,,,
United Arab Emirates,ARE,2009,161.8501,,,,,
United Kingdom,GBR,2009,469.8568,,,,,
United States of America,USA,2009,5226.4351,,,,,
Uruguay,URY,2009,7.9678,,,,,
Uzbekistan,UZB,2009,107.5248,,,,,
Vanuatu,VUT,2009,0.1172,,,,,
Venezuela,VEN,2009,191.4977,,,,,
Vietnam,VNM,2009,138.7281,,,,,
Yemen,YEM,2009,24.6767,,,,,
Zambia,ZMB,2009,2.1097,,,,,
Zimbabwe,ZWE,2009,8.2781,,,,,
World,WLD,2009,29690.6032,5380.099999999999,,,,
Afghanistan,AFG,2010,8.2257,,,,,
Albania,ALB,2010,4.3385,,,,,
Algeria,DZA,2010,117.5341,,,,,
Angola,AGO,2010,28.9668,,,,,
Antigua & Barbuda,ATG,2010,0.513,,,,,
Argentina,ARG,2010,184.4838,,,,,
Armenia,ARM,2010,4.2818,,,,,
Australia,AUS,2010,400.9607,,,,,
Austria,AUT,2010,72.1815,,,,,
Azerbaijan,AZE,2010,24.4575,,,,,
Bahamas,BHS,2010,2.4622,,,,,
Bahrain,BHR,2010,23.6672,,,,,
Bangladesh,BGD,2010,55.8115,,,,,
Barbados,BRB,2010,1.5022,,,,,
Belarus,BLR,2010,67.377,,,,,
Belgium,BEL,2010,112.3555,,,,,
Belize,BLZ,2010,0.4214,,,,,
Benin,BEN,2010,5.2475,,,,,
Bhutan,BTN,2010,0.4763,,,,,
Bolivia,BOL,2010,15.5162,,,,,
Bosnia & Herzegovina,BIH,2010,20.5227,,,,,
Botswana,BWA,2010,5.03,,,,,
Brazil,BRA,2010,422.4304,,,,,
Brunei,BRN,2010,8.0299,,,,,
Bulgaria,BGR,2010,45.8649,,,,,
Burkina Faso,BFA,2010,1.6818,,,,,
Burundi,BDI,2010,0.3114,,,,,
Cambodia,KHM,2010,4.1447,,,,,
Cameroon,CMR,2010,8.2773,,,,,
Canada,CAN,2010,536.9326,,,,,
Cape Verde,CPV,2010,0.3554,,,,,
Central African Republic,CAF,2010,0.2638,,,,,
Chad,TCD,2010,0.469,,,,,
Chile,CHL,2010,71.757,,,,,
China,CHN,2010,8189.4415,,,,,
Colombia,COL,2010,68.065,,,,,
Comoros,COM,2010,0.1392,,,,,
Congo,COG,2010,5.0888,,,,,
"Congo, Dem. Republic",COD,2010,3.1313,,,,,
Cook Islands,COK,2010,0.0696,,,,,
Costa Rica,CRI,2010,7.1675,,,,,
Cote d'Ivoire,CIV,2010,6.3292,,,,,
Croatia,HRV,2010,20.3364,,,,,
Cuba,CUB,2010,30.2598,,,,,
Cyprus,CYP,2010,7.8832,,,,,
Czech Republic,CZE,2010,116.0471,,,,,
Denmark,DNK,2010,48.2031,,,,,
Djibouti,DJI,2010,0.5386,,,,,
Dominica,DMA,2010,0.1356,,,,,
Dominican Republic,DOM,2010,19.7149,,,,,
Ecuador,ECU,2010,34.6159,,,,,
Egypt,EGY,2010,203.3727,,,,,
El Salvador,SLV,2010,6.4472,,,,,
Equatorial Guinea,GNQ,2010,5.2768,,,,,
Eritrea,ERI,2010,0.502,,,,,
Estonia,EST,2010,18.6569,,,,,
Ethiopia,ETH,2010,6.8047,,,,,
Fiji,FJI,2010,1.2897,,,,,
Finland,FIN,2010,63.744,,,,,
France,FRA,2010,365.8197,,,,,
Gabon,GAB,2010,4.2392,,,,,
Gambia,GMB,2010,0.4727,,,,,
Georgia,GEO,2010,5.3687,,,,,
Germany,DEU,2010,785.5263,,,,,
Ghana,GHA,2010,11.2077,,,,,
Greece,GRC,2010,91.6446,,,,,
Grenada,GRD,2010,0.2601,,,,,
Guatemala,GTM,2010,11.0575,,,,,
Guinea,GIN,2010,1.2348,,,,,
Guinea-Bissau,GNB,2010,0.2382,,,,,
Guyana,GUY,2010,1.7001,,,,,
Haiti,HTI,2010,2.1829,,,,,
Honduras,HND,2010,8.1977,,,,,
Hungary,HUN,2010,50.5438,,,,,
Iceland,ISL,2010,1.9996,,,,,
India,IND,2010,1816.8538,,,,,
Indonesia,IDN,2010,430.9949,,,,,
Iran,IRN,2010,563.4084,,,,,
Iraq,IRQ,2010,119.6788,,,,,
Ireland,IRL,2010,40.2271,,,,,
Israel,ISR,2010,70.664,,,,,
Italy,ITA,2010,416.5592,,,,,
Jamaica,JAM,2010,7.5291,,,,,
Japan,JPN,2010,1163.6873,,,,,
Jordan,JOR,2010,20.7632,,,,,
Kazakhstan,KAZ,2010,237.0306,,,,,
Kenya,KEN,2010,13.3376,,,,,
Kiribati,KIR,2010,0.0623,,,,,
Korea (North),PRK,2010,67.0077,,,,,
Korea (South),KOR,2010,588.0075,,,,,
Kuwait,KWT,2010,82.8715,,,,,
Kyrgyzstan,KGZ,2010,6.5704,,,,,
Laos,LAO,2010,1.8723,,,,,
Latvia,LVA,2010,8.6396,,,,,
Lebanon,LBN,2010,20.9251,,,,,
Lesotho,LSO,2010,0.5512,,,,,
Liberia,LBR,2010,0.7988,,,,,
Libya,LBY,2010,64.7171,,,,,
Lithuania,LTU,2010,13.734,,,,,
Luxembourg,LUX,2010,11.0986,,,,,
"Macedonia, FYR",MKD,2010,8.6643,,,,,
Madagascar,MDG,2010,2.0115,,,,,
Malawi,MWI,2010,1.2384,,,,,
Malaysia,MYS,2010,195.314,,,,,
Maldives,MDV,2010,1.0736,,,,,
Mali,MLI,2010,0.6229,,,,,
Malta,MLT,2010,2.47,,,,,
Mauritania,MRT,2010,2.2131,,,,,
Mauritius,MUS,2010,4.1147,,,,,
Mexico,MEX,2010,443.0186,,,,,
Moldova,MDA,2010,8.2781,,,,,
Mongolia,MNG,2010,12.7712,,,,,
Montenegro,MNE,2010,2.48,,,,,
Morocco,MAR,2010,53.1163,,,,,
Mozambique,MOZ,2010,2.9297,,,,,
Myanmar,MMR,2010,8.3891,,,,,
Namibia,NAM,2010,3.12,,,,,
Nauru,NRU,2010,0.0843,,,,,
Nepal,NPL,2010,4.1966,,,,,
Netherlands,NLD,2010,188.4132,,,,,
New Zealand,NZL,2010,31.9453,,,,,
Nicaragua,NIC,2010,4.7638,,,,,
Niger,NER,2010,1.4106,,,,,
Nigeria,NGA,2010,83.7919,,,,,
Niue,NIU,2010,0.0073,,,,,
Norway,NOR,2010,41.3118,,,,,
Oman,OMN,2010,61.43,,,,,
Pakistan,PAK,2010,150.3391,,,,,
Palau,PLW,2010,0.2162,,,,,
Panama,PAN,2010,9.2464,,,,,
Papua New Guinea,PNG,2010,3.1327,,,,,
Paraguay,PRY,2010,4.9904,,,,,
Peru,PER,2010,45.8642,,,,,
Philippines,PHL,2010,85.0278,,,,,
Poland,POL,2010,313.3684,,,,,
Portugal,PRT,2010,54.4634,,,,,
Qatar,QAT,2010,70.7323,,,,,
Romania,ROU,2010,79.0318,,,,,
Russian Federation,RUS,2010,1632.892,,,,,
Rwanda,RWA,2010,0.5899,,,,,
Saint Kitts & Nevis,KNA,2010,0.2492,,,,,
Saint Lucia,LCA,2010,0.403,,,,,
Saint Vincent & Grenadines,VCT,2010,0.2088,,,,,
Samoa,WSM,2010,0.1612,,,,,
Sao Tome & Principe,STP,2010,0.0989,,,,,
Saudi Arabia,SAU,2010,459.869,,,,,
Senegal,SEN,2010,7.0749,,,,,
Serbia,SRB,2010,47.2236,,,,,
Seychelles,SYC,2010,0.7035,,,,,
Sierra Leone,SLE,2010,0.6888,,,,,
Singapore,SGP,2010,64.28,,,,,
Slovakia,SVK,2010,36.6984,,,,,
Slovenia,SVN,2010,15.7983,,,,,
Solomon Islands,SLB,2010,0.2015,,,,,
South Africa,ZAF,2010,377.078,,,,,
Spain,ESP,2010,279.6155,,,,,
Sri Lanka,LKA,2010,14.1166,,,,,
Sudan,SDN,2010,15.75,,,,,
Suriname,SUR,2010,2.3816,,,,,
Swaziland,SWZ,2010,1.0223,,,,,
Sweden,SWE,2010,48.6536,,,,,
Switzerland,CHE,2010,45.8232,,,,,
Syria,SYR,2010,60.7338,,,,,
Taiwan,TWN,2010,278.3431,,,,,
Tajikistan,TJK,2010,3.0129,,,,,
Tanzania,TZA,2010,6.8366,,,,,
Thailand,THA,2010,254.3944,,,,,
Togo,TGO,2010,1.5794,,,,,
Tonga,TON,2010,0.1576,,,,,
Trinidad & Tobago,TTO,2010,44.4495,,,,,
Tunisia,TUN,2010,26.4017,,,,,
Turkey,TUR,2010,297.1466,,,,,
Turkmenistan,TKM,2010,57.1396,,,,,
Uganda,UGA,2010,3.7812,,,,,
Ukraine,UKR,2010,276.3419,,,,,
United Arab Emirates,ARE,2010,168.1154,,,,,
United Kingdom,GBR,2010,487.3331,,,,,
United States of America,USA,2010,5472.1245,,,,,
Uruguay,URY,2010,6.7378,,,,,
Uzbekistan,UZB,2010,104.8458,,,,,
Vanuatu,VUT,2010,0.1172,,,,,
Venezuela,VEN,2010,200.9048,,,,,
Vietnam,VNM,2010,155.8403,,,,,
Yemen,YEM,2010,26.1825,,,,,
Zambia,ZMB,2010,2.2383,,,,,
Zimbabwe,ZWE,2010,9.0181,,,,,
World,WLD,2010,31282.4666,5380.099999999999,,,,
Afghanistan,AFG,2011,6.5892,,,,,
Albania,ALB,2011,3.87,,,,,
Algeria,DZA,2011,121.3781,,,,,
Angola,AGO,2011,28.4594,,,,,
Antigua & Barbuda,ATG,2011,0.7316,,,,,
Argentina,ARG,2011,190.6464,,,,,
Armenia,ARM,2011,4.66,,,,,
Australia,AUS,2011,401.7505,,,,,
Austria,AUT,2011,70.6977,,,,,
Azerbaijan,AZE,2011,29.1403,,,,,
Bahamas,BHS,2011,4.734,,,,,
Bahrain,BHR,2011,22.68,,,,,
Bangladesh,BGD,2011,56.6115,,,,,
Barbados,BRB,2011,1.4417,,,,,
Belarus,BLR,2011,68.3812,,,,,
Belgium,BEL,2011,112.9245,,,,,
Belize,BLZ,2011,0.5363,,,,,
Benin,BEN,2011,4.68,,,,,
Bhutan,BTN,2011,0.3357,,,,,
Bolivia,BOL,2011,15.6316,,,,,
Bosnia & Herzegovina,BIH,2011,22.81,,,,,
Botswana,BWA,2011,4.69,,,,,
Brazil,BRA,2011,443.1569,,,,,
Brunei,BRN,2011,8.91,,,,,
Bulgaria,BGR,2011,50.6647,,,,,
Burkina Faso,BFA,2011,1.4544,,,,,
Burundi,BDI,2011,0.2047,,,,,
Cambodia,KHM,2011,4.03,,,,,
Cameroon,CMR,2011,7.7703,,,,,
Canada,CAN,2011,538.842,,,,,
Cape Verde,CPV,2011,0.43,,,,,
Central African Republic,CAF,2011,0.2939,,,,,
Chad,TCD,2011,0.2898,,,,,
Chile,CHL,2011,78.5036,,,,,
China,CHN,2011,9034.9716,,,,,
Colombia,COL,2011,73.2056,,,,,
Comoros,COM,2011,0.1484,,,,,
Congo,COG,2011,4.809,,,,,
"Congo, Dem. Republic",COD,2011,3.27,,,,,
Cook Islands,COK,2011,0.0754,,,,,
Costa Rica,CRI,2011,6.68,,,,,
Cote d'Ivoire,CIV,2011,5.89,,,,,
Croatia,HRV,2011,18.77,,,,,
Cuba,CUB,2011,28.0428,,,,,
Cyprus,CYP,2011,6.93,,,,,
Czech Republic,CZE,2011,114.5888,,,,,
Denmark,DNK,2011,42.8139,,,,,
Djibouti,DJI,2011,1.1498,,,,,
Dominica,DMA,2011,0.1416,,,,,
Dominican Republic,DOM,2011,18.03,,,,,
Ecuador,ECU,2011,34.8686,,,,,
Egypt,EGY,2011,211.5212,,,,,
El Salvador,SLV,2011,6.03,,,,,
Equatorial Guinea,GNQ,2011,5.2323,,,,,
Eritrea,ERI,2011,0.51,,,,,
Estonia,EST,2011,19.3,,,,,
Ethiopia,ETH,2011,5.86,,,,,
Fiji,FJI,2011,1.4447,,,,,
Finland,FIN,2011,56.134,,,,,
France,FRA,2011,338.1568,,,,,
Gabon,GAB,2011,4.7315,,,,,
Gambia,GMB,2011,0.4256,,,,,
Georgia,GEO,2011,6.26,,,,,
Germany,DEU,2011,765.9803,,,,,
Ghana,GHA,2011,10.82,,,,,
Greece,GRC,2011,90.6163,,,,,
Grenada,GRD,2011,0.269,,,,,
Guatemala,GTM,2011,10.44,,,,,
Guinea,GIN,2011,1.4194,,,,,
Guinea-Bissau,GNB,2011,0.4598,,,,,
Guyana,GUY,2011,1.6726,,,,,
Haiti,HTI,2011,2.13,,,,,
Honduras,HND,2011,7.63,,,,,
Hungary,HUN,2011,48.9838,,,,,
Iceland,ISL,2011,1.85,,,,,
India,IND,2011,1860.9249,,,,,
Indonesia,IDN,2011,447.1778,,,,,
Iran,IRN,2011,579.185,,,,,
Iraq,IRQ,2011,125.3038,,,,,
Ireland,IRL,2011,36.2271,,,,,
Israel,ISR,2011,69.8844,,,,,
Italy,ITA,2011,410.382,,,,,
Jamaica,JAM,2011,7.6,,,,,
Japan,JPN,2011,1211.6002,,,,,
Jordan,JOR,2011,19.8,,,,,
Kazakhstan,KAZ,2011,237.9868,,,,,
Kenya,KEN,2011,11.64,,,,,
Kiribati,KIR,2011,0.0593,,,,,
Korea (North),PRK,2011,64.82,,,,,
Korea (South),KOR,2011,611.7043,,,,,
Kuwait,KWT,2011,86.246,,,,,
Kyrgyzstan,KGZ,2011,6.67,,,,,
Laos,LAO,2011,1.4044,,,,,
Latvia,LVA,2011,7.58,,,,,
Lebanon,LBN,2011,18.49,,,,,
Lesotho,LSO,2011,0.4456,,,,,
Liberia,LBR,2011,0.588,,,,,
Libya,LBY,2011,37.1992,,,,,
Lithuania,LTU,2011,13.634,,,,,
Luxembourg,LUX,2011,10.43,,,,,
"Macedonia, FYR",MKD,2011,9.07,,,,,
Madagascar,MDG,2011,1.8428,,,,,
Malawi,MWI,2011,0.9569,,,,,
Malaysia,MYS,2011,205.9283,,,,,
Maldives,MDV,2011,1.0708,,,,,
Mali,MLI,2011,0.7423,,,,,
Malta,MLT,2011,2.47,,,,,
Mauritania,MRT,2011,1.7735,,,,,
Mauritius,MUS,2011,5.0595,,,,,
Mexico,MEX,2011,458.0599,,,,,
Moldova,MDA,2011,7.89,,,,,
Mongolia,MNG,2011,13.04,,,,,
Montenegro,MNE,2011,2.5,,,,,
Morocco,MAR,2011,50.16,,,,,
Mozambique,MOZ,2011,2.85,,,,,
Myanmar,MMR,2011,8.5249,,,,,
Namibia,NAM,2011,3.13,,,,,
Nauru,NRU,2011,0.1688,,,,,
Nepal,NPL,2011,4.06,,,,,
Netherlands,NLD,2011,175.8832,,,,,
New Zealand,NZL,2011,31.2073,,,,,
Nicaragua,NIC,2011,4.53,,,,,
Niger,NER,2011,1.2722,,,,,
Nigeria,NGA,2011,83.9225,,,,,
Niue,NIU,2011,0.0031,,,,,
Norway,NOR,2011,40.0973,,,,,
Oman,OMN,2011,65.1117,,,,,
Pakistan,PAK,2011,150.8645,,,,,
Panama,PAN,2011,9.36,,,,,
Papua New Guinea,PNG,2011,3.2786,,,,,
Paraguay,PRY,2011,4.91,,,,,
Peru,PER,2011,48.317,,,,,
Philippines,PHL,2011,85.717,,,,,
Poland,POL,2011,309.1206,,,,,
Portugal,PRT,2011,54.6981,,,,,
Qatar,QAT,2011,78.7819,,,,,
Romania,ROU,2011,85.2678,,,,,
Russian Federation,RUS,2011,1712.1531,,,,,
Rwanda,RWA,2011,0.8651,,,,,
Saint Kitts & Nevis,KNA,2011,0.3027,,,,,
Saint Lucia,LCA,2011,0.4249,,,,,
Saint Vincent & Grenadines,VCT,2011,0.1989,,,,,
Samoa,WSM,2011,0.1466,,,,,
Sao Tome & Principe,STP,2011,0.1516,,,,,
Saudi Arabia,SAU,2011,481.3978,,,,,
Senegal,SEN,2011,5.67,,,,,
Serbia,SRB,2011,49.78,,,,,
Seychelles,SYC,2011,1.0878,,,,,
Sierra Leone,SLE,2011,1.4923,,,,,
Singapore,SGP,2011,64.77,,,,,
Slovakia,SVK,2011,35.3244,,,,,
Slovenia,SVN,2011,15.26,,,,,
Solomon Islands,SLB,2011,0.2032,,,,,
South Africa,ZAF,2011,374.2949,,,,,
Spain,ESP,2011,280.2345,,,,,
Sri Lanka,LKA,2011,14.98,,,,,
Sudan,SDN,2011,14.51,,,,,
Suriname,SUR,2011,2.3347,,,,,
Swaziland,SWZ,2011,1.0244,,,,,
Sweden,SWE,2011,46.3436,,,,,
Switzerland,CHE,2011,41.7536,,,,,
Syria,SYR,2011,53.6223,,,,,
Taiwan,TWN,2011,273.0577,,,,,
Tajikistan,TJK,2011,2.99,,,,,
Tanzania,TZA,2011,6.26,,,,,
Thailand,THA,2011,261.4656,,,,,
Togo,TGO,2011,1.25,,,,,
Tonga,TON,2011,0.1546,,,,,
Trinidad & Tobago,TTO,2011,42.4695,,,,,
Tunisia,TUN,2011,21.5791,,,,,
Turkey,TUR,2011,317.3295,,,,,
Turkmenistan,TKM,2011,62.1496,,,,,
Uganda,UGA,2011,3.2443,,,,,
Ukraine,UKR,2011,290.599,,,,,
United Arab Emirates,ARE,2011,176.1489,,,,,
United Kingdom,GBR,2011,447.9571,,,,,
United States of America,USA,2011,5333.0553,,,,,
Uruguay,URY,2011,7.57,,,,,
Uzbekistan,UZB,2011,113.7097,,,,,
Vanuatu,VUT,2011,0.149,,,,,
Venezuela,VEN,2011,181.7876,,,,,
Vietnam,VNM,2011,164.6973,,,,,
Yemen,YEM,2011,21.2786,,,,,
Zambia,ZMB,2011,2.1,,,,,
Zimbabwe,ZWE,2011,9.46,,,,,
World,WLD,2011,32273.7324,5380.099999999999,,,,
World,WLD,2012,,,36501.666666666744,35409.0,34404.333333333256,38368.0
World,WLD,2013,,,36637.333333333256,35662.0,34389.666666666744,39277.33333333349
World,WLD,2014,,,36780.33333333349,35918.66666666651,34378.66666666651,40183.0
World,WLD,2015,,,36919.66666666651,36171.666666666744,34367.666666666744,41092.33333333302
World,WLD,2016,,,37062.66666666651,36428.333333333256,34356.666666666744,41998.0
World,WLD,2017,,,37202.0,36681.33333333349,34342.0,42907.33333333349
World,WLD,2018,,,37341.33333333349,36934.33333333302,34331.0,43813.0
World,WLD,2019,,,37480.66666666651,37191.0,34320.0,44718.66666666651
World,WLD,2020,,,37620.0,37444.0,34309.0,45628.0
World,WLD,2021,,,36773.0,37796.0,34338.33333333302,46401.66666666698
World,WLD,2022,,,35926.0,38148.0,34367.66666666698,47175.33333333302
World,WLD,2023,,,35075.33333333349,38500.0,34397.0,47949.0
World,WLD,2024,,,34228.33333333349,38848.33333333349,34426.33333333302,48722.66666666698
World,WLD,2025,,,33377.66666666651,39200.33333333349,34455.66666666698,49496.33333333302
World,WLD,2026,,,32530.66666666651,39552.33333333302,34488.66666666651,50270.0
World,WLD,2027,,,31680.0,39900.66666666698,34514.33333333349,51043.66666666698
World,WLD,2028,,,30829.33333333349,40252.66666666651,34547.33333333302,51821.0
World,WLD,2029,,,29986.0,40604.66666666651,34573.0,52591.0
World,WLD,2030,,,29131.66666666651,40956.66666666698,34606.0,53364.66666666651
World,WLD,2031,,,28064.666666666977,41088.66666666651,35119.33333333349,54420.66666666651
World,WLD,2032,,,26994.0,41224.33333333349,35632.66666666651,55473.0
World,WLD,2033,,,25919.66666666651,41360.0,36149.66666666698,56532.66666666698
World,WLD,2034,,,24849.0,41492.0,36663.0,57585.0
World,WLD,2035,,,23778.33333333349,41627.66666666651,37176.33333333302,58637.33333333302
World,WLD,2036,,,22704.0,41763.33333333349,37689.66666666698,59697.0
World,WLD,2037,,,21637.0,41899.0,38203.0,60749.33333333349
World,WLD,2038,,,20562.66666666651,42031.0,38720.0,61805.33333333349
World,WLD,2039,,,19492.0,42166.66666666651,39233.33333333302,62861.33333333302
World,WLD,2040,,,18421.33333333349,42302.33333333349,39746.66666666698,63917.33333333349
World,WLD,2041,,,17820.0,42207.0,40384.66666666651,65142.0
World,WLD,2042,,,17222.333333333023,42111.66666666651,41026.33333333349,66374.0
World,WLD,2043,,,16621.0,42020.0,41660.66666666651,67598.66666666651
World,WLD,2044,,,16019.666666666977,41924.66666666651,42298.66666666651,68834.33333333349
World,WLD,2045,,,15418.333333333023,41829.33333333349,42936.66666666698,70033.33333333395
World,WLD,2046,,,14820.666666666977,41737.66666666651,43574.66666666651,71316.66666666558
World,WLD,2047,,,14219.333333333023,41638.66666666698,44212.66666666651,72490.00000000047
World,WLD,2048,,,13618.0,41550.66666666651,44850.66666666698,73736.66666666651
World,WLD,2049,,,13016.666666666977,41451.66666666651,45488.66666666651,74983.33333333349
World,WLD,2050,,,12419.0,41360.0,46126.66666666651,76193.33333333349
World,WLD,2051,,,11924.0,40740.33333333349,46856.33333333349,77403.33333333302
World,WLD,2052,,,11425.333333333023,40117.0,47582.33333333349,78613.33333333302
World,WLD,2053,,,10930.333333333489,39493.66666666651,48312.0,79860.0
World,WLD,2054,,,10435.333333333489,38874.0,49038.0,81070.0
World,WLD,2055,,,9936.666666666511,38258.0,49767.66666666651,82280.0
World,WLD,2056,,,9445.333333333489,37620.0,50486.33333333349,83490.0
World,WLD,2057,,,8946.666666666511,37033.333333333954,51223.33333333302,84700.0
World,WLD,2058,,,8451.666666666511,36373.33333333256,51956.66666666651,85910.0
World,WLD,2059,,,7953.0,35750.0,52690.000000000466,87156.66666666698
World,WLD,2060,,,7461.666666666977,35163.33333333349,53423.33333333302,88366.66666666698
World,WLD,2061,,,6952.0,34283.33333333349,54083.33333333349,89173.33333333302
World,WLD,2062,,,6449.666666666511,33403.33333333349,54816.66666666651,90016.66666666698
World,WLD,2063,,,5940.0,32560.0,55513.33333333349,90860.0
World,WLD,2064,,,5434.0,31680.0,56210.0,91703.33333333302
World,WLD,2065,,,4928.0,30800.0,56906.66666666651,92546.66666666698
World,WLD,2066,,,4422.0,29956.66666666651,57603.33333333302,93353.33333333302
World,WLD,2067,,,3916.0,29076.66666666651,58336.66666666698,94196.66666666698
World,WLD,2068,,,3410.0,28196.666666666977,58996.66666666698,95040.0
World,WLD,2069,,,2904.0,27353.333333333023,59730.0,95883.33333333302
World,WLD,2070,,,2398.0,26510.0,60390.0,96690.0
World,WLD,2071,,,2200.0,25336.666666666977,60830.0,97203.33333333302
World,WLD,2072,,,2005.6666666665114,24273.333333333023,61160.0,97680.0
World,WLD,2073,,,1807.666666666977,23136.666666666977,61563.33333333302,98193.33333333395
World,WLD,2074,,,1609.6666666665114,22036.666666666046,61966.66666666698,98670.0
World,WLD,2075,,,1411.6666666665114,20936.666666666977,62333.33333333302,99146.66666666605
World,WLD,2076,,,1217.3333333334886,19800.0,62736.66666666698,99660.0
World,WLD,2077,,,1019.3333333334886,18700.0,63103.33333333302,100136.66666666698
World,WLD,2078,,,821.3333333330229,17600.0,63470.0,100650.0
World,WLD,2079,,,627.0,16463.333333333023,63873.33333333302,101126.66666666698
World,WLD,2080,,,429.0,15363.333333333954,64276.66666666698,101640.0
World,WLD,2081,,,289.6666666669771,15363.333333333023,63140.0,101896.66666666605
World,WLD,2082,,,146.66666666651145,15400.0,62076.66666666698,102226.66666666698
World,WLD,2083,,,3.6666666665114462,15400.0,61013.33333333302,102520.0
World,WLD,2084,,,-135.66666666651145,15400.0,59876.66666666698,102813.33333333302
World,WLD,2085,,,-275.0,15400.0,58813.33333333302,103143.33333333395
World,WLD,2086,,,-418.0,15436.666666666977,57750.0,103400.0
World,WLD,2087,,,-561.0,15436.666666666046,56613.33333333302,103729.99999999907
World,WLD,2088,,,-700.3333333334886,15436.666666666977,55550.0,103986.66666666698
World,WLD,2089,,,-839.6666666665114,15473.333333333023,54486.66666666698,104316.66666666698
World,WLD,2090,,,-982.6666666665114,15473.333333333954,53350.0,104610.0
World,WLD,2091,,,-1037.666666666977,15473.333333333023,53166.66666666698,104720.0
World,WLD,2092,,,-1096.333333333023,15510.0,52910.0,104830.0
World,WLD,2093,,,-1147.666666666977,15510.0,52690.0,104940.0
World,WLD,2094,,,-1206.333333333023,15510.0,52433.33333333302,105013.33333333302
World,WLD,2095,,,-1261.3333333334886,15510.0,52250.0,105160.0
World,WLD,2096,,,-1312.6666666665114,15546.666666666977,51993.33333333302,105233.33333333395
World,WLD,2097,,,-1371.3333333334886,15546.666666666046,51773.333333333954,105343.33333333209
World,WLD,2098,,,-1430.0,15546.666666666977,51553.33333333302,105453.33333333395
World,WLD,2099,,,-1481.3333333334886,15583.333333333023,51333.33333333302,105563.33333333395
World,WLD,2100,,,-1540.0,15583.333333333954,51076.66666666698,105673.33333333209
World,WLD,2101,,,-1609.6666666665114,15180.0,50343.33333333302,105636.66666666791
World,WLD,2102,,,-1690.3333333334886,14740.0,49536.66666666698,105636.66666666605
World,WLD,2103,,,-1763.6666666665114,14300.0,48730.0,105636.66666666605
World,WLD,2104,,,-1837.0,13933.333333333023,47996.66666666698,105600.0
World,WLD,2105,,,-1914.0,13493.333333333023,47190.0,105600.0
World,WLD,2106,,,-1987.3333333334886,13053.333333333954,46420.0,105600.0
World,WLD,2107,,,-2064.333333333023,12650.0,45650.0,105600.0
World,WLD,2108,,,-2137.666666666977,12246.666666666046,44880.0,105563.33333333395
World,WLD,2109,,,-2211.0,11806.666666666977,44073.33333333302,105563.33333333395
World,WLD,2110,,,-2288.0,11403.333333333023,43303.33333333302,105563.33333333209
World,WLD,2111,,,-2365.0,11110.0,42533.333333333954,105526.66666666791
World,WLD,2112,,,-2438.333333333023,10816.666666666977,41763.33333333302,105526.66666666605
World,WLD,2113,,,-2511.666666666977,10486.666666666977,40956.66666666698,105526.66666666605
World,WLD,2114,,,-2588.6666666665114,10230.0,40223.33333333302,105490.0
World,WLD,2115,,,-2662.0,9900.0,39416.66666666698,105490.0
World,WLD,2116,,,-2739.0,9606.666666666046,38610.0,105490.0
World,WLD,2117,,,-2812.3333333334886,9313.333333333954,37876.666666666046,105453.33333333395
World,WLD,2118,,,-2889.333333333023,8983.333333333023,37070.0,105490.0
World,WLD,2119,,,-2962.666666666977,8726.666666666977,36300.0,105416.66666666605
World,WLD,2120,,,-3036.0,8396.666666666046,35530.0,105453.33333333395
World,WLD,2121,,,-3113.0,8286.666666666977,34760.0,105416.66666666605
World,WLD,2122,,,-3190.0,8176.666666666977,33953.333333333954,105416.66666666791
World,WLD,2123,,,-3263.333333333023,8030.0,33183.33333333302,105416.66666666605
World,WLD,2124,,,-3336.666666666977,7956.666666666046,32413.333333333023,105380.0
World,WLD,2125,,,-3413.6666666665114,7810.0,31643.333333333954,105380.0
World,WLD,2126,,,-3413.6666666665114,7663.333333333954,30873.333333333023,105380.0
World,WLD,2127,,,-3413.666666666977,7553.333333333023,30103.333333333023,105380.0
World,WLD,2128,,,-3410.0,7443.333333333023,29406.666666666977,105380.0
World,WLD,2129,,,-3413.6666666665114,7333.333333333954,28600.0,105380.0
World,WLD,2130,,,-3413.6666666665114,7223.333333333023,27866.666666666977,105380.0
World,WLD,2131,,,-3413.666666666977,7076.666666666977,27133.333333333023,105380.0
World,WLD,2132,,,-3410.0,7040.0,26363.333333333023,105380.0
World,WLD,2133,,,-3413.6666666665114,6893.333333333023,25630.0,105380.0
World,WLD,2134,,,-3413.6666666665114,6856.666666666977,24860.0,105380.0
World,WLD,2135,,,-3413.666666666977,6710.0,24126.666666666977,105380.0
World,WLD,2136,,,-3413.6666666665114,6636.666666666046,23356.666666666977,105380.0
World,WLD,2137,,,-3410.0,6563.333333333954,22586.666666665114,105380.0
World,WLD,2138,,,-3413.6666666665114,6453.333333333023,21853.333333333954,105380.0
World,WLD,2139,,,-3413.666666666977,6343.333333333023,21120.00000000093,105380.0
World,WLD,2140,,,-3413.6666666665114,6270.0,20349.99999999907,105380.0
World,WLD,2141,,,-3413.6666666665114,6196.666666666977,19616.66666666791,105380.0
World,WLD,2142,,,-3410.0,6050.0,18846.666666666046,105380.0
World,WLD,2143,,,-3413.666666666977,6013.333333333023,18076.666666666977,105380.0
World,WLD,2144,,,-3413.6666666665114,5866.666666666977,17343.333333333023,105380.0
World,WLD,2145,,,-3413.6666666665114,5793.333333333023,16610.0,105380.0
World,WLD,2146,,,-3410.0,5683.333333333954,15840.0,105380.0
World,WLD,2147,,,-3413.666666666977,5610.0,15070.0,105380.0
World,WLD,2148,,,-3413.6666666665114,5500.0,14336.666666666977,105380.0
World,WLD,2149,,,-3413.6666666665114,5610.0,13090.0,105380.0
World,WLD,2150,,,-3413.666666666977,5683.333333333023,12870.0,105380.0
World,WLD,2151,,,-3410.0,5683.333333333023,12576.666666666046,104390.0
World,WLD,2152,,,-3413.6666666665114,5720.0,12393.333333333954,103400.0
World,WLD,2153,,,-3413.6666666665114,5683.333333333954,12136.666666666046,102410.0
World,WLD,2154,,,-3413.666666666977,5683.333333333023,11916.666666666977,101420.0
World,WLD,2155,,,-3413.6666666665114,5646.666666666977,11733.333333333023,100430.0
World,WLD,2156,,,-3410.0,5610.0,11550.0,99440.0
World,WLD,2157,,,-3413.6666666665114,5573.333333333023,11403.333333333954,98486.66666666605
World,WLD,2158,,,-3413.666666666977,5573.333333333023,11220.0,97460.00000000186
World,WLD,2159,,,-3413.6666666665114,5500.0,11036.666666666046,96469.99999999814
World,WLD,2160,,,-3410.0,5500.0,10853.333333333954,95480.0
World,WLD,2161,,,-3413.6666666665114,5426.666666666977,10706.666666666046,94490.00000000186
World,WLD,2162,,,-3413.666666666977,5390.0,10560.0,93536.66666666605
World,WLD,2163,,,-3413.6666666665114,5353.333333333023,10413.333333333954,92510.0
World,WLD,2164,,,-3413.6666666665114,5316.666666666977,10266.666666666046,91520.0
World,WLD,2165,,,-3410.0,5280.0,10120.0,90530.0
World,WLD,2166,,,-3413.666666666977,5243.333333333023,10010.0,89576.66666666605
World,WLD,2167,,,-3413.6666666665114,5170.0,9863.333333333954,88550.0
World,WLD,2168,,,-3413.6666666665114,5170.0,9716.666666666046,87596.66666666605
World,WLD,2169,,,-3413.666666666977,5096.666666666977,9643.333333333954,86570.0
World,WLD,2170,,,-3410.0,5060.0,9460.0,85580.0
World,WLD,2171,,,-3413.6666666665114,5023.333333333023,9386.666666666046,84626.66666666791
World,WLD,2172,,,-3413.6666666665114,4986.666666666977,9276.666666666977,83600.0
World,WLD,2173,,,-3413.666666666977,4950.0,9130.0,82646.66666666605
World,WLD,2174,,,-3410.0,4913.333333333023,9056.666666666977,81620.0
World,WLD,2175,,,-3413.6666666665114,4876.666666666977,8946.666666666046,80666.66666666605
World,WLD,2176,,,-3413.6666666665114,4840.0,8800.0,79640.0
World,WLD,2177,,,-3413.666666666977,4803.333333333023,8763.333333333954,78686.66666666791
World,WLD,2178,,,-3413.6666666665114,4766.666666666977,8616.666666666046,77660.0
World,WLD,2179,,,-3410.0,4730.0,8543.333333333954,76706.66666666418
World,WLD,2180,,,-3413.6666666665114,4693.333333333023,8433.333333333023,75716.66666666791
World,WLD,2181,,,-3413.666666666977,4656.666666666977,8360.0,74690.0
World,WLD,2182,,,-3413.6666666665114,4620.0,8250.0,73736.66666666791
World,WLD,2183,,,-3413.6666666665114,4583.333333333023,8176.666666666977,72746.66666666418
World,WLD,2184,,,-3410.0,4546.666666666977,8103.333333333023,71720.0
World,WLD,2185,,,-3413.666666666977,4546.666666666977,7993.333333333023,70766.66666666791
World,WLD,2186,,,-3413.6666666665114,4473.333333333023,7956.666666666977,69776.66666666791
World,WLD,2187,,,-3413.6666666665114,4473.333333333023,7846.666666666977,68750.0
World,WLD,2188,,,-3410.0,4436.666666666977,7773.333333333023,67796.66666666418
World,WLD,2189,,,-3413.666666666977,4400.0,7663.333333333023,66806.66666666791
World,WLD,2190,,,-3413.6666666665114,4363.333333333023,7626.666666666977,65816.66666666791
World,WLD,2191,,,-3413.6666666665114,4326.666666666977,7553.333333333023,64826.66666666418
World,WLD,2192,,,-3413.666666666977,4290.0,7480.0,63836.66666666791
World,WLD,2193,,,-3410.0,4290.0,7406.666666666977,62810.0
World,WLD,2194,,,-3413.6666666665114,4253.333333333023,7333.333333333023,61856.66666666791
World,WLD,2195,,,-3413.6666666665114,4216.666666666977,7260.0,60866.66666666418
World,WLD,2196,,,-3413.666666666977,4216.666666666977,7223.333333333954,59876.66666666791
World,WLD,2197,,,-3413.6666666665114,4180.0,7113.333333333023,58886.66666666791
World,WLD,2198,,,-3410.0,4143.333333333023,7076.666666666977,57896.66666666418
World,WLD,2199,,,-3413.6666666665114,4106.666666666977,7040.0,56906.66666666791
World,WLD,2200,,,-3413.666666666977,4070.0,6966.666666666046,55916.66666666791
